﻿Data Table for Cumulative COVID-19 Hospitalizations - Alabama
Date generated: Thu Mar 21 2024 17:35:26 GMT-0500 (Central Daylight Time)
Geography,Date,Cumulative COVID-19 Hospitalizations
Alabama,Mar  9 2024,127787
Alabama,Mar  2 2024,127482
Alabama,Feb 24 2024,127123
Alabama,Feb 17 2024,126679
Alabama,Feb 10 2024,126243
Alabama,Feb  3 2024,125913
Alabama,Jan 27 2024,125571
Alabama,Jan 20 2024,125169
Alabama,Jan 13 2024,124795
Alabama,Jan  6 2024,124325
Alabama,Dec 30 2023,123796
Alabama,Dec 23 2023,123271
Alabama,Dec 16 2023,122850
Alabama,Dec  9 2023,122461
Alabama,Dec  2 2023,122129
Alabama,Nov 25 2023,121852
Alabama,Nov 18 2023,121632
Alabama,Nov 11 2023,121413
Alabama,Nov  4 2023,121170
Alabama,Oct 28 2023,120969
Alabama,Oct 21 2023,120706
Alabama,Oct 14 2023,120483
Alabama,Oct  7 2023,120288
Alabama,Sep 30 2023,120066
Alabama,Sep 23 2023,119793
Alabama,Sep 16 2023,119443
Alabama,Sep  9 2023,119063
Alabama,Sep  2 2023,118596
Alabama,Aug 26 2023,118130
Alabama,Aug 19 2023,117694
Alabama,Aug 12 2023,117320
Alabama,Aug  5 2023,117054
Alabama,Jul 29 2023,116794
Alabama,Jul 22 2023,116594
Alabama,Jul 15 2023,116425
Alabama,Jul  8 2023,116271
Alabama,Jul  1 2023,116167
Alabama,Jun 24 2023,116074
Alabama,Jun 17 2023,115956
Alabama,Jun 10 2023,115841
Alabama,Jun  3 2023,115714
Alabama,May 27 2023,115580
Alabama,May 20 2023,115436
Alabama,May 13 2023,115285
Alabama,May  6 2023,115144
Alabama,Apr 29 2023,114976
Alabama,Apr 22 2023,114782
Alabama,Apr 15 2023,114620
Alabama,Apr  8 2023,114439
Alabama,Apr  1 2023,114226
Alabama,Mar 25 2023,114016
Alabama,Mar 18 2023,113756
Alabama,Mar 11 2023,113537
Alabama,Mar  4 2023,113300
Alabama,Feb 25 2023,112966
Alabama,Feb 18 2023,112565
Alabama,Feb 11 2023,112110
Alabama,Feb  4 2023,111620
Alabama,Jan 28 2023,111144
Alabama,Jan 21 2023,110661
Alabama,Jan 14 2023,110158
Alabama,Jan  7 2023,109589
Alabama,Dec 31 2022,108853
Alabama,Dec 24 2022,108130
Alabama,Dec 17 2022,107578
Alabama,Dec 10 2022,107141
Alabama,Dec  3 2022,106725
Alabama,Nov 26 2022,106304
Alabama,Nov 19 2022,106058
Alabama,Nov 12 2022,105818
Alabama,Nov  5 2022,105596
Alabama,Oct 29 2022,105372
Alabama,Oct 22 2022,105116
Alabama,Oct 15 2022,104869
Alabama,Oct  8 2022,104637
Alabama,Oct  1 2022,104363
Alabama,Sep 24 2022,104075
Alabama,Sep 17 2022,103754
Alabama,Sep 10 2022,103318
Alabama,Sep  3 2022,102768
Alabama,Aug 27 2022,102093
Alabama,Aug 20 2022,101400
Alabama,Aug 13 2022,100693
Alabama,Aug  6 2022,99878
Alabama,Jul 30 2022,99119
Alabama,Jul 23 2022,98290
Alabama,Jul 16 2022,97441
Alabama,Jul  9 2022,96641
Alabama,Jul  2 2022,95988
Alabama,Jun 25 2022,95363
Alabama,Jun 18 2022,94837
Alabama,Jun 11 2022,94448
Alabama,Jun  4 2022,94139
Alabama,May 28 2022,93821
Alabama,May 21 2022,93635
Alabama,May 14 2022,93460
Alabama,May  7 2022,93296
Alabama,Apr 30 2022,93190
Alabama,Apr 23 2022,93058
Alabama,Apr 16 2022,92954
Alabama,Apr  9 2022,92857
Alabama,Apr  2 2022,92737
Alabama,Mar 26 2022,92607
Alabama,Mar 19 2022,92461
Alabama,Mar 12 2022,92251
Alabama,Mar  5 2022,91925
Alabama,Feb 26 2022,91477
Alabama,Feb 19 2022,90772
Alabama,Feb 12 2022,89778
Alabama,Feb  5 2022,88148
Alabama,Jan 29 2022,85850
Alabama,Jan 22 2022,82918
Alabama,Jan 15 2022,80234
Alabama,Jan  8 2022,77880
Alabama,Jan  1 2022,76100
Alabama,Dec 25 2021,75125
Alabama,Dec 18 2021,74646
Alabama,Dec 11 2021,74294
Alabama,Dec  4 2021,73978
Alabama,Nov 27 2021,73644
Alabama,Nov 20 2021,73389
Alabama,Nov 13 2021,73120
Alabama,Nov  6 2021,72826
Alabama,Oct 30 2021,72535
Alabama,Oct 23 2021,72157
Alabama,Oct 16 2021,71717
Alabama,Oct  9 2021,71155
Alabama,Oct  2 2021,70431
Alabama,Sep 25 2021,69608
Alabama,Sep 18 2021,68431
Alabama,Sep 11 2021,66617
Alabama,Sep  4 2021,64336
Alabama,Aug 28 2021,61711
Alabama,Aug 21 2021,59233
Alabama,Aug 14 2021,56682
Alabama,Aug  7 2021,54154
Alabama,Jul 31 2021,52111
Alabama,Jul 24 2021,50329
Alabama,Jul 17 2021,49253
Alabama,Jul 10 2021,48750
Alabama,Jul  3 2021,48439
Alabama,Jun 26 2021,47959
Alabama,Jun 19 2021,47753
Alabama,Jun 12 2021,47568
Alabama,Jun  5 2021,47352
Alabama,May 29 2021,47083
Alabama,May 22 2021,46740
Alabama,May 15 2021,46379
Alabama,May  8 2021,45893
Alabama,May  1 2021,45435
Alabama,Apr 24 2021,45041
Alabama,Apr 17 2021,44582
Alabama,Apr 10 2021,44219
Alabama,Apr  3 2021,43839
Alabama,Mar 27 2021,43446
Alabama,Mar 20 2021,42987
Alabama,Mar 13 2021,42471
Alabama,Mar  6 2021,42010
Alabama,Feb 27 2021,41453
Alabama,Feb 20 2021,40735
Alabama,Feb 13 2021,39817
Alabama,Feb  6 2021,38602
Alabama,Jan 30 2021,37075
Alabama,Jan 23 2021,35267
Alabama,Jan 16 2021,33072
Alabama,Jan  9 2021,30417
Alabama,Jan  2 2021,27472
Alabama,Dec 26 2020,24740
Alabama,Dec 19 2020,22177
Alabama,Dec 12 2020,19717
Alabama,Dec  5 2020,17588
Alabama,Nov 28 2020,15700
Alabama,Nov 21 2020,14222
Alabama,Nov 14 2020,12876
Alabama,Nov  7 2020,11607
Alabama,Oct 31 2020,10536
Alabama,Oct 24 2020,9450
Alabama,Oct 17 2020,8470
Alabama,Oct 10 2020,7617
Alabama,Oct  3 2020,6846
Alabama,Sep 26 2020,6128
Alabama,Sep 19 2020,5350
Alabama,Sep 12 2020,4647
Alabama,Sep  5 2020,3897
Alabama,Aug 29 2020,3068
Alabama,Aug 22 2020,2214
Alabama,Aug 15 2020,1439
Alabama,Aug  8 2020,780
Alabama,Aug  1 2020,N/A
Alabama,Jul 25 2020,N/A
Alabama,Jul 18 2020,N/A
Alabama,Jul 11 2020,N/A
Alabama,Jul  4 2020,N/A
Alabama,Jun 27 2020,N/A
Alabama,Jun 20 2020,N/A
Alabama,Jun 13 2020,N/A
Alabama,Jun  6 2020,N/A
Alabama,May 30 2020,N/A
Alabama,May 23 2020,N/A
Alabama,May 16 2020,N/A
Alabama,May  9 2020,N/A
Alabama,May  2 2020,N/A
Alabama,Apr 25 2020,N/A
Alabama,Apr 18 2020,N/A
Alabama,Apr 11 2020,N/A
Alabama,Apr  4 2020,N/A
Alabama,Mar 28 2020,N/A
Alabama,Mar 21 2020,N/A
Alabama,Mar 14 2020,N/A
Alabama,Mar  7 2020,N/A
Alabama,Feb 29 2020,N/A
Alabama,Feb 22 2020,N/A
Alabama,Feb 15 2020,N/A
Alabama,Feb  8 2020,N/A
Alabama,Feb  1 2020,N/A
Alabama,Jan 25 2020,N/A
Alabama,Jan 18 2020,N/A
Alabama,Jan 11 2020,N/A
