﻿Data Table for Cumulative COVID-19 Hospitalizations - Alaska
Date generated: Thu Mar 21 2024 17:35:55 GMT-0500 (Central Daylight Time)
Geography,Date,Cumulative COVID-19 Hospitalizations
Alaska,Mar  9 2024,10503
Alaska,Mar  2 2024,10473
Alaska,Feb 24 2024,10452
Alaska,Feb 17 2024,10424
Alaska,Feb 10 2024,10385
Alaska,Feb  3 2024,10333
Alaska,Jan 27 2024,10278
Alaska,Jan 20 2024,10238
Alaska,Jan 13 2024,10194
Alaska,Jan  6 2024,10157
Alaska,Dec 30 2023,10121
Alaska,Dec 23 2023,10087
Alaska,Dec 16 2023,10066
Alaska,Dec  9 2023,10043
Alaska,Dec  2 2023,10025
Alaska,Nov 25 2023,10002
Alaska,Nov 18 2023,9987
Alaska,Nov 11 2023,9968
Alaska,Nov  4 2023,9936
Alaska,Oct 28 2023,9916
Alaska,Oct 21 2023,9900
Alaska,Oct 14 2023,9884
Alaska,Oct  7 2023,9854
Alaska,Sep 30 2023,9829
Alaska,Sep 23 2023,9808
Alaska,Sep 16 2023,9784
Alaska,Sep  9 2023,9746
Alaska,Sep  2 2023,9711
Alaska,Aug 26 2023,9677
Alaska,Aug 19 2023,9656
Alaska,Aug 12 2023,9636
Alaska,Aug  5 2023,9603
Alaska,Jul 29 2023,9584
Alaska,Jul 22 2023,9559
Alaska,Jul 15 2023,9538
Alaska,Jul  8 2023,9512
Alaska,Jul  1 2023,9487
Alaska,Jun 24 2023,9465
Alaska,Jun 17 2023,9440
Alaska,Jun 10 2023,9417
Alaska,Jun  3 2023,9385
Alaska,May 27 2023,9366
Alaska,May 20 2023,9344
Alaska,May 13 2023,9334
Alaska,May  6 2023,9306
Alaska,Apr 29 2023,9277
Alaska,Apr 22 2023,9253
Alaska,Apr 15 2023,9231
Alaska,Apr  8 2023,9205
Alaska,Apr  1 2023,9172
Alaska,Mar 25 2023,9136
Alaska,Mar 18 2023,9096
Alaska,Mar 11 2023,9056
Alaska,Mar  4 2023,9029
Alaska,Feb 25 2023,8979
Alaska,Feb 18 2023,8945
Alaska,Feb 11 2023,8905
Alaska,Feb  4 2023,8861
Alaska,Jan 28 2023,8819
Alaska,Jan 21 2023,8770
Alaska,Jan 14 2023,8723
Alaska,Jan  7 2023,8687
Alaska,Dec 31 2022,8648
Alaska,Dec 24 2022,8616
Alaska,Dec 17 2022,8591
Alaska,Dec 10 2022,8547
Alaska,Dec  3 2022,8497
Alaska,Nov 26 2022,8453
Alaska,Nov 19 2022,8411
Alaska,Nov 12 2022,8383
Alaska,Nov  5 2022,8348
Alaska,Oct 29 2022,8323
Alaska,Oct 22 2022,8292
Alaska,Oct 15 2022,8273
Alaska,Oct  8 2022,8233
Alaska,Oct  1 2022,8201
Alaska,Sep 24 2022,8157
Alaska,Sep 17 2022,8117
Alaska,Sep 10 2022,8064
Alaska,Sep  3 2022,7996
Alaska,Aug 27 2022,7922
Alaska,Aug 20 2022,7831
Alaska,Aug 13 2022,7743
Alaska,Aug  6 2022,7634
Alaska,Jul 30 2022,7529
Alaska,Jul 23 2022,7414
Alaska,Jul 16 2022,7311
Alaska,Jul  9 2022,7214
Alaska,Jul  2 2022,7129
Alaska,Jun 25 2022,7038
Alaska,Jun 18 2022,6939
Alaska,Jun 11 2022,6871
Alaska,Jun  4 2022,6800
Alaska,May 28 2022,6737
Alaska,May 21 2022,6670
Alaska,May 14 2022,6627
Alaska,May  7 2022,6577
Alaska,Apr 30 2022,6532
Alaska,Apr 23 2022,6488
Alaska,Apr 16 2022,6456
Alaska,Apr  9 2022,6428
Alaska,Apr  2 2022,6392
Alaska,Mar 26 2022,6352
Alaska,Mar 19 2022,6310
Alaska,Mar 12 2022,6277
Alaska,Mar  5 2022,6239
Alaska,Feb 26 2022,6188
Alaska,Feb 19 2022,6127
Alaska,Feb 12 2022,6040
Alaska,Feb  5 2022,5938
Alaska,Jan 29 2022,5822
Alaska,Jan 22 2022,5660
Alaska,Jan 15 2022,5511
Alaska,Jan  8 2022,5394
Alaska,Jan  1 2022,5306
Alaska,Dec 25 2021,5255
Alaska,Dec 18 2021,5210
Alaska,Dec 11 2021,5152
Alaska,Dec  4 2021,5092
Alaska,Nov 27 2021,5030
Alaska,Nov 20 2021,4950
Alaska,Nov 13 2021,4858
Alaska,Nov  6 2021,4716
Alaska,Oct 30 2021,4596
Alaska,Oct 23 2021,4422
Alaska,Oct 16 2021,4239
Alaska,Oct  9 2021,4051
Alaska,Oct  2 2021,3904
Alaska,Sep 25 2021,3748
Alaska,Sep 18 2021,3566
Alaska,Sep 11 2021,3374
Alaska,Sep  4 2021,3175
Alaska,Aug 28 2021,3021
Alaska,Aug 21 2021,2890
Alaska,Aug 14 2021,2768
Alaska,Aug  7 2021,2645
Alaska,Jul 31 2021,2560
Alaska,Jul 24 2021,2469
Alaska,Jul 17 2021,2393
Alaska,Jul 10 2021,2347
Alaska,Jul  3 2021,2311
Alaska,Jun 26 2021,2293
Alaska,Jun 19 2021,2280
Alaska,Jun 12 2021,2271
Alaska,Jun  5 2021,2254
Alaska,May 29 2021,2229
Alaska,May 22 2021,2213
Alaska,May 15 2021,2197
Alaska,May  8 2021,2166
Alaska,May  1 2021,2133
Alaska,Apr 24 2021,2085
Alaska,Apr 17 2021,2035
Alaska,Apr 10 2021,2002
Alaska,Apr  3 2021,1959
Alaska,Mar 27 2021,1914
Alaska,Mar 20 2021,1881
Alaska,Mar 13 2021,1839
Alaska,Mar  6 2021,1808
Alaska,Feb 27 2021,1778
Alaska,Feb 20 2021,1745
Alaska,Feb 13 2021,1708
Alaska,Feb  6 2021,1682
Alaska,Jan 30 2021,1657
Alaska,Jan 23 2021,1628
Alaska,Jan 16 2021,1593
Alaska,Jan  9 2021,1539
Alaska,Jan  2 2021,1463
Alaska,Dec 26 2020,1394
Alaska,Dec 19 2020,1334
Alaska,Dec 12 2020,1234
Alaska,Dec  5 2020,1132
Alaska,Nov 28 2020,998
Alaska,Nov 21 2020,844
Alaska,Nov 14 2020,723
Alaska,Nov  7 2020,602
Alaska,Oct 31 2020,511
Alaska,Oct 24 2020,442
Alaska,Oct 17 2020,388
Alaska,Oct 10 2020,326
Alaska,Oct  3 2020,288
Alaska,Sep 26 2020,255
Alaska,Sep 19 2020,220
Alaska,Sep 12 2020,182
Alaska,Sep  5 2020,152
Alaska,Aug 29 2020,117
Alaska,Aug 22 2020,86
Alaska,Aug 15 2020,55
Alaska,Aug  8 2020,33
Alaska,Aug  1 2020,N/A
Alaska,Jul 25 2020,N/A
Alaska,Jul 18 2020,N/A
Alaska,Jul 11 2020,N/A
Alaska,Jul  4 2020,N/A
Alaska,Jun 27 2020,N/A
Alaska,Jun 20 2020,N/A
Alaska,Jun 13 2020,N/A
Alaska,Jun  6 2020,N/A
Alaska,May 30 2020,N/A
Alaska,May 23 2020,N/A
Alaska,May 16 2020,N/A
Alaska,May  9 2020,N/A
Alaska,May  2 2020,N/A
Alaska,Apr 25 2020,N/A
Alaska,Apr 18 2020,N/A
Alaska,Apr 11 2020,N/A
Alaska,Apr  4 2020,N/A
Alaska,Mar 28 2020,N/A
Alaska,Mar 21 2020,N/A
Alaska,Mar 14 2020,N/A
Alaska,Mar  7 2020,N/A
Alaska,Feb 29 2020,N/A
Alaska,Feb 22 2020,N/A
Alaska,Feb 15 2020,N/A
Alaska,Feb  8 2020,N/A
Alaska,Feb  1 2020,N/A
Alaska,Jan 25 2020,N/A
Alaska,Jan 18 2020,N/A
Alaska,Jan 11 2020,N/A
