﻿Data Table for Cumulative COVID-19 Hospitalizations - American Samoa
Date generated: Thu Mar 21 2024 17:36:14 GMT-0500 (Central Daylight Time)
Geography,Date,Cumulative COVID-19 Hospitalizations
American Samoa,Mar  9 2024,225
American Samoa,Mar  2 2024,225
American Samoa,Feb 24 2024,225
American Samoa,Feb 17 2024,225
American Samoa,Feb 10 2024,225
American Samoa,Feb  3 2024,225
American Samoa,Jan 27 2024,225
American Samoa,Jan 20 2024,225
American Samoa,Jan 13 2024,225
American Samoa,Jan  6 2024,225
American Samoa,Dec 30 2023,225
American Samoa,Dec 23 2023,225
American Samoa,Dec 16 2023,225
American Samoa,Dec  9 2023,225
American Samoa,Dec  2 2023,225
American Samoa,Nov 25 2023,224
American Samoa,Nov 18 2023,224
American Samoa,Nov 11 2023,224
American Samoa,Oct 28 2023,224
American Samoa,Oct 21 2023,224
American Samoa,Oct 14 2023,224
American Samoa,Oct  7 2023,224
American Samoa,Sep 30 2023,224
American Samoa,Sep 23 2023,224
American Samoa,Sep 16 2023,224
American Samoa,Sep  9 2023,224
American Samoa,Sep  2 2023,224
American Samoa,Aug 26 2023,224
American Samoa,Aug 19 2023,224
American Samoa,Aug 12 2023,224
American Samoa,Aug  5 2023,224
American Samoa,Jul 29 2023,224
American Samoa,Jul 22 2023,224
American Samoa,Jul 15 2023,224
American Samoa,Jul  8 2023,224
American Samoa,Jul  1 2023,224
American Samoa,Jun 24 2023,224
American Samoa,Jun 17 2023,224
American Samoa,Jun 10 2023,224
American Samoa,Jun  3 2023,224
American Samoa,May 27 2023,224
American Samoa,May 20 2023,224
American Samoa,May 13 2023,224
American Samoa,May  6 2023,224
American Samoa,Apr 29 2023,224
American Samoa,Apr 22 2023,224
American Samoa,Apr 15 2023,224
American Samoa,Apr  8 2023,224
American Samoa,Apr  1 2023,224
American Samoa,Mar 25 2023,224
American Samoa,Mar 18 2023,224
American Samoa,Mar 11 2023,224
American Samoa,Mar  4 2023,224
American Samoa,Feb 25 2023,224
American Samoa,Feb 18 2023,224
American Samoa,Feb 11 2023,224
American Samoa,Feb  4 2023,224
American Samoa,Jan 28 2023,224
American Samoa,Jan 21 2023,224
American Samoa,Jan 14 2023,224
American Samoa,Jan  7 2023,224
American Samoa,Dec 31 2022,224
American Samoa,Dec 24 2022,224
American Samoa,Dec 17 2022,224
American Samoa,Dec 10 2022,224
American Samoa,Dec  3 2022,224
American Samoa,Nov 26 2022,223
American Samoa,Nov 19 2022,222
American Samoa,Nov 12 2022,221
American Samoa,Nov  5 2022,221
American Samoa,Oct 29 2022,221
American Samoa,Oct 22 2022,221
American Samoa,Oct 15 2022,221
American Samoa,Oct  8 2022,221
American Samoa,Oct  1 2022,221
American Samoa,Sep 24 2022,221
American Samoa,Sep 17 2022,221
American Samoa,Sep 10 2022,221
American Samoa,Sep  3 2022,220
American Samoa,Aug 27 2022,219
American Samoa,Aug 20 2022,219
American Samoa,Aug 13 2022,218
American Samoa,Aug  6 2022,217
American Samoa,Jul 30 2022,216
American Samoa,Jul 23 2022,210
American Samoa,Jul 16 2022,197
American Samoa,Jul  9 2022,155
American Samoa,Jul  2 2022,136
American Samoa,Jun 25 2022,122
American Samoa,Jun 18 2022,118
American Samoa,Jun 11 2022,115
American Samoa,Jun  4 2022,112
American Samoa,May 28 2022,110
American Samoa,May 21 2022,101
American Samoa,May 14 2022,101
American Samoa,May  7 2022,101
American Samoa,Apr 30 2022,101
American Samoa,Apr 23 2022,100
American Samoa,Apr 16 2022,94
American Samoa,Apr  9 2022,57
American Samoa,Apr  2 2022,48
American Samoa,Mar 26 2022,30
American Samoa,Mar 19 2022,18
American Samoa,Mar 12 2022,11
American Samoa,Mar  5 2022,7
American Samoa,Feb 26 2022,1
American Samoa,Feb 19 2022,0
American Samoa,Feb 12 2022,0
American Samoa,Feb  5 2022,0
American Samoa,Jan 29 2022,0
American Samoa,Jan 22 2022,0
American Samoa,Jan 15 2022,0
American Samoa,Jan  8 2022,0
American Samoa,Jan  1 2022,0
American Samoa,Dec 25 2021,0
American Samoa,Dec 18 2021,0
American Samoa,Dec 11 2021,0
American Samoa,Dec  4 2021,0
American Samoa,Nov 27 2021,0
American Samoa,Nov 20 2021,0
American Samoa,Nov 13 2021,0
American Samoa,Nov  6 2021,0
American Samoa,Oct 30 2021,0
American Samoa,Oct 23 2021,0
American Samoa,Oct 16 2021,0
American Samoa,Oct  9 2021,0
American Samoa,Oct  2 2021,0
American Samoa,Sep 25 2021,0
American Samoa,Sep 18 2021,0
American Samoa,Sep 11 2021,0
American Samoa,Sep  4 2021,0
