﻿Data Table for Cumulative COVID-19 Hospitalizations - Arizona
Date generated: Thu Mar 21 2024 17:36:37 GMT-0500 (Central Daylight Time)
Geography,Date,Cumulative COVID-19 Hospitalizations
Arizona,Mar  9 2024,164424
Arizona,Mar  2 2024,164239
Arizona,Feb 24 2024,164019
Arizona,Feb 17 2024,163727
Arizona,Feb 10 2024,163417
Arizona,Feb  3 2024,163058
Arizona,Jan 27 2024,162673
Arizona,Jan 20 2024,162233
Arizona,Jan 13 2024,161758
Arizona,Jan  6 2024,161186
Arizona,Dec 30 2023,160576
Arizona,Dec 23 2023,159936
Arizona,Dec 16 2023,159409
Arizona,Dec  9 2023,158924
Arizona,Dec  2 2023,158484
Arizona,Nov 25 2023,157972
Arizona,Nov 18 2023,157429
Arizona,Nov 11 2023,156874
Arizona,Nov  4 2023,156385
Arizona,Oct 28 2023,156002
Arizona,Oct 21 2023,155590
Arizona,Oct 14 2023,155157
Arizona,Oct  7 2023,154778
Arizona,Sep 30 2023,154425
Arizona,Sep 23 2023,154106
Arizona,Sep 16 2023,153850
Arizona,Sep  9 2023,153560
Arizona,Sep  2 2023,153293
Arizona,Aug 26 2023,153013
Arizona,Aug 19 2023,152763
Arizona,Aug 12 2023,152549
Arizona,Aug  5 2023,152395
Arizona,Jul 29 2023,152247
Arizona,Jul 22 2023,152125
Arizona,Jul 15 2023,151966
Arizona,Jul  8 2023,151765
Arizona,Jul  1 2023,151599
Arizona,Jun 24 2023,151437
Arizona,Jun 17 2023,151269
Arizona,Jun 10 2023,151102
Arizona,Jun  3 2023,150925
Arizona,May 27 2023,150735
Arizona,May 20 2023,150562
Arizona,May 13 2023,150318
Arizona,May  6 2023,150060
Arizona,Apr 29 2023,149770
Arizona,Apr 22 2023,149486
Arizona,Apr 15 2023,149148
Arizona,Apr  8 2023,148799
Arizona,Apr  1 2023,148473
Arizona,Mar 25 2023,148159
Arizona,Mar 18 2023,147759
Arizona,Mar 11 2023,147377
Arizona,Mar  4 2023,146941
Arizona,Feb 25 2023,146541
Arizona,Feb 18 2023,146109
Arizona,Feb 11 2023,145747
Arizona,Feb  4 2023,145363
Arizona,Jan 28 2023,144991
Arizona,Jan 21 2023,144616
Arizona,Jan 14 2023,144167
Arizona,Jan  7 2023,143599
Arizona,Dec 31 2022,142912
Arizona,Dec 24 2022,142079
Arizona,Dec 17 2022,141253
Arizona,Dec 10 2022,140305
Arizona,Dec  3 2022,139087
Arizona,Nov 26 2022,137867
Arizona,Nov 19 2022,136794
Arizona,Nov 12 2022,135912
Arizona,Nov  5 2022,135211
Arizona,Oct 29 2022,134705
Arizona,Oct 22 2022,134358
Arizona,Oct 15 2022,134014
Arizona,Oct  8 2022,133766
Arizona,Oct  1 2022,133486
Arizona,Sep 24 2022,133191
Arizona,Sep 17 2022,132898
Arizona,Sep 10 2022,132584
Arizona,Sep  3 2022,132213
Arizona,Aug 27 2022,131773
Arizona,Aug 20 2022,131309
Arizona,Aug 13 2022,130676
Arizona,Aug  6 2022,129974
Arizona,Jul 30 2022,129282
Arizona,Jul 23 2022,128506
Arizona,Jul 16 2022,127620
Arizona,Jul  9 2022,126742
Arizona,Jul  2 2022,125961
Arizona,Jun 25 2022,125208
Arizona,Jun 18 2022,124435
Arizona,Jun 11 2022,123764
Arizona,Jun  4 2022,123118
Arizona,May 28 2022,122528
Arizona,May 21 2022,122084
Arizona,May 14 2022,121676
Arizona,May  7 2022,121304
Arizona,Apr 30 2022,120989
Arizona,Apr 23 2022,120732
Arizona,Apr 16 2022,120469
Arizona,Apr  9 2022,120207
Arizona,Apr  2 2022,119870
Arizona,Mar 26 2022,119552
Arizona,Mar 19 2022,119130
Arizona,Mar 12 2022,118662
Arizona,Mar  5 2022,117981
Arizona,Feb 26 2022,117120
Arizona,Feb 19 2022,115958
Arizona,Feb 12 2022,114213
Arizona,Feb  5 2022,112024
Arizona,Jan 29 2022,109119
Arizona,Jan 22 2022,105469
Arizona,Jan 15 2022,101778
Arizona,Jan  8 2022,98516
Arizona,Jan  1 2022,95957
Arizona,Dec 25 2021,93943
Arizona,Dec 18 2021,92150
Arizona,Dec 11 2021,90291
Arizona,Dec  4 2021,88164
Arizona,Nov 27 2021,85991
Arizona,Nov 20 2021,84001
Arizona,Nov 13 2021,82124
Arizona,Nov  6 2021,80362
Arizona,Oct 30 2021,78800
Arizona,Oct 23 2021,77386
Arizona,Oct 16 2021,76151
Arizona,Oct  9 2021,74935
Arizona,Oct  2 2021,73735
Arizona,Sep 25 2021,72495
Arizona,Sep 18 2021,71176
Arizona,Sep 11 2021,69770
Arizona,Sep  4 2021,68231
Arizona,Aug 28 2021,66628
Arizona,Aug 21 2021,65230
Arizona,Aug 14 2021,63808
Arizona,Aug  7 2021,62517
Arizona,Jul 31 2021,61400
Arizona,Jul 24 2021,60419
Arizona,Jul 17 2021,59728
Arizona,Jul 10 2021,59100
Arizona,Jul  3 2021,58682
Arizona,Jun 26 2021,58206
Arizona,Jun 19 2021,57769
Arizona,Jun 12 2021,57352
Arizona,Jun  5 2021,56992
Arizona,May 29 2021,56612
Arizona,May 22 2021,56158
Arizona,May 15 2021,55759
Arizona,May  8 2021,55320
Arizona,May  1 2021,54849
Arizona,Apr 24 2021,54340
Arizona,Apr 17 2021,53865
Arizona,Apr 10 2021,53427
Arizona,Apr  3 2021,52972
Arizona,Mar 27 2021,52511
Arizona,Mar 20 2021,52028
Arizona,Mar 13 2021,51505
Arizona,Mar  6 2021,50893
Arizona,Feb 27 2021,50171
Arizona,Feb 20 2021,49246
Arizona,Feb 13 2021,48007
Arizona,Feb  6 2021,46262
Arizona,Jan 30 2021,43954
Arizona,Jan 23 2021,40847
Arizona,Jan 16 2021,37170
Arizona,Jan  9 2021,33194
Arizona,Jan  2 2021,29021
Arizona,Dec 26 2020,25287
Arizona,Dec 19 2020,21788
Arizona,Dec 12 2020,18461
Arizona,Dec  5 2020,15320
Arizona,Nov 28 2020,12662
Arizona,Nov 21 2020,10696
Arizona,Nov 14 2020,9079
Arizona,Nov  7 2020,7864
Arizona,Oct 31 2020,6972
Arizona,Oct 24 2020,6300
Arizona,Oct 17 2020,5640
Arizona,Oct 10 2020,5132
Arizona,Oct  3 2020,4671
Arizona,Sep 26 2020,4338
Arizona,Sep 19 2020,3971
Arizona,Sep 12 2020,3664
Arizona,Sep  5 2020,3229
Arizona,Aug 29 2020,2746
Arizona,Aug 22 2020,2218
Arizona,Aug 15 2020,1577
Arizona,Aug  8 2020,855
Arizona,Aug  1 2020,N/A
Arizona,Jul 25 2020,N/A
Arizona,Jul 18 2020,N/A
Arizona,Jul 11 2020,N/A
Arizona,Jul  4 2020,N/A
Arizona,Jun 27 2020,N/A
Arizona,Jun 20 2020,N/A
Arizona,Jun 13 2020,N/A
Arizona,Jun  6 2020,N/A
Arizona,May 30 2020,N/A
Arizona,May 23 2020,N/A
Arizona,May 16 2020,N/A
Arizona,May  9 2020,N/A
Arizona,May  2 2020,N/A
Arizona,Apr 25 2020,N/A
Arizona,Apr 18 2020,N/A
Arizona,Apr 11 2020,N/A
Arizona,Apr  4 2020,N/A
Arizona,Mar 28 2020,N/A
Arizona,Mar 21 2020,N/A
Arizona,Mar 14 2020,N/A
Arizona,Mar  7 2020,N/A
Arizona,Feb 29 2020,N/A
Arizona,Feb 22 2020,N/A
Arizona,Feb 15 2020,N/A
Arizona,Feb  8 2020,N/A
Arizona,Feb  1 2020,N/A
Arizona,Jan 25 2020,N/A
Arizona,Jan 18 2020,N/A
Arizona,Jan 11 2020,N/A
