﻿Data Table for Cumulative COVID-19 Hospitalizations - Arkansas
Date generated: Thu Mar 21 2024 17:37:00 GMT-0500 (Central Daylight Time)
Geography,Date,Cumulative COVID-19 Hospitalizations
Arkansas,Mar  9 2024,72698
Arkansas,Mar  2 2024,72522
Arkansas,Feb 24 2024,72339
Arkansas,Feb 17 2024,72149
Arkansas,Feb 10 2024,71967
Arkansas,Feb  3 2024,71752
Arkansas,Jan 27 2024,71559
Arkansas,Jan 20 2024,71337
Arkansas,Jan 13 2024,71071
Arkansas,Jan  6 2024,70777
Arkansas,Dec 30 2023,70422
Arkansas,Dec 23 2023,70118
Arkansas,Dec 16 2023,69826
Arkansas,Dec  9 2023,69566
Arkansas,Dec  2 2023,69328
Arkansas,Nov 25 2023,69125
Arkansas,Nov 18 2023,68968
Arkansas,Nov 11 2023,68822
Arkansas,Nov  4 2023,68665
Arkansas,Oct 28 2023,68532
Arkansas,Oct 21 2023,68403
Arkansas,Oct 14 2023,68286
Arkansas,Oct  7 2023,68171
Arkansas,Sep 30 2023,68024
Arkansas,Sep 23 2023,67837
Arkansas,Sep 16 2023,67612
Arkansas,Sep  9 2023,67359
Arkansas,Sep  2 2023,67086
Arkansas,Aug 26 2023,66865
Arkansas,Aug 19 2023,66664
Arkansas,Aug 12 2023,66505
Arkansas,Aug  5 2023,66388
Arkansas,Jul 29 2023,66303
Arkansas,Jul 22 2023,66241
Arkansas,Jul 15 2023,66190
Arkansas,Jul  8 2023,66140
Arkansas,Jul  1 2023,66111
Arkansas,Jun 24 2023,66073
Arkansas,Jun 17 2023,66021
Arkansas,Jun 10 2023,65944
Arkansas,Jun  3 2023,65884
Arkansas,May 27 2023,65816
Arkansas,May 20 2023,65728
Arkansas,May 13 2023,65626
Arkansas,May  6 2023,65498
Arkansas,Apr 29 2023,65414
Arkansas,Apr 22 2023,65325
Arkansas,Apr 15 2023,65223
Arkansas,Apr  8 2023,65114
Arkansas,Apr  1 2023,65021
Arkansas,Mar 25 2023,64911
Arkansas,Mar 18 2023,64788
Arkansas,Mar 11 2023,64676
Arkansas,Mar  4 2023,64548
Arkansas,Feb 25 2023,64388
Arkansas,Feb 18 2023,64214
Arkansas,Feb 11 2023,64034
Arkansas,Feb  4 2023,63861
Arkansas,Jan 28 2023,63684
Arkansas,Jan 21 2023,63476
Arkansas,Jan 14 2023,63203
Arkansas,Jan  7 2023,62820
Arkansas,Dec 31 2022,62365
Arkansas,Dec 24 2022,61931
Arkansas,Dec 17 2022,61615
Arkansas,Dec 10 2022,61335
Arkansas,Dec  3 2022,61086
Arkansas,Nov 26 2022,60845
Arkansas,Nov 19 2022,60700
Arkansas,Nov 12 2022,60561
Arkansas,Nov  5 2022,60444
Arkansas,Oct 29 2022,60300
Arkansas,Oct 22 2022,60165
Arkansas,Oct 15 2022,60038
Arkansas,Oct  8 2022,59906
Arkansas,Oct  1 2022,59727
Arkansas,Sep 24 2022,59492
Arkansas,Sep 17 2022,59216
Arkansas,Sep 10 2022,58889
Arkansas,Sep  3 2022,58585
Arkansas,Aug 27 2022,58258
Arkansas,Aug 20 2022,57909
Arkansas,Aug 13 2022,57531
Arkansas,Aug  6 2022,57122
Arkansas,Jul 30 2022,56701
Arkansas,Jul 23 2022,56258
Arkansas,Jul 16 2022,55752
Arkansas,Jul  9 2022,55287
Arkansas,Jul  2 2022,54916
Arkansas,Jun 25 2022,54602
Arkansas,Jun 18 2022,54365
Arkansas,Jun 11 2022,54163
Arkansas,Jun  4 2022,53988
Arkansas,May 28 2022,53847
Arkansas,May 21 2022,53754
Arkansas,May 14 2022,53676
Arkansas,May  7 2022,53544
Arkansas,Apr 30 2022,53454
Arkansas,Apr 23 2022,53367
Arkansas,Apr 16 2022,53256
Arkansas,Apr  9 2022,53117
Arkansas,Apr  2 2022,52955
Arkansas,Mar 26 2022,52806
Arkansas,Mar 19 2022,52635
Arkansas,Mar 12 2022,52440
Arkansas,Mar  5 2022,52155
Arkansas,Feb 26 2022,51771
Arkansas,Feb 19 2022,51304
Arkansas,Feb 12 2022,50470
Arkansas,Feb  5 2022,49288
Arkansas,Jan 29 2022,47687
Arkansas,Jan 22 2022,45826
Arkansas,Jan 15 2022,44010
Arkansas,Jan  8 2022,42610
Arkansas,Jan  1 2022,41623
Arkansas,Dec 25 2021,40984
Arkansas,Dec 18 2021,40564
Arkansas,Dec 11 2021,40081
Arkansas,Dec  4 2021,39643
Arkansas,Nov 27 2021,39247
Arkansas,Nov 20 2021,38960
Arkansas,Nov 13 2021,38706
Arkansas,Nov  6 2021,38489
Arkansas,Oct 30 2021,38248
Arkansas,Oct 23 2021,37962
Arkansas,Oct 16 2021,37651
Arkansas,Oct  9 2021,37289
Arkansas,Oct  2 2021,36836
Arkansas,Sep 25 2021,36343
Arkansas,Sep 18 2021,35636
Arkansas,Sep 11 2021,34803
Arkansas,Sep  4 2021,33940
Arkansas,Aug 28 2021,32949
Arkansas,Aug 21 2021,31846
Arkansas,Aug 14 2021,30635
Arkansas,Aug  7 2021,29261
Arkansas,Jul 31 2021,28131
Arkansas,Jul 24 2021,27079
Arkansas,Jul 17 2021,26184
Arkansas,Jul 10 2021,25480
Arkansas,Jul  3 2021,24893
Arkansas,Jun 26 2021,24492
Arkansas,Jun 19 2021,24155
Arkansas,Jun 12 2021,23889
Arkansas,Jun  5 2021,23688
Arkansas,May 29 2021,23513
Arkansas,May 22 2021,23307
Arkansas,May 15 2021,23095
Arkansas,May  8 2021,22915
Arkansas,May  1 2021,22718
Arkansas,Apr 24 2021,22514
Arkansas,Apr 17 2021,22347
Arkansas,Apr 10 2021,22175
Arkansas,Apr  3 2021,21998
Arkansas,Mar 27 2021,21863
Arkansas,Mar 20 2021,21729
Arkansas,Mar 13 2021,21516
Arkansas,Mar  6 2021,21317
Arkansas,Feb 27 2021,21063
Arkansas,Feb 20 2021,20663
Arkansas,Feb 13 2021,20220
Arkansas,Feb  6 2021,19583
Arkansas,Jan 30 2021,18840
Arkansas,Jan 23 2021,17994
Arkansas,Jan 16 2021,16959
Arkansas,Jan  9 2021,15824
Arkansas,Jan  2 2021,14576
Arkansas,Dec 26 2020,13372
Arkansas,Dec 19 2020,12304
Arkansas,Dec 12 2020,11241
Arkansas,Dec  5 2020,10231
Arkansas,Nov 28 2020,9245
Arkansas,Nov 21 2020,8335
Arkansas,Nov 14 2020,7412
Arkansas,Nov  7 2020,6622
Arkansas,Oct 31 2020,5958
Arkansas,Oct 24 2020,5362
Arkansas,Oct 17 2020,4756
Arkansas,Oct 10 2020,4152
Arkansas,Oct  3 2020,3593
Arkansas,Sep 26 2020,3145
Arkansas,Sep 19 2020,2689
Arkansas,Sep 12 2020,2320
Arkansas,Sep  5 2020,1993
Arkansas,Aug 29 2020,1665
Arkansas,Aug 22 2020,1323
Arkansas,Aug 15 2020,898
Arkansas,Aug  8 2020,486
Arkansas,Aug  1 2020,N/A
Arkansas,Jul 25 2020,N/A
Arkansas,Jul 18 2020,N/A
Arkansas,Jul 11 2020,N/A
Arkansas,Jul  4 2020,N/A
Arkansas,Jun 27 2020,N/A
Arkansas,Jun 20 2020,N/A
Arkansas,Jun 13 2020,N/A
Arkansas,Jun  6 2020,N/A
Arkansas,May 30 2020,N/A
Arkansas,May 23 2020,N/A
Arkansas,May 16 2020,N/A
Arkansas,May  9 2020,N/A
Arkansas,May  2 2020,N/A
Arkansas,Apr 25 2020,N/A
Arkansas,Apr 18 2020,N/A
Arkansas,Apr 11 2020,N/A
Arkansas,Apr  4 2020,N/A
Arkansas,Mar 28 2020,N/A
Arkansas,Mar 21 2020,N/A
Arkansas,Mar 14 2020,N/A
Arkansas,Mar  7 2020,N/A
Arkansas,Feb 29 2020,N/A
Arkansas,Feb 22 2020,N/A
Arkansas,Feb 15 2020,N/A
Arkansas,Feb  8 2020,N/A
Arkansas,Feb  1 2020,N/A
Arkansas,Jan 25 2020,N/A
Arkansas,Jan 18 2020,N/A
Arkansas,Jan 11 2020,N/A
