﻿Data Table for Cumulative COVID-19 Hospitalizations - California
Date generated: Tue Mar 19 2024 18:03:43 GMT-0500 (Central Daylight Time)
Geography,Date,Cumulative COVID-19 Hospitalizations
California,Mar  9 2024,669374
California,Mar  2 2024,668175
California,Feb 24 2024,666778
California,Feb 17 2024,665181
California,Feb 10 2024,663287
California,Feb  3 2024,661279
California,Jan 27 2024,658974
California,Jan 20 2024,656326
California,Jan 13 2024,653256
California,Jan  6 2024,649951
California,Dec 30 2023,646277
California,Dec 23 2023,642528
California,Dec 16 2023,639191
California,Dec  9 2023,636316
California,Dec  2 2023,633771
California,Nov 25 2023,631195
California,Nov 18 2023,629181
California,Nov 11 2023,627169
California,Nov  4 2023,625423
California,Oct 28 2023,623780
California,Oct 21 2023,622202
California,Oct 14 2023,620387
California,Oct  7 2023,618597
California,Sep 30 2023,616688
California,Sep 23 2023,614539
California,Sep 16 2023,612009
California,Sep  9 2023,609355
California,Sep  2 2023,606572
California,Aug 26 2023,603877
California,Aug 19 2023,601303
California,Aug 12 2023,598986
California,Aug  5 2023,597030
California,Jul 29 2023,595416
California,Jul 22 2023,594003
California,Jul 15 2023,592637
California,Jul  8 2023,591413
California,Jul  1 2023,590244
California,Jun 24 2023,589085
California,Jun 17 2023,587902
California,Jun 10 2023,586634
California,Jun  3 2023,585419
California,May 27 2023,584202
California,May 20 2023,582838
California,May 13 2023,581468
California,May  6 2023,580101
California,Apr 29 2023,578793
California,Apr 22 2023,577242
California,Apr 15 2023,575628
California,Apr  8 2023,573891
California,Apr  1 2023,572118
California,Mar 25 2023,570255
California,Mar 18 2023,568245
California,Mar 11 2023,565950
California,Mar  4 2023,563303
California,Feb 25 2023,560424
California,Feb 18 2023,557348
California,Feb 11 2023,554379
California,Feb  4 2023,551350
California,Jan 28 2023,548560
California,Jan 21 2023,545805
California,Jan 14 2023,542653
California,Jan  7 2023,538573
California,Dec 31 2022,533812
California,Dec 24 2022,528552
California,Dec 17 2022,523586
California,Dec 10 2022,518789
California,Dec  3 2022,513859
California,Nov 26 2022,509069
California,Nov 19 2022,505574
California,Nov 12 2022,502875
California,Nov  5 2022,500527
California,Oct 29 2022,498568
California,Oct 22 2022,496812
California,Oct 15 2022,494954
California,Oct  8 2022,492988
California,Oct  1 2022,490958
California,Sep 24 2022,488798
California,Sep 17 2022,486507
California,Sep 10 2022,483648
California,Sep  3 2022,480421
California,Aug 27 2022,477010
California,Aug 20 2022,473152
California,Aug 13 2022,469295
California,Aug  6 2022,465244
California,Jul 30 2022,460616
California,Jul 23 2022,455809
California,Jul 16 2022,450663
California,Jul  9 2022,445603
California,Jul  2 2022,441053
California,Jun 25 2022,436826
California,Jun 18 2022,433038
California,Jun 11 2022,429703
California,Jun  4 2022,426407
California,May 28 2022,423580
California,May 21 2022,421098
California,May 14 2022,418913
California,May  7 2022,417324
California,Apr 30 2022,415906
California,Apr 23 2022,414823
California,Apr 16 2022,413813
California,Apr  9 2022,412943
California,Apr  2 2022,411993
California,Mar 26 2022,410989
California,Mar 19 2022,409697
California,Mar 12 2022,408078
California,Mar  5 2022,405974
California,Feb 26 2022,403042
California,Feb 19 2022,399352
California,Feb 12 2022,394133
California,Feb  5 2022,386534
California,Jan 29 2022,376601
California,Jan 22 2022,363495
California,Jan 15 2022,348813
California,Jan  8 2022,334468
California,Jan  1 2022,323475
California,Dec 25 2021,317335
California,Dec 18 2021,314366
California,Dec 11 2021,311676
California,Dec  4 2021,308960
California,Nov 27 2021,306472
California,Nov 20 2021,304223
California,Nov 13 2021,301723
California,Nov  6 2021,299114
California,Oct 30 2021,296139
California,Oct 23 2021,293091
California,Oct 16 2021,290235
California,Oct  9 2021,287502
California,Oct  2 2021,284668
California,Sep 25 2021,281500
California,Sep 18 2021,277585
California,Sep 11 2021,273182
California,Sep  4 2021,268038
California,Aug 28 2021,261938
California,Aug 21 2021,255326
California,Aug 14 2021,248589
California,Aug  7 2021,242354
California,Jul 31 2021,237208
California,Jul 24 2021,233241
California,Jul 17 2021,230427
California,Jul 10 2021,228508
California,Jul  3 2021,227102
California,Jun 26 2021,225914
California,Jun 19 2021,224891
California,Jun 12 2021,223961
California,Jun  5 2021,222964
California,May 29 2021,221866
California,May 22 2021,220754
California,May 15 2021,219435
California,May  8 2021,218109
California,May  1 2021,216592
California,Apr 24 2021,214913
California,Apr 17 2021,213243
California,Apr 10 2021,211347
California,Apr  3 2021,209609
California,Mar 27 2021,207635
California,Mar 20 2021,205523
California,Mar 13 2021,203068
California,Mar  6 2021,200466
California,Feb 27 2021,197343
California,Feb 20 2021,193540
California,Feb 13 2021,188714
California,Feb  6 2021,182377
California,Jan 30 2021,173978
California,Jan 23 2021,163469
California,Jan 16 2021,150506
California,Jan  9 2021,135850
California,Jan  2 2021,119187
California,Dec 26 2020,103301
California,Dec 19 2020,87925
California,Dec 12 2020,73086
California,Dec  5 2020,61512
California,Nov 28 2020,52657
California,Nov 21 2020,45846
California,Nov 14 2020,41006
California,Nov  7 2020,37558
California,Oct 31 2020,34886
California,Oct 24 2020,32629
California,Oct 17 2020,30524
California,Oct 10 2020,28486
California,Oct  3 2020,26494
California,Sep 26 2020,24542
California,Sep 19 2020,22580
California,Sep 12 2020,20556
California,Sep  5 2020,18202
California,Aug 29 2020,15537
California,Aug 22 2020,12643
California,Aug 15 2020,9334
California,Aug  8 2020,5241
California,Aug  1 2020,N/A
California,Jul 25 2020,N/A
California,Jul 18 2020,N/A
California,Jul 11 2020,N/A
California,Jul  4 2020,N/A
California,Jun 27 2020,N/A
California,Jun 20 2020,N/A
California,Jun 13 2020,N/A
California,Jun  6 2020,N/A
California,May 30 2020,N/A
California,May 23 2020,N/A
California,May 16 2020,N/A
California,May  9 2020,N/A
California,May  2 2020,N/A
California,Apr 25 2020,N/A
California,Apr 18 2020,N/A
California,Apr 11 2020,N/A
California,Apr  4 2020,N/A
California,Mar 28 2020,N/A
California,Mar 21 2020,N/A
California,Mar 14 2020,N/A
California,Mar  7 2020,N/A
California,Feb 29 2020,N/A
California,Feb 22 2020,N/A
California,Feb 15 2020,N/A
California,Feb  8 2020,N/A
California,Feb  1 2020,N/A
California,Jan 25 2020,N/A
California,Jan 18 2020,N/A
California,Jan 11 2020,N/A
