﻿Data Table for Cumulative COVID-19 Hospitalizations - Colorado
Date generated: Thu Mar 21 2024 17:37:21 GMT-0500 (Central Daylight Time)
Geography,Date,Cumulative COVID-19 Hospitalizations
Colorado,Mar  9 2024,106193
Colorado,Mar  2 2024,106067
Colorado,Feb 24 2024,105934
Colorado,Feb 17 2024,105752
Colorado,Feb 10 2024,105529
Colorado,Feb  3 2024,105300
Colorado,Jan 27 2024,105043
Colorado,Jan 20 2024,104767
Colorado,Jan 13 2024,104436
Colorado,Jan  6 2024,103998
Colorado,Dec 30 2023,103529
Colorado,Dec 23 2023,103071
Colorado,Dec 16 2023,102641
Colorado,Dec  9 2023,102233
Colorado,Dec  2 2023,101769
Colorado,Nov 25 2023,101263
Colorado,Nov 18 2023,100772
Colorado,Nov 11 2023,100262
Colorado,Nov  4 2023,99808
Colorado,Oct 28 2023,99368
Colorado,Oct 21 2023,98902
Colorado,Oct 14 2023,98482
Colorado,Oct  7 2023,98066
Colorado,Sep 30 2023,97741
Colorado,Sep 23 2023,97419
Colorado,Sep 16 2023,97132
Colorado,Sep  9 2023,96833
Colorado,Sep  2 2023,96575
Colorado,Aug 26 2023,96337
Colorado,Aug 19 2023,96146
Colorado,Aug 12 2023,96001
Colorado,Aug  5 2023,95867
Colorado,Jul 29 2023,95754
Colorado,Jul 22 2023,95671
Colorado,Jul 15 2023,95580
Colorado,Jul  8 2023,95496
Colorado,Jul  1 2023,95436
Colorado,Jun 24 2023,95353
Colorado,Jun 17 2023,95255
Colorado,Jun 10 2023,95179
Colorado,Jun  3 2023,95081
Colorado,May 27 2023,94977
Colorado,May 20 2023,94849
Colorado,May 13 2023,94706
Colorado,May  6 2023,94568
Colorado,Apr 29 2023,94398
Colorado,Apr 22 2023,94250
Colorado,Apr 15 2023,94048
Colorado,Apr  8 2023,93786
Colorado,Apr  1 2023,93539
Colorado,Mar 25 2023,93272
Colorado,Mar 18 2023,92974
Colorado,Mar 11 2023,92669
Colorado,Mar  4 2023,92363
Colorado,Feb 25 2023,92025
Colorado,Feb 18 2023,91674
Colorado,Feb 11 2023,91347
Colorado,Feb  4 2023,91042
Colorado,Jan 28 2023,90765
Colorado,Jan 21 2023,90494
Colorado,Jan 14 2023,90210
Colorado,Jan  7 2023,89895
Colorado,Dec 31 2022,89456
Colorado,Dec 24 2022,88942
Colorado,Dec 17 2022,88378
Colorado,Dec 10 2022,87788
Colorado,Dec  3 2022,87093
Colorado,Nov 26 2022,86243
Colorado,Nov 19 2022,85461
Colorado,Nov 12 2022,84768
Colorado,Nov  5 2022,84172
Colorado,Oct 29 2022,83671
Colorado,Oct 22 2022,83295
Colorado,Oct 15 2022,82994
Colorado,Oct  8 2022,82729
Colorado,Oct  1 2022,82493
Colorado,Sep 24 2022,82222
Colorado,Sep 17 2022,81957
Colorado,Sep 10 2022,81636
Colorado,Sep  3 2022,81328
Colorado,Aug 27 2022,80976
Colorado,Aug 20 2022,80617
Colorado,Aug 13 2022,80247
Colorado,Aug  6 2022,79802
Colorado,Jul 30 2022,79306
Colorado,Jul 23 2022,78796
Colorado,Jul 16 2022,78198
Colorado,Jul  9 2022,77567
Colorado,Jul  2 2022,76885
Colorado,Jun 25 2022,76298
Colorado,Jun 18 2022,75719
Colorado,Jun 11 2022,75153
Colorado,Jun  4 2022,74513
Colorado,May 28 2022,74031
Colorado,May 21 2022,73650
Colorado,May 14 2022,73304
Colorado,May  7 2022,73045
Colorado,Apr 30 2022,72790
Colorado,Apr 23 2022,72607
Colorado,Apr 16 2022,72422
Colorado,Apr  9 2022,72311
Colorado,Apr  2 2022,72210
Colorado,Mar 26 2022,72087
Colorado,Mar 19 2022,71954
Colorado,Mar 12 2022,71804
Colorado,Mar  5 2022,71574
Colorado,Feb 26 2022,71295
Colorado,Feb 19 2022,70852
Colorado,Feb 12 2022,70249
Colorado,Feb  5 2022,69378
Colorado,Jan 29 2022,68131
Colorado,Jan 22 2022,66327
Colorado,Jan 15 2022,64236
Colorado,Jan  8 2022,61807
Colorado,Jan  1 2022,59490
Colorado,Dec 25 2021,57836
Colorado,Dec 18 2021,56675
Colorado,Dec 11 2021,55632
Colorado,Dec  4 2021,54317
Colorado,Nov 27 2021,52828
Colorado,Nov 20 2021,51238
Colorado,Nov 13 2021,49548
Colorado,Nov  6 2021,47898
Colorado,Oct 30 2021,46377
Colorado,Oct 23 2021,45018
Colorado,Oct 16 2021,43677
Colorado,Oct  9 2021,42442
Colorado,Oct  2 2021,41381
Colorado,Sep 25 2021,40411
Colorado,Sep 18 2021,39418
Colorado,Sep 11 2021,38463
Colorado,Sep  4 2021,37479
Colorado,Aug 28 2021,36479
Colorado,Aug 21 2021,35644
Colorado,Aug 14 2021,34792
Colorado,Aug  7 2021,34152
Colorado,Jul 31 2021,33573
Colorado,Jul 24 2021,33114
Colorado,Jul 17 2021,32725
Colorado,Jul 10 2021,32402
Colorado,Jul  3 2021,32031
Colorado,Jun 26 2021,31702
Colorado,Jun 19 2021,31408
Colorado,Jun 12 2021,31095
Colorado,Jun  5 2021,30721
Colorado,May 29 2021,30252
Colorado,May 22 2021,29726
Colorado,May 15 2021,29080
Colorado,May  8 2021,28403
Colorado,May  1 2021,27564
Colorado,Apr 24 2021,26782
Colorado,Apr 17 2021,26106
Colorado,Apr 10 2021,25551
Colorado,Apr  3 2021,24950
Colorado,Mar 27 2021,24460
Colorado,Mar 20 2021,24022
Colorado,Mar 13 2021,23596
Colorado,Mar  6 2021,23223
Colorado,Feb 27 2021,22809
Colorado,Feb 20 2021,22334
Colorado,Feb 13 2021,21826
Colorado,Feb  6 2021,21286
Colorado,Jan 30 2021,20660
Colorado,Jan 23 2021,19979
Colorado,Jan 16 2021,19142
Colorado,Jan  9 2021,18234
Colorado,Jan  2 2021,17277
Colorado,Dec 26 2020,16223
Colorado,Dec 19 2020,15073
Colorado,Dec 12 2020,13677
Colorado,Dec  5 2020,12000
Colorado,Nov 28 2020,10118
Colorado,Nov 21 2020,8232
Colorado,Nov 14 2020,6382
Colorado,Nov  7 2020,4838
Colorado,Oct 31 2020,3742
Colorado,Oct 24 2020,3000
Colorado,Oct 17 2020,2438
Colorado,Oct 10 2020,1980
Colorado,Oct  3 2020,1699
Colorado,Sep 26 2020,1495
Colorado,Sep 19 2020,1288
Colorado,Sep 12 2020,1143
Colorado,Sep  5 2020,1025
Colorado,Aug 29 2020,886
Colorado,Aug 22 2020,749
Colorado,Aug 15 2020,602
Colorado,Aug  8 2020,346
Colorado,Aug  1 2020,N/A
Colorado,Jul 25 2020,N/A
Colorado,Jul 18 2020,N/A
Colorado,Jul 11 2020,N/A
Colorado,Jul  4 2020,N/A
Colorado,Jun 27 2020,N/A
Colorado,Jun 20 2020,N/A
Colorado,Jun 13 2020,N/A
Colorado,Jun  6 2020,N/A
Colorado,May 30 2020,N/A
Colorado,May 23 2020,N/A
Colorado,May 16 2020,N/A
Colorado,May  9 2020,N/A
Colorado,May  2 2020,N/A
Colorado,Apr 25 2020,N/A
Colorado,Apr 18 2020,N/A
Colorado,Apr 11 2020,N/A
Colorado,Apr  4 2020,N/A
Colorado,Mar 28 2020,N/A
Colorado,Mar 21 2020,N/A
Colorado,Mar 14 2020,N/A
Colorado,Mar  7 2020,N/A
Colorado,Feb 29 2020,N/A
Colorado,Feb 22 2020,N/A
Colorado,Feb 15 2020,N/A
Colorado,Feb  8 2020,N/A
Colorado,Feb  1 2020,N/A
Colorado,Jan 25 2020,N/A
Colorado,Jan 18 2020,N/A
Colorado,Jan 11 2020,N/A
