﻿Data Table for Cumulative COVID-19 Hospitalizations - Connecticut
Date generated: Thu Mar 21 2024 17:37:47 GMT-0500 (Central Daylight Time)
Geography,Date,Cumulative COVID-19 Hospitalizations
Connecticut,Mar  9 2024,72040
Connecticut,Mar  2 2024,71878
Connecticut,Feb 24 2024,71705
Connecticut,Feb 17 2024,71503
Connecticut,Feb 10 2024,71270
Connecticut,Feb  3 2024,71021
Connecticut,Jan 27 2024,70757
Connecticut,Jan 20 2024,70401
Connecticut,Jan 13 2024,70026
Connecticut,Jan  6 2024,69544
Connecticut,Dec 30 2023,69135
Connecticut,Dec 23 2023,68664
Connecticut,Dec 16 2023,68300
Connecticut,Dec  9 2023,67963
Connecticut,Dec  2 2023,67633
Connecticut,Nov 25 2023,67311
Connecticut,Nov 18 2023,67015
Connecticut,Nov 11 2023,66757
Connecticut,Nov  4 2023,66557
Connecticut,Oct 28 2023,66375
Connecticut,Oct 21 2023,66171
Connecticut,Oct 14 2023,65955
Connecticut,Oct  7 2023,65711
Connecticut,Sep 30 2023,65478
Connecticut,Sep 23 2023,65217
Connecticut,Sep 16 2023,64930
Connecticut,Sep  9 2023,64719
Connecticut,Sep  2 2023,64516
Connecticut,Aug 26 2023,64321
Connecticut,Aug 19 2023,64137
Connecticut,Aug 12 2023,63952
Connecticut,Aug  5 2023,63791
Connecticut,Jul 29 2023,63673
Connecticut,Jul 22 2023,63570
Connecticut,Jul 15 2023,63473
Connecticut,Jul  8 2023,63394
Connecticut,Jul  1 2023,63328
Connecticut,Jun 24 2023,63248
Connecticut,Jun 17 2023,63178
Connecticut,Jun 10 2023,63095
Connecticut,Jun  3 2023,63008
Connecticut,May 27 2023,62912
Connecticut,May 20 2023,62829
Connecticut,May 13 2023,62741
Connecticut,May  6 2023,62651
Connecticut,Apr 29 2023,62549
Connecticut,Apr 22 2023,62429
Connecticut,Apr 15 2023,62291
Connecticut,Apr  8 2023,62157
Connecticut,Apr  1 2023,61994
Connecticut,Mar 25 2023,61821
Connecticut,Mar 18 2023,61647
Connecticut,Mar 11 2023,61435
Connecticut,Mar  4 2023,61163
Connecticut,Feb 25 2023,60835
Connecticut,Feb 18 2023,60453
Connecticut,Feb 11 2023,60054
Connecticut,Feb  4 2023,59659
Connecticut,Jan 28 2023,59153
Connecticut,Jan 21 2023,58618
Connecticut,Jan 14 2023,57964
Connecticut,Jan  7 2023,57166
Connecticut,Dec 31 2022,56365
Connecticut,Dec 24 2022,55557
Connecticut,Dec 17 2022,54916
Connecticut,Dec 10 2022,54300
Connecticut,Dec  3 2022,53792
Connecticut,Nov 26 2022,53264
Connecticut,Nov 19 2022,52854
Connecticut,Nov 12 2022,52443
Connecticut,Nov  5 2022,51983
Connecticut,Oct 29 2022,51546
Connecticut,Oct 22 2022,51084
Connecticut,Oct 15 2022,50572
Connecticut,Oct  8 2022,50066
Connecticut,Oct  1 2022,49576
Connecticut,Sep 24 2022,49095
Connecticut,Sep 17 2022,48603
Connecticut,Sep 10 2022,48209
Connecticut,Sep  3 2022,47857
Connecticut,Aug 27 2022,47442
Connecticut,Aug 20 2022,47007
Connecticut,Aug 13 2022,46580
Connecticut,Aug  6 2022,46147
Connecticut,Jul 30 2022,45715
Connecticut,Jul 23 2022,45277
Connecticut,Jul 16 2022,44911
Connecticut,Jul  9 2022,44524
Connecticut,Jul  2 2022,44119
Connecticut,Jun 25 2022,43766
Connecticut,Jun 18 2022,43435
Connecticut,Jun 11 2022,43109
Connecticut,Jun  4 2022,42735
Connecticut,May 28 2022,42337
Connecticut,May 21 2022,41899
Connecticut,May 14 2022,41432
Connecticut,May  7 2022,41014
Connecticut,Apr 30 2022,40662
Connecticut,Apr 23 2022,40313
Connecticut,Apr 16 2022,40077
Connecticut,Apr  9 2022,39855
Connecticut,Apr  2 2022,39684
Connecticut,Mar 26 2022,39542
Connecticut,Mar 19 2022,39407
Connecticut,Mar 12 2022,39258
Connecticut,Mar  5 2022,39074
Connecticut,Feb 26 2022,38888
Connecticut,Feb 19 2022,38607
Connecticut,Feb 12 2022,38309
Connecticut,Feb  5 2022,37810
Connecticut,Jan 29 2022,37086
Connecticut,Jan 22 2022,35971
Connecticut,Jan 15 2022,34439
Connecticut,Jan  8 2022,32563
Connecticut,Jan  1 2022,30608
Connecticut,Dec 25 2021,29358
Connecticut,Dec 18 2021,28638
Connecticut,Dec 11 2021,27866
Connecticut,Dec  4 2021,27216
Connecticut,Nov 27 2021,26755
Connecticut,Nov 20 2021,26435
Connecticut,Nov 13 2021,26189
Connecticut,Nov  6 2021,25953
Connecticut,Oct 30 2021,25762
Connecticut,Oct 23 2021,25579
Connecticut,Oct 16 2021,25379
Connecticut,Oct  9 2021,25157
Connecticut,Oct  2 2021,24928
Connecticut,Sep 25 2021,24685
Connecticut,Sep 18 2021,24445
Connecticut,Sep 11 2021,24168
Connecticut,Sep  4 2021,23848
Connecticut,Aug 28 2021,23565
Connecticut,Aug 21 2021,23193
Connecticut,Aug 14 2021,22861
Connecticut,Aug  7 2021,22555
Connecticut,Jul 31 2021,22329
Connecticut,Jul 24 2021,22178
Connecticut,Jul 17 2021,22073
Connecticut,Jul 10 2021,22006
Connecticut,Jul  3 2021,21960
Connecticut,Jun 26 2021,21914
Connecticut,Jun 19 2021,21848
Connecticut,Jun 12 2021,21789
Connecticut,Jun  5 2021,21708
Connecticut,May 29 2021,21593
Connecticut,May 22 2021,21474
Connecticut,May 15 2021,21219
Connecticut,May  8 2021,20902
Connecticut,May  1 2021,20493
Connecticut,Apr 24 2021,19980
Connecticut,Apr 17 2021,19427
Connecticut,Apr 10 2021,18792
Connecticut,Apr  3 2021,18105
Connecticut,Mar 27 2021,17465
Connecticut,Mar 20 2021,16876
Connecticut,Mar 13 2021,16368
Connecticut,Mar  6 2021,15850
Connecticut,Feb 27 2021,15318
Connecticut,Feb 20 2021,14793
Connecticut,Feb 13 2021,14216
Connecticut,Feb  6 2021,13567
Connecticut,Jan 30 2021,12785
Connecticut,Jan 23 2021,11942
Connecticut,Jan 16 2021,10967
Connecticut,Jan  9 2021,9919
Connecticut,Jan  2 2021,8846
Connecticut,Dec 26 2020,7932
Connecticut,Dec 19 2020,6942
Connecticut,Dec 12 2020,6025
Connecticut,Dec  5 2020,4976
Connecticut,Nov 28 2020,4040
Connecticut,Nov 21 2020,3232
Connecticut,Nov 14 2020,2538
Connecticut,Nov  7 2020,1880
Connecticut,Oct 31 2020,1510
Connecticut,Oct 24 2020,1212
Connecticut,Oct 17 2020,999
Connecticut,Oct 10 2020,837
Connecticut,Oct  3 2020,705
Connecticut,Sep 26 2020,592
Connecticut,Sep 19 2020,523
Connecticut,Sep 12 2020,431
Connecticut,Sep  5 2020,369
Connecticut,Aug 29 2020,291
Connecticut,Aug 22 2020,229
Connecticut,Aug 15 2020,152
Connecticut,Aug  8 2020,101
Connecticut,Aug  1 2020,N/A
Connecticut,Jul 25 2020,N/A
Connecticut,Jul 18 2020,N/A
Connecticut,Jul 11 2020,N/A
Connecticut,Jul  4 2020,N/A
Connecticut,Jun 27 2020,N/A
Connecticut,Jun 20 2020,N/A
Connecticut,Jun 13 2020,N/A
Connecticut,Jun  6 2020,N/A
Connecticut,May 30 2020,N/A
Connecticut,May 23 2020,N/A
Connecticut,May 16 2020,N/A
Connecticut,May  9 2020,N/A
Connecticut,May  2 2020,N/A
Connecticut,Apr 25 2020,N/A
Connecticut,Apr 18 2020,N/A
Connecticut,Apr 11 2020,N/A
Connecticut,Apr  4 2020,N/A
Connecticut,Mar 28 2020,N/A
Connecticut,Mar 21 2020,N/A
Connecticut,Mar 14 2020,N/A
Connecticut,Mar  7 2020,N/A
Connecticut,Feb 29 2020,N/A
Connecticut,Feb 22 2020,N/A
Connecticut,Feb 15 2020,N/A
Connecticut,Feb  8 2020,N/A
Connecticut,Feb  1 2020,N/A
Connecticut,Jan 25 2020,N/A
Connecticut,Jan 18 2020,N/A
Connecticut,Jan 11 2020,N/A
