﻿Data Table for Cumulative COVID-19 Hospitalizations - Delaware
Date generated: Thu Mar 21 2024 17:38:06 GMT-0500 (Central Daylight Time)
Geography,Date,Cumulative COVID-19 Hospitalizations
Delaware,Mar  9 2024,21855
Delaware,Mar  2 2024,21805
Delaware,Feb 24 2024,21726
Delaware,Feb 17 2024,21652
Delaware,Feb 10 2024,21589
Delaware,Feb  3 2024,21515
Delaware,Jan 27 2024,21464
Delaware,Jan 20 2024,21402
Delaware,Jan 13 2024,21323
Delaware,Jan  6 2024,21214
Delaware,Dec 30 2023,21104
Delaware,Dec 23 2023,20997
Delaware,Dec 16 2023,20895
Delaware,Dec  9 2023,20832
Delaware,Dec  2 2023,20768
Delaware,Nov 25 2023,20692
Delaware,Nov 18 2023,20631
Delaware,Nov 11 2023,20583
Delaware,Nov  4 2023,20539
Delaware,Oct 28 2023,20491
Delaware,Oct 21 2023,20453
Delaware,Oct 14 2023,20407
Delaware,Oct  7 2023,20344
Delaware,Sep 30 2023,20287
Delaware,Sep 23 2023,20217
Delaware,Sep 16 2023,20159
Delaware,Sep  9 2023,20115
Delaware,Sep  2 2023,20071
Delaware,Aug 26 2023,20044
Delaware,Aug 19 2023,20008
Delaware,Aug 12 2023,19977
Delaware,Aug  5 2023,19947
Delaware,Jul 29 2023,19923
Delaware,Jul 22 2023,19907
Delaware,Jul 15 2023,19891
Delaware,Jul  8 2023,19869
Delaware,Jul  1 2023,19848
Delaware,Jun 24 2023,19833
Delaware,Jun 17 2023,19823
Delaware,Jun 10 2023,19797
Delaware,Jun  3 2023,19785
Delaware,May 27 2023,19773
Delaware,May 20 2023,19754
Delaware,May 13 2023,19736
Delaware,May  6 2023,19722
Delaware,Apr 29 2023,19702
Delaware,Apr 22 2023,19671
Delaware,Apr 15 2023,19631
Delaware,Apr  8 2023,19579
Delaware,Apr  1 2023,19516
Delaware,Mar 25 2023,19454
Delaware,Mar 18 2023,19397
Delaware,Mar 11 2023,19308
Delaware,Mar  4 2023,19243
Delaware,Feb 25 2023,19182
Delaware,Feb 18 2023,19088
Delaware,Feb 11 2023,18980
Delaware,Feb  4 2023,18868
Delaware,Jan 28 2023,18738
Delaware,Jan 21 2023,18635
Delaware,Jan 14 2023,18522
Delaware,Jan  7 2023,18382
Delaware,Dec 31 2022,18214
Delaware,Dec 24 2022,18055
Delaware,Dec 17 2022,17951
Delaware,Dec 10 2022,17837
Delaware,Dec  3 2022,17737
Delaware,Nov 26 2022,17619
Delaware,Nov 19 2022,17520
Delaware,Nov 12 2022,17442
Delaware,Nov  5 2022,17372
Delaware,Oct 29 2022,17287
Delaware,Oct 22 2022,17217
Delaware,Oct 15 2022,17134
Delaware,Oct  8 2022,17039
Delaware,Oct  1 2022,16925
Delaware,Sep 24 2022,16801
Delaware,Sep 17 2022,16694
Delaware,Sep 10 2022,16600
Delaware,Sep  3 2022,16490
Delaware,Aug 27 2022,16350
Delaware,Aug 20 2022,16218
Delaware,Aug 13 2022,16077
Delaware,Aug  6 2022,15917
Delaware,Jul 30 2022,15763
Delaware,Jul 23 2022,15627
Delaware,Jul 16 2022,15487
Delaware,Jul  9 2022,15344
Delaware,Jul  2 2022,15242
Delaware,Jun 25 2022,15137
Delaware,Jun 18 2022,15034
Delaware,Jun 11 2022,14912
Delaware,Jun  4 2022,14806
Delaware,May 28 2022,14670
Delaware,May 21 2022,14523
Delaware,May 14 2022,14372
Delaware,May  7 2022,14247
Delaware,Apr 30 2022,14148
Delaware,Apr 23 2022,14083
Delaware,Apr 16 2022,14035
Delaware,Apr  9 2022,13999
Delaware,Apr  2 2022,13954
Delaware,Mar 26 2022,13912
Delaware,Mar 19 2022,13865
Delaware,Mar 12 2022,13822
Delaware,Mar  5 2022,13767
Delaware,Feb 26 2022,13699
Delaware,Feb 19 2022,13610
Delaware,Feb 12 2022,13495
Delaware,Feb  5 2022,13327
Delaware,Jan 29 2022,13027
Delaware,Jan 22 2022,12622
Delaware,Jan 15 2022,12133
Delaware,Jan  8 2022,11477
Delaware,Jan  1 2022,10822
Delaware,Dec 25 2021,10404
Delaware,Dec 18 2021,10129
Delaware,Dec 11 2021,9826
Delaware,Dec  4 2021,9583
Delaware,Nov 27 2021,9378
Delaware,Nov 20 2021,9223
Delaware,Nov 13 2021,9085
Delaware,Nov  6 2021,8964
Delaware,Oct 30 2021,8837
Delaware,Oct 23 2021,8713
Delaware,Oct 16 2021,8577
Delaware,Oct  9 2021,8384
Delaware,Oct  2 2021,8208
Delaware,Sep 25 2021,8024
Delaware,Sep 18 2021,7833
Delaware,Sep 11 2021,7634
Delaware,Sep  4 2021,7444
Delaware,Aug 28 2021,7250
Delaware,Aug 21 2021,7078
Delaware,Aug 14 2021,6904
Delaware,Aug  7 2021,6798
Delaware,Jul 31 2021,6734
Delaware,Jul 24 2021,6717
Delaware,Jul 17 2021,6691
Delaware,Jul 10 2021,6673
Delaware,Jul  3 2021,6653
Delaware,Jun 26 2021,6644
Delaware,Jun 19 2021,6631
Delaware,Jun 12 2021,6614
Delaware,Jun  5 2021,6590
Delaware,May 29 2021,6552
Delaware,May 22 2021,6492
Delaware,May 15 2021,6425
Delaware,May  8 2021,6341
Delaware,May  1 2021,6252
Delaware,Apr 24 2021,6104
Delaware,Apr 17 2021,5944
Delaware,Apr 10 2021,5790
Delaware,Apr  3 2021,5659
Delaware,Mar 27 2021,5525
Delaware,Mar 20 2021,5415
Delaware,Mar 13 2021,5314
Delaware,Mar  6 2021,5237
Delaware,Feb 27 2021,5147
Delaware,Feb 20 2021,5002
Delaware,Feb 13 2021,4870
Delaware,Feb  6 2021,4681
Delaware,Jan 30 2021,4438
Delaware,Jan 23 2021,4172
Delaware,Jan 16 2021,3830
Delaware,Jan  9 2021,3457
Delaware,Jan  2 2021,3078
Delaware,Dec 26 2020,2759
Delaware,Dec 19 2020,2437
Delaware,Dec 12 2020,2079
Delaware,Dec  5 2020,1721
Delaware,Nov 28 2020,1372
Delaware,Nov 21 2020,1146
Delaware,Nov 14 2020,985
Delaware,Nov  7 2020,841
Delaware,Oct 31 2020,749
Delaware,Oct 24 2020,672
Delaware,Oct 17 2020,587
Delaware,Oct 10 2020,496
Delaware,Oct  3 2020,406
Delaware,Sep 26 2020,343
Delaware,Sep 19 2020,294
Delaware,Sep 12 2020,261
Delaware,Sep  5 2020,210
Delaware,Aug 29 2020,144
Delaware,Aug 22 2020,86
Delaware,Aug 15 2020,39
Delaware,Aug  8 2020,9
Delaware,Aug  1 2020,N/A
Delaware,Jul 25 2020,N/A
Delaware,Jul 18 2020,N/A
Delaware,Jul 11 2020,N/A
Delaware,Jul  4 2020,N/A
Delaware,Jun 27 2020,N/A
Delaware,Jun 20 2020,N/A
Delaware,Jun 13 2020,N/A
Delaware,Jun  6 2020,N/A
Delaware,May 30 2020,N/A
Delaware,May 23 2020,N/A
Delaware,May 16 2020,N/A
Delaware,May  9 2020,N/A
Delaware,May  2 2020,N/A
Delaware,Apr 25 2020,N/A
Delaware,Apr 18 2020,N/A
Delaware,Apr 11 2020,N/A
Delaware,Apr  4 2020,N/A
Delaware,Mar 28 2020,N/A
Delaware,Mar 21 2020,N/A
Delaware,Mar 14 2020,N/A
Delaware,Mar  7 2020,N/A
Delaware,Feb 29 2020,N/A
Delaware,Feb 22 2020,N/A
Delaware,Feb 15 2020,N/A
Delaware,Feb  8 2020,N/A
Delaware,Feb  1 2020,N/A
Delaware,Jan 25 2020,N/A
Delaware,Jan 18 2020,N/A
Delaware,Jan 11 2020,N/A
