﻿Data Table for Cumulative COVID-19 Hospitalizations - District of Columbia
Date generated: Thu Mar 21 2024 17:38:25 GMT-0500 (Central Daylight Time)
Geography,Date,Cumulative COVID-19 Hospitalizations
District of Columbia,Mar  9 2024,17960
District of Columbia,Mar  2 2024,17906
District of Columbia,Feb 24 2024,17857
District of Columbia,Feb 17 2024,17798
District of Columbia,Feb 10 2024,17729
District of Columbia,Feb  3 2024,17661
District of Columbia,Jan 27 2024,17609
District of Columbia,Jan 20 2024,17550
District of Columbia,Jan 13 2024,17467
District of Columbia,Jan  6 2024,17368
District of Columbia,Dec 30 2023,17282
District of Columbia,Dec 23 2023,17207
District of Columbia,Dec 16 2023,17131
District of Columbia,Dec  9 2023,17083
District of Columbia,Dec  2 2023,17041
District of Columbia,Nov 25 2023,16998
District of Columbia,Nov 18 2023,16958
District of Columbia,Nov 11 2023,16924
District of Columbia,Nov  4 2023,16873
District of Columbia,Oct 28 2023,16834
District of Columbia,Oct 21 2023,16786
District of Columbia,Oct 14 2023,16731
District of Columbia,Oct  7 2023,16681
District of Columbia,Sep 30 2023,16631
District of Columbia,Sep 23 2023,16570
District of Columbia,Sep 16 2023,16496
District of Columbia,Sep  9 2023,16428
District of Columbia,Sep  2 2023,16357
District of Columbia,Aug 26 2023,16279
District of Columbia,Aug 19 2023,16238
District of Columbia,Aug 12 2023,16203
District of Columbia,Aug  5 2023,16162
District of Columbia,Jul 29 2023,16133
District of Columbia,Jul 22 2023,16118
District of Columbia,Jul 15 2023,16090
District of Columbia,Jul  8 2023,16058
District of Columbia,Jul  1 2023,16044
District of Columbia,Jun 24 2023,16026
District of Columbia,Jun 17 2023,16011
District of Columbia,Jun 10 2023,15995
District of Columbia,Jun  3 2023,15976
District of Columbia,May 27 2023,15961
District of Columbia,May 20 2023,15945
District of Columbia,May 13 2023,15923
District of Columbia,May  6 2023,15905
District of Columbia,Apr 29 2023,15886
District of Columbia,Apr 22 2023,15873
District of Columbia,Apr 15 2023,15846
District of Columbia,Apr  8 2023,15804
District of Columbia,Apr  1 2023,15773
District of Columbia,Mar 25 2023,15723
District of Columbia,Mar 18 2023,15677
District of Columbia,Mar 11 2023,15625
District of Columbia,Mar  4 2023,15582
District of Columbia,Feb 25 2023,15509
District of Columbia,Feb 18 2023,15437
District of Columbia,Feb 11 2023,15371
District of Columbia,Feb  4 2023,15266
District of Columbia,Jan 28 2023,15156
District of Columbia,Jan 21 2023,15054
District of Columbia,Jan 14 2023,14897
District of Columbia,Jan  7 2023,14731
District of Columbia,Dec 31 2022,14540
District of Columbia,Dec 24 2022,14383
District of Columbia,Dec 17 2022,14222
District of Columbia,Dec 10 2022,14091
District of Columbia,Dec  3 2022,13964
District of Columbia,Nov 26 2022,13846
District of Columbia,Nov 19 2022,13771
District of Columbia,Nov 12 2022,13693
District of Columbia,Nov  5 2022,13602
District of Columbia,Oct 29 2022,13502
District of Columbia,Oct 22 2022,13433
District of Columbia,Oct 15 2022,13357
District of Columbia,Oct  8 2022,13286
District of Columbia,Oct  1 2022,13217
District of Columbia,Sep 24 2022,13129
District of Columbia,Sep 17 2022,13044
District of Columbia,Sep 10 2022,12949
District of Columbia,Sep  3 2022,12845
District of Columbia,Aug 27 2022,12743
District of Columbia,Aug 20 2022,12600
District of Columbia,Aug 13 2022,12453
District of Columbia,Aug  6 2022,12304
District of Columbia,Jul 30 2022,12164
District of Columbia,Jul 23 2022,12015
District of Columbia,Jul 16 2022,11888
District of Columbia,Jul  9 2022,11748
District of Columbia,Jul  2 2022,11623
District of Columbia,Jun 25 2022,11492
District of Columbia,Jun 18 2022,11382
District of Columbia,Jun 11 2022,11271
District of Columbia,Jun  4 2022,11165
District of Columbia,May 28 2022,11077
District of Columbia,May 21 2022,10973
District of Columbia,May 14 2022,10879
District of Columbia,May  7 2022,10814
District of Columbia,Apr 30 2022,10746
District of Columbia,Apr 23 2022,10682
District of Columbia,Apr 16 2022,10651
District of Columbia,Apr  9 2022,10626
District of Columbia,Apr  2 2022,10597
District of Columbia,Mar 26 2022,10579
District of Columbia,Mar 19 2022,10563
District of Columbia,Mar 12 2022,10538
District of Columbia,Mar  5 2022,10488
District of Columbia,Feb 26 2022,10423
District of Columbia,Feb 19 2022,10365
District of Columbia,Feb 12 2022,10274
District of Columbia,Feb  5 2022,10175
District of Columbia,Jan 29 2022,10039
District of Columbia,Jan 22 2022,9799
District of Columbia,Jan 15 2022,9475
District of Columbia,Jan  8 2022,8895
District of Columbia,Jan  1 2022,8301
District of Columbia,Dec 25 2021,7712
District of Columbia,Dec 18 2021,7432
District of Columbia,Dec 11 2021,7289
District of Columbia,Dec  4 2021,7193
District of Columbia,Nov 27 2021,7124
District of Columbia,Nov 20 2021,7077
District of Columbia,Nov 13 2021,7030
District of Columbia,Nov  6 2021,6991
District of Columbia,Oct 30 2021,6961
District of Columbia,Oct 23 2021,6914
District of Columbia,Oct 16 2021,6867
District of Columbia,Oct  9 2021,6800
District of Columbia,Oct  2 2021,6721
District of Columbia,Sep 25 2021,6635
District of Columbia,Sep 18 2021,6532
District of Columbia,Sep 11 2021,6433
District of Columbia,Sep  4 2021,6290
District of Columbia,Aug 28 2021,6196
District of Columbia,Aug 21 2021,6059
District of Columbia,Aug 14 2021,5948
District of Columbia,Aug  7 2021,5860
District of Columbia,Jul 31 2021,5813
District of Columbia,Jul 24 2021,5788
District of Columbia,Jul 17 2021,5767
District of Columbia,Jul 10 2021,5742
District of Columbia,Jul  3 2021,5729
District of Columbia,Jun 26 2021,5695
District of Columbia,Jun 19 2021,5666
District of Columbia,Jun 12 2021,5632
District of Columbia,Jun  5 2021,5595
District of Columbia,May 29 2021,5542
District of Columbia,May 22 2021,5490
District of Columbia,May 15 2021,5439
District of Columbia,May  8 2021,5365
District of Columbia,May  1 2021,5279
District of Columbia,Apr 24 2021,5183
District of Columbia,Apr 17 2021,5050
District of Columbia,Apr 10 2021,4932
District of Columbia,Apr  3 2021,4790
District of Columbia,Mar 27 2021,4664
District of Columbia,Mar 20 2021,4539
District of Columbia,Mar 13 2021,4413
District of Columbia,Mar  6 2021,4291
District of Columbia,Feb 27 2021,4178
District of Columbia,Feb 20 2021,4033
District of Columbia,Feb 13 2021,3873
District of Columbia,Feb  6 2021,3707
District of Columbia,Jan 30 2021,3490
District of Columbia,Jan 23 2021,3276
District of Columbia,Jan 16 2021,3058
District of Columbia,Jan  9 2021,2801
District of Columbia,Jan  2 2021,2539
District of Columbia,Dec 26 2020,2313
District of Columbia,Dec 19 2020,2125
District of Columbia,Dec 12 2020,1909
District of Columbia,Dec  5 2020,1708
District of Columbia,Nov 28 2020,1515
District of Columbia,Nov 21 2020,1387
District of Columbia,Nov 14 2020,1255
District of Columbia,Nov  7 2020,1130
District of Columbia,Oct 31 2020,1058
District of Columbia,Oct 24 2020,971
District of Columbia,Oct 17 2020,888
District of Columbia,Oct 10 2020,833
District of Columbia,Oct  3 2020,755
District of Columbia,Sep 26 2020,687
District of Columbia,Sep 19 2020,606
District of Columbia,Sep 12 2020,550
District of Columbia,Sep  5 2020,461
District of Columbia,Aug 29 2020,380
District of Columbia,Aug 22 2020,311
District of Columbia,Aug 15 2020,222
District of Columbia,Aug  8 2020,118
District of Columbia,Aug  1 2020,N/A
District of Columbia,Jul 25 2020,N/A
District of Columbia,Jul 18 2020,N/A
District of Columbia,Jul 11 2020,N/A
District of Columbia,Jul  4 2020,N/A
District of Columbia,Jun 27 2020,N/A
District of Columbia,Jun 20 2020,N/A
District of Columbia,Jun 13 2020,N/A
District of Columbia,Jun  6 2020,N/A
District of Columbia,May 30 2020,N/A
District of Columbia,May 23 2020,N/A
District of Columbia,May 16 2020,N/A
District of Columbia,May  9 2020,N/A
District of Columbia,May  2 2020,N/A
District of Columbia,Apr 25 2020,N/A
District of Columbia,Apr 18 2020,N/A
District of Columbia,Apr 11 2020,N/A
District of Columbia,Apr  4 2020,N/A
District of Columbia,Mar 28 2020,N/A
District of Columbia,Mar 21 2020,N/A
District of Columbia,Mar 14 2020,N/A
District of Columbia,Mar  7 2020,N/A
District of Columbia,Feb 29 2020,N/A
District of Columbia,Feb 22 2020,N/A
District of Columbia,Feb 15 2020,N/A
District of Columbia,Feb  8 2020,N/A
District of Columbia,Feb  1 2020,N/A
District of Columbia,Jan 25 2020,N/A
District of Columbia,Jan 18 2020,N/A
District of Columbia,Jan 11 2020,N/A
