﻿Data Table for Cumulative COVID-19 Hospitalizations - Florida
Date generated: Thu Mar 21 2024 17:38:45 GMT-0500 (Central Daylight Time)
Geography,Date,Cumulative COVID-19 Hospitalizations
Florida,Mar  9 2024,606876
Florida,Mar  2 2024,605741
Florida,Feb 24 2024,604368
Florida,Feb 17 2024,602853
Florida,Feb 10 2024,601069
Florida,Feb  3 2024,599199
Florida,Jan 27 2024,597221
Florida,Jan 20 2024,595189
Florida,Jan 13 2024,593195
Florida,Jan  6 2024,591125
Florida,Dec 30 2023,589006
Florida,Dec 23 2023,587232
Florida,Dec 16 2023,585796
Florida,Dec  9 2023,584633
Florida,Dec  2 2023,583737
Florida,Nov 25 2023,582930
Florida,Nov 18 2023,582203
Florida,Nov 11 2023,581462
Florida,Nov  4 2023,580730
Florida,Oct 28 2023,579886
Florida,Oct 21 2023,579057
Florida,Oct 14 2023,578126
Florida,Oct  7 2023,577091
Florida,Sep 30 2023,575957
Florida,Sep 23 2023,574614
Florida,Sep 16 2023,572971
Florida,Sep  9 2023,570897
Florida,Sep  2 2023,568538
Florida,Aug 26 2023,565938
Florida,Aug 19 2023,563475
Florida,Aug 12 2023,561360
Florida,Aug  5 2023,559414
Florida,Jul 29 2023,557670
Florida,Jul 22 2023,556156
Florida,Jul 15 2023,554937
Florida,Jul  8 2023,553810
Florida,Jul  1 2023,552804
Florida,Jun 24 2023,551853
Florida,Jun 17 2023,550978
Florida,Jun 10 2023,550164
Florida,Jun  3 2023,549289
Florida,May 27 2023,548459
Florida,May 20 2023,547658
Florida,May 13 2023,546877
Florida,May  6 2023,546024
Florida,Apr 29 2023,545149
Florida,Apr 22 2023,544248
Florida,Apr 15 2023,543255
Florida,Apr  8 2023,542165
Florida,Apr  1 2023,540975
Florida,Mar 25 2023,539714
Florida,Mar 18 2023,538434
Florida,Mar 11 2023,537169
Florida,Mar  4 2023,535735
Florida,Feb 25 2023,534194
Florida,Feb 18 2023,532487
Florida,Feb 11 2023,530732
Florida,Feb  4 2023,528681
Florida,Jan 28 2023,526409
Florida,Jan 21 2023,523915
Florida,Jan 14 2023,521159
Florida,Jan  7 2023,518091
Florida,Dec 31 2022,514470
Florida,Dec 24 2022,511496
Florida,Dec 17 2022,509048
Florida,Dec 10 2022,506937
Florida,Dec  3 2022,505146
Florida,Nov 26 2022,503454
Florida,Nov 19 2022,502170
Florida,Nov 12 2022,500901
Florida,Nov  5 2022,499663
Florida,Oct 29 2022,498479
Florida,Oct 22 2022,497215
Florida,Oct 15 2022,496029
Florida,Oct  8 2022,494676
Florida,Oct  1 2022,493239
Florida,Sep 24 2022,491595
Florida,Sep 17 2022,489479
Florida,Sep 10 2022,486959
Florida,Sep  3 2022,484066
Florida,Aug 27 2022,480664
Florida,Aug 20 2022,476905
Florida,Aug 13 2022,472825
Florida,Aug  6 2022,468258
Florida,Jul 30 2022,463209
Florida,Jul 23 2022,458017
Florida,Jul 16 2022,452759
Florida,Jul  9 2022,447663
Florida,Jul  2 2022,442807
Florida,Jun 25 2022,438182
Florida,Jun 18 2022,433850
Florida,Jun 11 2022,429715
Florida,Jun  4 2022,425908
Florida,May 28 2022,422595
Florida,May 21 2022,419731
Florida,May 14 2022,417547
Florida,May  7 2022,415786
Florida,Apr 30 2022,414330
Florida,Apr 23 2022,413161
Florida,Apr 16 2022,412238
Florida,Apr  9 2022,411403
Florida,Apr  2 2022,410721
Florida,Mar 26 2022,410009
Florida,Mar 19 2022,409201
Florida,Mar 12 2022,408224
Florida,Mar  5 2022,406833
Florida,Feb 26 2022,404881
Florida,Feb 19 2022,401992
Florida,Feb 12 2022,397674
Florida,Feb  5 2022,391541
Florida,Jan 29 2022,383185
Florida,Jan 22 2022,372603
Florida,Jan 15 2022,359560
Florida,Jan  8 2022,345021
Florida,Jan  1 2022,331914
Florida,Dec 25 2021,324099
Florida,Dec 18 2021,320913
Florida,Dec 11 2021,319263
Florida,Dec  4 2021,317898
Florida,Nov 27 2021,316654
Florida,Nov 20 2021,315482
Florida,Nov 13 2021,314176
Florida,Nov  6 2021,312873
Florida,Oct 30 2021,311449
Florida,Oct 23 2021,309782
Florida,Oct 16 2021,307743
Florida,Oct  9 2021,305194
Florida,Oct  2 2021,301980
Florida,Sep 25 2021,297892
Florida,Sep 18 2021,292440
Florida,Sep 11 2021,285149
Florida,Sep  4 2021,275677
Florida,Aug 28 2021,263965
Florida,Aug 21 2021,250234
Florida,Aug 14 2021,234691
Florida,Aug  7 2021,219114
Florida,Jul 31 2021,204859
Florida,Jul 24 2021,193942
Florida,Jul 17 2021,186397
Florida,Jul 10 2021,181826
Florida,Jul  3 2021,178767
Florida,Jun 26 2021,176679
Florida,Jun 19 2021,174923
Florida,Jun 12 2021,173195
Florida,Jun  5 2021,171450
Florida,May 29 2021,169578
Florida,May 22 2021,167284
Florida,May 15 2021,164914
Florida,May  8 2021,162007
Florida,May  1 2021,158927
Florida,Apr 24 2021,155382
Florida,Apr 17 2021,151623
Florida,Apr 10 2021,147865
Florida,Apr  3 2021,144371
Florida,Mar 27 2021,141080
Florida,Mar 20 2021,137911
Florida,Mar 13 2021,134693
Florida,Mar  6 2021,131289
Florida,Feb 27 2021,127422
Florida,Feb 20 2021,123230
Florida,Feb 13 2021,118483
Florida,Feb  6 2021,113374
Florida,Jan 30 2021,107565
Florida,Jan 23 2021,101009
Florida,Jan 16 2021,93806
Florida,Jan  9 2021,86082
Florida,Jan  2 2021,77974
Florida,Dec 26 2020,70790
Florida,Dec 19 2020,64842
Florida,Dec 12 2020,59235
Florida,Dec  5 2020,54357
Florida,Nov 28 2020,49757
Florida,Nov 21 2020,45741
Florida,Nov 14 2020,42107
Florida,Nov  7 2020,38763
Florida,Oct 31 2020,35962
Florida,Oct 24 2020,32993
Florida,Oct 17 2020,30740
Florida,Oct 10 2020,28759
Florida,Oct  3 2020,26754
Florida,Sep 26 2020,24935
Florida,Sep 19 2020,23010
Florida,Sep 12 2020,20912
Florida,Sep  5 2020,18732
Florida,Aug 29 2020,16111
Florida,Aug 22 2020,13035
Florida,Aug 15 2020,9463
Florida,Aug  8 2020,5369
Florida,Aug  1 2020,N/A
Florida,Jul 25 2020,N/A
Florida,Jul 18 2020,N/A
Florida,Jul 11 2020,N/A
Florida,Jul  4 2020,N/A
Florida,Jun 27 2020,N/A
Florida,Jun 20 2020,N/A
Florida,Jun 13 2020,N/A
Florida,Jun  6 2020,N/A
Florida,May 30 2020,N/A
Florida,May 23 2020,N/A
Florida,May 16 2020,N/A
Florida,May  9 2020,N/A
Florida,May  2 2020,N/A
Florida,Apr 25 2020,N/A
Florida,Apr 18 2020,N/A
Florida,Apr 11 2020,N/A
Florida,Apr  4 2020,N/A
Florida,Mar 28 2020,N/A
Florida,Mar 21 2020,N/A
Florida,Mar 14 2020,N/A
Florida,Mar  7 2020,N/A
Florida,Feb 29 2020,N/A
Florida,Feb 22 2020,N/A
Florida,Feb 15 2020,N/A
Florida,Feb  8 2020,N/A
Florida,Feb  1 2020,N/A
Florida,Jan 25 2020,N/A
Florida,Jan 18 2020,N/A
Florida,Jan 11 2020,N/A
