﻿Data Table for Cumulative COVID-19 Hospitalizations - Georgia
Date generated: Thu Mar 21 2024 17:39:05 GMT-0500 (Central Daylight Time)
Geography,Date,Cumulative COVID-19 Hospitalizations
Georgia,Mar  9 2024,255118
Georgia,Mar  2 2024,254534
Georgia,Feb 24 2024,253847
Georgia,Feb 17 2024,253070
Georgia,Feb 10 2024,252196
Georgia,Feb  3 2024,251397
Georgia,Jan 27 2024,250560
Georgia,Jan 20 2024,249726
Georgia,Jan 13 2024,248833
Georgia,Jan  6 2024,247912
Georgia,Dec 30 2023,246964
Georgia,Dec 23 2023,246034
Georgia,Dec 16 2023,245296
Georgia,Dec  9 2023,244794
Georgia,Dec  2 2023,244360
Georgia,Nov 25 2023,243970
Georgia,Nov 18 2023,243623
Georgia,Nov 11 2023,243241
Georgia,Nov  4 2023,242867
Georgia,Oct 28 2023,242505
Georgia,Oct 21 2023,242153
Georgia,Oct 14 2023,241794
Georgia,Oct  7 2023,241416
Georgia,Sep 30 2023,241073
Georgia,Sep 23 2023,240673
Georgia,Sep 16 2023,240176
Georgia,Sep  9 2023,239571
Georgia,Sep  2 2023,238901
Georgia,Aug 26 2023,238155
Georgia,Aug 19 2023,237372
Georgia,Aug 12 2023,236739
Georgia,Aug  5 2023,236269
Georgia,Jul 29 2023,235865
Georgia,Jul 22 2023,235551
Georgia,Jul 15 2023,235313
Georgia,Jul  8 2023,235096
Georgia,Jul  1 2023,234911
Georgia,Jun 24 2023,234734
Georgia,Jun 17 2023,234568
Georgia,Jun 10 2023,234402
Georgia,Jun  3 2023,234199
Georgia,May 27 2023,234037
Georgia,May 20 2023,233857
Georgia,May 13 2023,233666
Georgia,May  6 2023,233424
Georgia,Apr 29 2023,233167
Georgia,Apr 22 2023,232918
Georgia,Apr 15 2023,232664
Georgia,Apr  8 2023,232396
Georgia,Apr  1 2023,232112
Georgia,Mar 25 2023,231746
Georgia,Mar 18 2023,231321
Georgia,Mar 11 2023,230896
Georgia,Mar  4 2023,230480
Georgia,Feb 25 2023,229949
Georgia,Feb 18 2023,229318
Georgia,Feb 11 2023,228530
Georgia,Feb  4 2023,227614
Georgia,Jan 28 2023,226648
Georgia,Jan 21 2023,225735
Georgia,Jan 14 2023,224714
Georgia,Jan  7 2023,223473
Georgia,Dec 31 2022,221875
Georgia,Dec 24 2022,220493
Georgia,Dec 17 2022,219449
Georgia,Dec 10 2022,218594
Georgia,Dec  3 2022,217805
Georgia,Nov 26 2022,217099
Georgia,Nov 19 2022,216629
Georgia,Nov 12 2022,216177
Georgia,Nov  5 2022,215621
Georgia,Oct 29 2022,215111
Georgia,Oct 22 2022,214573
Georgia,Oct 15 2022,214134
Georgia,Oct  8 2022,213644
Georgia,Oct  1 2022,213124
Georgia,Sep 24 2022,212549
Georgia,Sep 17 2022,211829
Georgia,Sep 10 2022,210963
Georgia,Sep  3 2022,209964
Georgia,Aug 27 2022,208753
Georgia,Aug 20 2022,207269
Georgia,Aug 13 2022,205768
Georgia,Aug  6 2022,204209
Georgia,Jul 30 2022,202660
Georgia,Jul 23 2022,200992
Georgia,Jul 16 2022,199381
Georgia,Jul  9 2022,198025
Georgia,Jul  2 2022,196792
Georgia,Jun 25 2022,195747
Georgia,Jun 18 2022,194828
Georgia,Jun 11 2022,194020
Georgia,Jun  4 2022,193302
Georgia,May 28 2022,192670
Georgia,May 21 2022,192182
Georgia,May 14 2022,191736
Georgia,May  7 2022,191424
Georgia,Apr 30 2022,191102
Georgia,Apr 23 2022,190853
Georgia,Apr 16 2022,190616
Georgia,Apr  9 2022,190339
Georgia,Apr  2 2022,190099
Georgia,Mar 26 2022,189799
Georgia,Mar 19 2022,189450
Georgia,Mar 12 2022,189045
Georgia,Mar  5 2022,188422
Georgia,Feb 26 2022,187530
Georgia,Feb 19 2022,186334
Georgia,Feb 12 2022,184660
Georgia,Feb  5 2022,182209
Georgia,Jan 29 2022,178546
Georgia,Jan 22 2022,173967
Georgia,Jan 15 2022,169004
Georgia,Jan  8 2022,163483
Georgia,Jan  1 2022,158050
Georgia,Dec 25 2021,154223
Georgia,Dec 18 2021,152642
Georgia,Dec 11 2021,151583
Georgia,Dec  4 2021,150615
Georgia,Nov 27 2021,149779
Georgia,Nov 20 2021,149027
Georgia,Nov 13 2021,148170
Georgia,Nov  6 2021,147278
Georgia,Oct 30 2021,146370
Georgia,Oct 23 2021,145255
Georgia,Oct 16 2021,144051
Georgia,Oct  9 2021,142633
Georgia,Oct  2 2021,140807
Georgia,Sep 25 2021,138445
Georgia,Sep 18 2021,135642
Georgia,Sep 11 2021,131897
Georgia,Sep  4 2021,127238
Georgia,Aug 28 2021,122170
Georgia,Aug 21 2021,116610
Georgia,Aug 14 2021,111806
Georgia,Aug  7 2021,107481
Georgia,Jul 31 2021,104176
Georgia,Jul 24 2021,101806
Georgia,Jul 17 2021,100464
Georgia,Jul 10 2021,99583
Georgia,Jul  3 2021,98928
Georgia,Jun 26 2021,98426
Georgia,Jun 19 2021,97939
Georgia,Jun 12 2021,97392
Georgia,Jun  5 2021,96740
Georgia,May 29 2021,96094
Georgia,May 22 2021,95278
Georgia,May 15 2021,94378
Georgia,May  8 2021,93367
Georgia,May  1 2021,92132
Georgia,Apr 24 2021,90881
Georgia,Apr 17 2021,89569
Georgia,Apr 10 2021,88248
Georgia,Apr  3 2021,86996
Georgia,Mar 27 2021,85714
Georgia,Mar 20 2021,84275
Georgia,Mar 13 2021,82881
Georgia,Mar  6 2021,81307
Georgia,Feb 27 2021,79893
Georgia,Feb 20 2021,78053
Georgia,Feb 13 2021,75832
Georgia,Feb  6 2021,72898
Georgia,Jan 30 2021,69348
Georgia,Jan 23 2021,65352
Georgia,Jan 16 2021,60171
Georgia,Jan  9 2021,54709
Georgia,Jan  2 2021,49109
Georgia,Dec 26 2020,44161
Georgia,Dec 19 2020,39853
Georgia,Dec 12 2020,36562
Georgia,Dec  5 2020,33347
Georgia,Nov 28 2020,30396
Georgia,Nov 21 2020,28036
Georgia,Nov 14 2020,25766
Georgia,Nov  7 2020,23427
Georgia,Oct 31 2020,21369
Georgia,Oct 24 2020,19419
Georgia,Oct 17 2020,17621
Georgia,Oct 10 2020,15779
Georgia,Oct  3 2020,13958
Georgia,Sep 26 2020,12068
Georgia,Sep 19 2020,10964
Georgia,Sep 12 2020,9742
Georgia,Sep  5 2020,8488
Georgia,Aug 29 2020,6940
Georgia,Aug 22 2020,5482
Georgia,Aug 15 2020,3055
Georgia,Aug  8 2020,1507
Georgia,Aug  1 2020,N/A
Georgia,Jul 25 2020,N/A
Georgia,Jul 18 2020,N/A
Georgia,Jul 11 2020,N/A
Georgia,Jul  4 2020,N/A
Georgia,Jun 27 2020,N/A
Georgia,Jun 20 2020,N/A
Georgia,Jun 13 2020,N/A
Georgia,Jun  6 2020,N/A
Georgia,May 30 2020,N/A
Georgia,May 23 2020,N/A
Georgia,May 16 2020,N/A
Georgia,May  9 2020,N/A
Georgia,May  2 2020,N/A
Georgia,Apr 25 2020,N/A
Georgia,Apr 18 2020,N/A
Georgia,Apr 11 2020,N/A
Georgia,Apr  4 2020,N/A
Georgia,Mar 28 2020,N/A
Georgia,Mar 21 2020,N/A
Georgia,Mar 14 2020,N/A
Georgia,Mar  7 2020,N/A
Georgia,Feb 29 2020,N/A
Georgia,Feb 22 2020,N/A
Georgia,Feb 15 2020,N/A
Georgia,Feb  8 2020,N/A
Georgia,Feb  1 2020,N/A
Georgia,Jan 25 2020,N/A
Georgia,Jan 18 2020,N/A
Georgia,Jan 11 2020,N/A
