﻿Data Table for Cumulative COVID-19 Hospitalizations - Guam
Date generated: Thu Mar 21 2024 17:39:23 GMT-0500 (Central Daylight Time)
Geography,Date,Cumulative COVID-19 Hospitalizations
Guam,Mar  9 2024,6264
Guam,Mar  2 2024,6263
Guam,Feb 24 2024,6263
Guam,Feb 17 2024,6261
Guam,Feb 10 2024,6260
Guam,Feb  3 2024,6251
Guam,Jan 27 2024,6246
Guam,Jan 20 2024,6244
Guam,Jan 13 2024,6233
Guam,Jan  6 2024,6218
Guam,Dec 30 2023,6205
Guam,Dec 23 2023,6198
Guam,Dec 16 2023,6197
Guam,Dec  9 2023,6194
Guam,Dec  2 2023,6192
Guam,Nov 25 2023,6192
Guam,Nov 18 2023,6188
Guam,Nov 11 2023,6186
Guam,Nov  4 2023,6183
Guam,Oct 28 2023,6179
Guam,Oct 21 2023,6177
Guam,Oct 14 2023,6176
Guam,Oct  7 2023,6175
Guam,Sep 30 2023,6173
Guam,Sep 23 2023,6171
Guam,Sep 16 2023,6168
Guam,Sep  9 2023,6166
Guam,Sep  2 2023,6163
Guam,Aug 26 2023,6156
Guam,Aug 19 2023,6148
Guam,Aug 12 2023,6143
Guam,Aug  5 2023,6141
Guam,Jul 29 2023,6137
Guam,Jul 22 2023,6133
Guam,Jul 15 2023,6127
Guam,Jul  8 2023,6120
Guam,Jul  1 2023,6112
Guam,Jun 24 2023,6107
Guam,Jun 17 2023,6102
Guam,Jun 10 2023,6098
Guam,Jun  3 2023,6091
Guam,May 27 2023,6077
Guam,May 20 2023,6069
Guam,May 13 2023,6062
Guam,May  6 2023,6053
Guam,Apr 29 2023,6043
Guam,Apr 22 2023,6035
Guam,Apr 15 2023,6031
Guam,Apr  8 2023,6027
Guam,Apr  1 2023,6023
Guam,Mar 25 2023,6020
Guam,Mar 18 2023,6017
Guam,Mar 11 2023,6016
Guam,Mar  4 2023,6016
Guam,Feb 25 2023,6014
Guam,Feb 18 2023,6012
Guam,Feb 11 2023,6006
Guam,Feb  4 2023,6000
Guam,Jan 28 2023,5993
Guam,Jan 21 2023,5986
Guam,Jan 14 2023,5979
Guam,Jan  7 2023,5964
Guam,Dec 31 2022,5949
Guam,Dec 24 2022,5937
Guam,Dec 17 2022,5923
Guam,Dec 10 2022,5918
Guam,Dec  3 2022,5911
Guam,Nov 26 2022,5900
Guam,Nov 19 2022,5889
Guam,Nov 12 2022,5883
Guam,Nov  5 2022,5882
Guam,Oct 29 2022,5880
Guam,Oct 22 2022,5875
Guam,Oct 15 2022,5871
Guam,Oct  8 2022,5866
Guam,Oct  1 2022,5864
Guam,Sep 24 2022,5863
Guam,Sep 17 2022,5857
Guam,Sep 10 2022,5842
Guam,Sep  3 2022,5828
Guam,Aug 27 2022,5816
Guam,Aug 20 2022,5799
Guam,Aug 13 2022,5778
Guam,Aug  6 2022,5748
Guam,Jul 30 2022,5720
Guam,Jul 23 2022,5700
Guam,Jul 16 2022,5672
Guam,Jul  9 2022,5659
Guam,Jul  2 2022,5639
Guam,Jun 25 2022,5622
Guam,Jun 18 2022,5611
Guam,Jun 11 2022,5602
Guam,Jun  4 2022,5596
Guam,May 28 2022,5588
Guam,May 21 2022,5579
Guam,May 14 2022,5574
Guam,May  7 2022,5568
Guam,Apr 30 2022,5557
Guam,Apr 23 2022,5531
Guam,Apr 16 2022,5461
Guam,Apr  9 2022,5358
Guam,Apr  2 2022,5265
Guam,Mar 26 2022,5191
Guam,Mar 19 2022,5026
Guam,Mar 12 2022,4843
Guam,Mar  5 2022,4641
Guam,Feb 26 2022,4438
Guam,Feb 19 2022,4255
Guam,Feb 12 2022,4009
Guam,Feb  5 2022,3807
Guam,Jan 29 2022,3611
Guam,Jan 22 2022,3487
Guam,Jan 15 2022,3394
Guam,Jan  8 2022,3329
Guam,Jan  1 2022,3294
Guam,Dec 25 2021,3262
Guam,Dec 18 2021,3247
Guam,Dec 11 2021,3224
Guam,Dec  4 2021,3191
Guam,Nov 27 2021,3121
Guam,Nov 20 2021,3036
Guam,Nov 13 2021,2914
Guam,Nov  6 2021,2773
Guam,Oct 30 2021,2587
Guam,Oct 23 2021,2384
Guam,Oct 16 2021,2190
Guam,Oct  9 2021,1978
Guam,Oct  2 2021,1757
Guam,Sep 25 2021,1512
Guam,Sep 18 2021,1247
Guam,Sep 11 2021,980
Guam,Sep  4 2021,775
Guam,Aug 28 2021,751
Guam,Aug 21 2021,740
Guam,Aug 14 2021,727
Guam,Aug  7 2021,722
Guam,Jul 31 2021,720
Guam,Jul 24 2021,719
Guam,Jul 17 2021,719
Guam,Jul 10 2021,716
Guam,Jul  3 2021,713
Guam,Jun 26 2021,710
Guam,Jun 19 2021,709
Guam,Jun 12 2021,705
Guam,Jun  5 2021,702
Guam,May 29 2021,700
Guam,May 22 2021,700
Guam,May 15 2021,695
Guam,May  8 2021,692
Guam,May  1 2021,684
Guam,Apr 24 2021,679
Guam,Apr 17 2021,675
Guam,Apr 10 2021,671
Guam,Apr  3 2021,667
Guam,Mar 27 2021,667
Guam,Mar 20 2021,665
Guam,Mar 13 2021,661
Guam,Mar  6 2021,658
Guam,Feb 27 2021,656
Guam,Feb 20 2021,653
Guam,Feb 13 2021,652
Guam,Feb  6 2021,645
Guam,Jan 30 2021,641
Guam,Jan 23 2021,636
Guam,Jan 16 2021,630
Guam,Jan  9 2021,628
Guam,Jan  2 2021,624
Guam,Dec 26 2020,619
Guam,Dec 19 2020,612
Guam,Dec 12 2020,599
Guam,Dec  5 2020,583
Guam,Nov 28 2020,564
Guam,Nov 21 2020,542
Guam,Nov 14 2020,510
Guam,Nov  7 2020,473
Guam,Oct 31 2020,435
Guam,Oct 24 2020,381
Guam,Oct 17 2020,328
Guam,Oct 10 2020,276
Guam,Oct  3 2020,223
Guam,Sep 26 2020,200
Guam,Sep 19 2020,179
Guam,Sep 12 2020,155
Guam,Sep  5 2020,117
Guam,Aug 29 2020,71
Guam,Aug 22 2020,29
Guam,Aug 15 2020,13
