﻿Data Table for Cumulative COVID-19 Hospitalizations - Hawaii
Date generated: Thu Mar 21 2024 17:39:43 GMT-0500 (Central Daylight Time)
Geography,Date,Cumulative COVID-19 Hospitalizations
Hawaii,Mar  9 2024,22067
Hawaii,Mar  2 2024,21990
Hawaii,Feb 24 2024,21885
Hawaii,Feb 17 2024,21784
Hawaii,Feb 10 2024,21682
Hawaii,Feb  3 2024,21581
Hawaii,Jan 27 2024,21485
Hawaii,Jan 20 2024,21379
Hawaii,Jan 13 2024,21255
Hawaii,Jan  6 2024,21147
Hawaii,Dec 30 2023,21039
Hawaii,Dec 23 2023,20958
Hawaii,Dec 16 2023,20874
Hawaii,Dec  9 2023,20800
Hawaii,Dec  2 2023,20712
Hawaii,Nov 25 2023,20635
Hawaii,Nov 18 2023,20569
Hawaii,Nov 11 2023,20489
Hawaii,Nov  4 2023,20387
Hawaii,Oct 28 2023,20269
Hawaii,Oct 21 2023,20162
Hawaii,Oct 14 2023,20060
Hawaii,Oct  7 2023,19954
Hawaii,Sep 30 2023,19853
Hawaii,Sep 23 2023,19762
Hawaii,Sep 16 2023,19640
Hawaii,Sep  9 2023,19533
Hawaii,Sep  2 2023,19419
Hawaii,Aug 26 2023,19297
Hawaii,Aug 19 2023,19151
Hawaii,Aug 12 2023,19009
Hawaii,Aug  5 2023,18879
Hawaii,Jul 29 2023,18745
Hawaii,Jul 22 2023,18607
Hawaii,Jul 15 2023,18476
Hawaii,Jul  8 2023,18362
Hawaii,Jul  1 2023,18276
Hawaii,Jun 24 2023,18167
Hawaii,Jun 17 2023,18080
Hawaii,Jun 10 2023,17989
Hawaii,Jun  3 2023,17901
Hawaii,May 27 2023,17810
Hawaii,May 20 2023,17714
Hawaii,May 13 2023,17625
Hawaii,May  6 2023,17527
Hawaii,Apr 29 2023,17421
Hawaii,Apr 22 2023,17309
Hawaii,Apr 15 2023,17200
Hawaii,Apr  8 2023,17085
Hawaii,Apr  1 2023,16986
Hawaii,Mar 25 2023,16850
Hawaii,Mar 18 2023,16743
Hawaii,Mar 11 2023,16653
Hawaii,Mar  4 2023,16539
Hawaii,Feb 25 2023,16470
Hawaii,Feb 18 2023,16363
Hawaii,Feb 11 2023,16249
Hawaii,Feb  4 2023,16162
Hawaii,Jan 28 2023,16065
Hawaii,Jan 21 2023,15968
Hawaii,Jan 14 2023,15817
Hawaii,Jan  7 2023,15703
Hawaii,Dec 31 2022,15584
Hawaii,Dec 24 2022,15463
Hawaii,Dec 17 2022,15340
Hawaii,Dec 10 2022,15230
Hawaii,Dec  3 2022,15109
Hawaii,Nov 26 2022,14997
Hawaii,Nov 19 2022,14906
Hawaii,Nov 12 2022,14805
Hawaii,Nov  5 2022,14709
Hawaii,Oct 29 2022,14597
Hawaii,Oct 22 2022,14475
Hawaii,Oct 15 2022,14343
Hawaii,Oct  8 2022,14239
Hawaii,Oct  1 2022,14124
Hawaii,Sep 24 2022,14001
Hawaii,Sep 17 2022,13872
Hawaii,Sep 10 2022,13771
Hawaii,Sep  3 2022,13610
Hawaii,Aug 27 2022,13448
Hawaii,Aug 20 2022,13277
Hawaii,Aug 13 2022,13103
Hawaii,Aug  6 2022,12902
Hawaii,Jul 30 2022,12692
Hawaii,Jul 23 2022,12485
Hawaii,Jul 16 2022,12261
Hawaii,Jul  9 2022,12036
Hawaii,Jul  2 2022,11815
Hawaii,Jun 25 2022,11545
Hawaii,Jun 18 2022,11266
Hawaii,Jun 11 2022,11029
Hawaii,Jun  4 2022,10790
Hawaii,May 28 2022,10584
Hawaii,May 21 2022,10393
Hawaii,May 14 2022,10202
Hawaii,May  7 2022,10064
Hawaii,Apr 30 2022,9963
Hawaii,Apr 23 2022,9876
Hawaii,Apr 16 2022,9809
Hawaii,Apr  9 2022,9755
Hawaii,Apr  2 2022,9710
Hawaii,Mar 26 2022,9662
Hawaii,Mar 19 2022,9627
Hawaii,Mar 12 2022,9562
Hawaii,Mar  5 2022,9478
Hawaii,Feb 26 2022,9392
Hawaii,Feb 19 2022,9270
Hawaii,Feb 12 2022,9101
Hawaii,Feb  5 2022,8907
Hawaii,Jan 29 2022,8646
Hawaii,Jan 22 2022,8306
Hawaii,Jan 15 2022,7896
Hawaii,Jan  8 2022,7507
Hawaii,Jan  1 2022,7184
Hawaii,Dec 25 2021,6973
Hawaii,Dec 18 2021,6882
Hawaii,Dec 11 2021,6841
Hawaii,Dec  4 2021,6806
Hawaii,Nov 27 2021,6774
Hawaii,Nov 20 2021,6740
Hawaii,Nov 13 2021,6699
Hawaii,Nov  6 2021,6657
Hawaii,Oct 30 2021,6623
Hawaii,Oct 23 2021,6559
Hawaii,Oct 16 2021,6507
Hawaii,Oct  9 2021,6439
Hawaii,Oct  2 2021,6346
Hawaii,Sep 25 2021,6210
Hawaii,Sep 18 2021,6045
Hawaii,Sep 11 2021,5805
Hawaii,Sep  4 2021,5525
Hawaii,Aug 28 2021,5226
Hawaii,Aug 21 2021,4847
Hawaii,Aug 14 2021,4458
Hawaii,Aug  7 2021,4156
Hawaii,Jul 31 2021,3947
Hawaii,Jul 24 2021,3857
Hawaii,Jul 17 2021,3810
Hawaii,Jul 10 2021,3777
Hawaii,Jul  3 2021,3725
Hawaii,Jun 26 2021,3698
Hawaii,Jun 19 2021,3668
Hawaii,Jun 12 2021,3639
Hawaii,Jun  5 2021,3622
Hawaii,May 29 2021,3598
Hawaii,May 22 2021,3561
Hawaii,May 15 2021,3529
Hawaii,May  8 2021,3488
Hawaii,May  1 2021,3442
Hawaii,Apr 24 2021,3402
Hawaii,Apr 17 2021,3365
Hawaii,Apr 10 2021,3330
Hawaii,Apr  3 2021,3280
Hawaii,Mar 27 2021,3240
Hawaii,Mar 20 2021,3207
Hawaii,Mar 13 2021,3185
Hawaii,Mar  6 2021,3161
Hawaii,Feb 27 2021,3147
Hawaii,Feb 20 2021,3118
Hawaii,Feb 13 2021,3099
Hawaii,Feb  6 2021,3075
Hawaii,Jan 30 2021,3042
Hawaii,Jan 23 2021,2988
Hawaii,Jan 16 2021,2920
Hawaii,Jan  9 2021,2851
Hawaii,Jan  2 2021,2774
Hawaii,Dec 26 2020,2702
Hawaii,Dec 19 2020,2637
Hawaii,Dec 12 2020,2590
Hawaii,Dec  5 2020,2540
Hawaii,Nov 28 2020,2492
Hawaii,Nov 21 2020,2460
Hawaii,Nov 14 2020,2402
Hawaii,Nov  7 2020,2349
Hawaii,Oct 31 2020,2297
Hawaii,Oct 24 2020,2250
Hawaii,Oct 17 2020,2202
Hawaii,Oct 10 2020,2121
Hawaii,Oct  3 2020,2014
Hawaii,Sep 26 2020,1778
Hawaii,Sep 19 2020,1627
Hawaii,Sep 12 2020,1400
Hawaii,Sep  5 2020,1091
Hawaii,Aug 29 2020,833
Hawaii,Aug 22 2020,454
Hawaii,Aug 15 2020,250
Hawaii,Aug  8 2020,115
Hawaii,Aug  1 2020,N/A
Hawaii,Jul 25 2020,N/A
Hawaii,Jul 18 2020,N/A
Hawaii,Jul 11 2020,N/A
Hawaii,Jul  4 2020,N/A
Hawaii,Jun 27 2020,N/A
Hawaii,Jun 20 2020,N/A
Hawaii,Jun 13 2020,N/A
Hawaii,Jun  6 2020,N/A
Hawaii,May 30 2020,N/A
Hawaii,May 23 2020,N/A
Hawaii,May 16 2020,N/A
Hawaii,May  9 2020,N/A
Hawaii,May  2 2020,N/A
Hawaii,Apr 25 2020,N/A
Hawaii,Apr 18 2020,N/A
Hawaii,Apr 11 2020,N/A
Hawaii,Apr  4 2020,N/A
Hawaii,Mar 28 2020,N/A
Hawaii,Mar 21 2020,N/A
Hawaii,Mar 14 2020,N/A
Hawaii,Mar  7 2020,N/A
Hawaii,Feb 29 2020,N/A
Hawaii,Feb 22 2020,N/A
Hawaii,Feb 15 2020,N/A
Hawaii,Feb  8 2020,N/A
Hawaii,Feb  1 2020,N/A
Hawaii,Jan 25 2020,N/A
Hawaii,Jan 18 2020,N/A
Hawaii,Jan 11 2020,N/A
