﻿Data Table for Cumulative COVID-19 Hospitalizations - Idaho
Date generated: Thu Mar 21 2024 17:40:09 GMT-0500 (Central Daylight Time)
Geography,Date,Cumulative COVID-19 Hospitalizations
Idaho,Mar  9 2024,30630
Idaho,Mar  2 2024,30588
Idaho,Feb 24 2024,30520
Idaho,Feb 17 2024,30426
Idaho,Feb 10 2024,30373
Idaho,Feb  3 2024,30305
Idaho,Jan 27 2024,30223
Idaho,Jan 20 2024,30120
Idaho,Jan 13 2024,30016
Idaho,Jan  6 2024,29848
Idaho,Dec 30 2023,29646
Idaho,Dec 23 2023,29461
Idaho,Dec 16 2023,29297
Idaho,Dec  9 2023,29135
Idaho,Dec  2 2023,28969
Idaho,Nov 25 2023,28812
Idaho,Nov 18 2023,28696
Idaho,Nov 11 2023,28607
Idaho,Nov  4 2023,28507
Idaho,Oct 28 2023,28413
Idaho,Oct 21 2023,28325
Idaho,Oct 14 2023,28214
Idaho,Oct  7 2023,28102
Idaho,Sep 30 2023,27968
Idaho,Sep 23 2023,27844
Idaho,Sep 16 2023,27745
Idaho,Sep  9 2023,27665
Idaho,Sep  2 2023,27588
Idaho,Aug 26 2023,27509
Idaho,Aug 19 2023,27446
Idaho,Aug 12 2023,27391
Idaho,Aug  5 2023,27351
Idaho,Jul 29 2023,27314
Idaho,Jul 22 2023,27289
Idaho,Jul 15 2023,27262
Idaho,Jul  8 2023,27240
Idaho,Jul  1 2023,27213
Idaho,Jun 24 2023,27183
Idaho,Jun 17 2023,27161
Idaho,Jun 10 2023,27133
Idaho,Jun  3 2023,27102
Idaho,May 27 2023,27075
Idaho,May 20 2023,27040
Idaho,May 13 2023,27009
Idaho,May  6 2023,26969
Idaho,Apr 29 2023,26914
Idaho,Apr 22 2023,26857
Idaho,Apr 15 2023,26795
Idaho,Apr  8 2023,26721
Idaho,Apr  1 2023,26626
Idaho,Mar 25 2023,26516
Idaho,Mar 18 2023,26430
Idaho,Mar 11 2023,26326
Idaho,Mar  4 2023,26205
Idaho,Feb 25 2023,26106
Idaho,Feb 18 2023,25996
Idaho,Feb 11 2023,25879
Idaho,Feb  4 2023,25779
Idaho,Jan 28 2023,25693
Idaho,Jan 21 2023,25602
Idaho,Jan 14 2023,25509
Idaho,Jan  7 2023,25387
Idaho,Dec 31 2022,25275
Idaho,Dec 24 2022,25115
Idaho,Dec 17 2022,24979
Idaho,Dec 10 2022,24818
Idaho,Dec  3 2022,24665
Idaho,Nov 26 2022,24501
Idaho,Nov 19 2022,24352
Idaho,Nov 12 2022,24229
Idaho,Nov  5 2022,24132
Idaho,Oct 29 2022,24044
Idaho,Oct 22 2022,23939
Idaho,Oct 15 2022,23829
Idaho,Oct  8 2022,23705
Idaho,Oct  1 2022,23599
Idaho,Sep 24 2022,23474
Idaho,Sep 17 2022,23352
Idaho,Sep 10 2022,23227
Idaho,Sep  3 2022,23084
Idaho,Aug 27 2022,22944
Idaho,Aug 20 2022,22777
Idaho,Aug 13 2022,22614
Idaho,Aug  6 2022,22470
Idaho,Jul 30 2022,22268
Idaho,Jul 23 2022,22024
Idaho,Jul 16 2022,21789
Idaho,Jul  9 2022,21547
Idaho,Jul  2 2022,21327
Idaho,Jun 25 2022,21109
Idaho,Jun 18 2022,20927
Idaho,Jun 11 2022,20807
Idaho,Jun  4 2022,20668
Idaho,May 28 2022,20573
Idaho,May 21 2022,20490
Idaho,May 14 2022,20427
Idaho,May  7 2022,20378
Idaho,Apr 30 2022,20323
Idaho,Apr 23 2022,20270
Idaho,Apr 16 2022,20233
Idaho,Apr  9 2022,20204
Idaho,Apr  2 2022,20180
Idaho,Mar 26 2022,20162
Idaho,Mar 19 2022,20126
Idaho,Mar 12 2022,20078
Idaho,Mar  5 2022,19975
Idaho,Feb 26 2022,19881
Idaho,Feb 19 2022,19728
Idaho,Feb 12 2022,19450
Idaho,Feb  5 2022,19054
Idaho,Jan 29 2022,18526
Idaho,Jan 22 2022,17949
Idaho,Jan 15 2022,17454
Idaho,Jan  8 2022,17089
Idaho,Jan  1 2022,16800
Idaho,Dec 25 2021,16624
Idaho,Dec 18 2021,16448
Idaho,Dec 11 2021,16278
Idaho,Dec  4 2021,16053
Idaho,Nov 27 2021,15854
Idaho,Nov 20 2021,15619
Idaho,Nov 13 2021,15380
Idaho,Nov  6 2021,15146
Idaho,Oct 30 2021,14834
Idaho,Oct 23 2021,14494
Idaho,Oct 16 2021,14101
Idaho,Oct  9 2021,13655
Idaho,Oct  2 2021,13142
Idaho,Sep 25 2021,12583
Idaho,Sep 18 2021,11956
Idaho,Sep 11 2021,11339
Idaho,Sep  4 2021,10791
Idaho,Aug 28 2021,10316
Idaho,Aug 21 2021,9894
Idaho,Aug 14 2021,9558
Idaho,Aug  7 2021,9266
Idaho,Jul 31 2021,9066
Idaho,Jul 24 2021,8899
Idaho,Jul 17 2021,8793
Idaho,Jul 10 2021,8704
Idaho,Jul  3 2021,8642
Idaho,Jun 26 2021,8586
Idaho,Jun 19 2021,8504
Idaho,Jun 12 2021,8434
Idaho,Jun  5 2021,8362
Idaho,May 29 2021,8284
Idaho,May 22 2021,8191
Idaho,May 15 2021,8092
Idaho,May  8 2021,8003
Idaho,May  1 2021,7912
Idaho,Apr 24 2021,7803
Idaho,Apr 17 2021,7697
Idaho,Apr 10 2021,7587
Idaho,Apr  3 2021,7463
Idaho,Mar 27 2021,7348
Idaho,Mar 20 2021,7206
Idaho,Mar 13 2021,7073
Idaho,Mar  6 2021,6958
Idaho,Feb 27 2021,6849
Idaho,Feb 20 2021,6720
Idaho,Feb 13 2021,6607
Idaho,Feb  6 2021,6441
Idaho,Jan 30 2021,6288
Idaho,Jan 23 2021,6116
Idaho,Jan 16 2021,5939
Idaho,Jan  9 2021,5684
Idaho,Jan  2 2021,5365
Idaho,Dec 26 2020,5026
Idaho,Dec 19 2020,4721
Idaho,Dec 12 2020,4320
Idaho,Dec  5 2020,3897
Idaho,Nov 28 2020,3457
Idaho,Nov 21 2020,3019
Idaho,Nov 14 2020,2638
Idaho,Nov  7 2020,2270
Idaho,Oct 31 2020,1961
Idaho,Oct 24 2020,1685
Idaho,Oct 17 2020,1445
Idaho,Oct 10 2020,1258
Idaho,Oct  3 2020,1106
Idaho,Sep 26 2020,956
Idaho,Sep 19 2020,818
Idaho,Sep 12 2020,734
Idaho,Sep  5 2020,639
Idaho,Aug 29 2020,535
Idaho,Aug 22 2020,429
Idaho,Aug 15 2020,282
Idaho,Aug  8 2020,158
Idaho,Aug  1 2020,N/A
Idaho,Jul 25 2020,N/A
Idaho,Jul 18 2020,N/A
Idaho,Jul 11 2020,N/A
Idaho,Jul  4 2020,N/A
Idaho,Jun 27 2020,N/A
Idaho,Jun 20 2020,N/A
Idaho,Jun 13 2020,N/A
Idaho,Jun  6 2020,N/A
Idaho,May 30 2020,N/A
Idaho,May 23 2020,N/A
Idaho,May 16 2020,N/A
Idaho,May  9 2020,N/A
Idaho,May  2 2020,N/A
Idaho,Apr 25 2020,N/A
Idaho,Apr 18 2020,N/A
Idaho,Apr 11 2020,N/A
Idaho,Apr  4 2020,N/A
Idaho,Mar 28 2020,N/A
Idaho,Mar 21 2020,N/A
Idaho,Mar 14 2020,N/A
Idaho,Mar  7 2020,N/A
Idaho,Feb 29 2020,N/A
Idaho,Feb 22 2020,N/A
Idaho,Feb 15 2020,N/A
Idaho,Feb  8 2020,N/A
Idaho,Feb  1 2020,N/A
Idaho,Jan 25 2020,N/A
Idaho,Jan 18 2020,N/A
Idaho,Jan 11 2020,N/A
