﻿Data Table for Cumulative COVID-19 Hospitalizations - Illinois
Date generated: Tue Mar 19 2024 18:02:59 GMT-0500 (Central Daylight Time)
Geography,Date,Cumulative COVID-19 Hospitalizations
Illinois,Mar  9 2024,252474
Illinois,Mar  2 2024,251975
Illinois,Feb 24 2024,251379
Illinois,Feb 17 2024,250705
Illinois,Feb 10 2024,249958
Illinois,Feb  3 2024,249295
Illinois,Jan 27 2024,248601
Illinois,Jan 20 2024,247796
Illinois,Jan 13 2024,246781
Illinois,Jan  6 2024,245531
Illinois,Dec 30 2023,244035
Illinois,Dec 23 2023,242260
Illinois,Dec 16 2023,240737
Illinois,Dec  9 2023,239368
Illinois,Dec  2 2023,238134
Illinois,Nov 25 2023,236865
Illinois,Nov 18 2023,235857
Illinois,Nov 11 2023,234981
Illinois,Nov  4 2023,234231
Illinois,Oct 28 2023,233595
Illinois,Oct 21 2023,232929
Illinois,Oct 14 2023,232354
Illinois,Oct  7 2023,231870
Illinois,Sep 30 2023,231326
Illinois,Sep 23 2023,230751
Illinois,Sep 16 2023,230075
Illinois,Sep  9 2023,229389
Illinois,Sep  2 2023,228736
Illinois,Aug 26 2023,228128
Illinois,Aug 19 2023,227565
Illinois,Aug 12 2023,227116
Illinois,Aug  5 2023,226762
Illinois,Jul 29 2023,226458
Illinois,Jul 22 2023,226217
Illinois,Jul 15 2023,226034
Illinois,Jul  8 2023,225866
Illinois,Jul  1 2023,225651
Illinois,Jun 24 2023,225463
Illinois,Jun 17 2023,225249
Illinois,Jun 10 2023,225026
Illinois,Jun  3 2023,224834
Illinois,May 27 2023,224549
Illinois,May 20 2023,224276
Illinois,May 13 2023,223923
Illinois,May  6 2023,223485
Illinois,Apr 29 2023,223049
Illinois,Apr 22 2023,222593
Illinois,Apr 15 2023,222016
Illinois,Apr  8 2023,221353
Illinois,Apr  1 2023,220595
Illinois,Mar 25 2023,219670
Illinois,Mar 18 2023,218744
Illinois,Mar 11 2023,217781
Illinois,Mar  4 2023,216799
Illinois,Feb 25 2023,215740
Illinois,Feb 18 2023,214678
Illinois,Feb 11 2023,213603
Illinois,Feb  4 2023,212606
Illinois,Jan 28 2023,211655
Illinois,Jan 21 2023,210539
Illinois,Jan 14 2023,209266
Illinois,Jan  7 2023,207791
Illinois,Dec 31 2022,205945
Illinois,Dec 24 2022,203908
Illinois,Dec 17 2022,201946
Illinois,Dec 10 2022,200063
Illinois,Dec  3 2022,198374
Illinois,Nov 26 2022,196746
Illinois,Nov 19 2022,195439
Illinois,Nov 12 2022,194237
Illinois,Nov  5 2022,193067
Illinois,Oct 29 2022,191847
Illinois,Oct 22 2022,190680
Illinois,Oct 15 2022,189582
Illinois,Oct  8 2022,188587
Illinois,Oct  1 2022,187623
Illinois,Sep 24 2022,186715
Illinois,Sep 17 2022,185590
Illinois,Sep 10 2022,184384
Illinois,Sep  3 2022,183007
Illinois,Aug 27 2022,181618
Illinois,Aug 20 2022,180183
Illinois,Aug 13 2022,178653
Illinois,Aug  6 2022,177038
Illinois,Jul 30 2022,175408
Illinois,Jul 23 2022,173829
Illinois,Jul 16 2022,172170
Illinois,Jul  9 2022,170559
Illinois,Jul  2 2022,169111
Illinois,Jun 25 2022,167744
Illinois,Jun 18 2022,166471
Illinois,Jun 11 2022,165264
Illinois,Jun  4 2022,164012
Illinois,May 28 2022,162703
Illinois,May 21 2022,161429
Illinois,May 14 2022,160233
Illinois,May  7 2022,159250
Illinois,Apr 30 2022,158427
Illinois,Apr 23 2022,157705
Illinois,Apr 16 2022,157170
Illinois,Apr  9 2022,156755
Illinois,Apr  2 2022,156292
Illinois,Mar 26 2022,155869
Illinois,Mar 19 2022,155429
Illinois,Mar 12 2022,154949
Illinois,Mar  5 2022,154388
Illinois,Feb 26 2022,153658
Illinois,Feb 19 2022,152667
Illinois,Feb 12 2022,151394
Illinois,Feb  5 2022,149417
Illinois,Jan 29 2022,146815
Illinois,Jan 22 2022,143251
Illinois,Jan 15 2022,138553
Illinois,Jan  8 2022,132466
Illinois,Jan  1 2022,126211
Illinois,Dec 25 2021,120949
Illinois,Dec 18 2021,117274
Illinois,Dec 11 2021,114076
Illinois,Dec  4 2021,111130
Illinois,Nov 27 2021,108795
Illinois,Nov 20 2021,106943
Illinois,Nov 13 2021,105500
Illinois,Nov  6 2021,104254
Illinois,Oct 30 2021,103292
Illinois,Oct 23 2021,102371
Illinois,Oct 16 2021,101369
Illinois,Oct  9 2021,100204
Illinois,Oct  2 2021,98959
Illinois,Sep 25 2021,97572
Illinois,Sep 18 2021,95954
Illinois,Sep 11 2021,94287
Illinois,Sep  4 2021,92390
Illinois,Aug 28 2021,90482
Illinois,Aug 21 2021,88494
Illinois,Aug 14 2021,86661
Illinois,Aug  7 2021,85001
Illinois,Jul 31 2021,83742
Illinois,Jul 24 2021,82800
Illinois,Jul 17 2021,82158
Illinois,Jul 10 2021,81684
Illinois,Jul  3 2021,81331
Illinois,Jun 26 2021,80993
Illinois,Jun 19 2021,80693
Illinois,Jun 12 2021,80300
Illinois,Jun  5 2021,79819
Illinois,May 29 2021,79181
Illinois,May 22 2021,78302
Illinois,May 15 2021,77254
Illinois,May  8 2021,76114
Illinois,May  1 2021,74509
Illinois,Apr 24 2021,72889
Illinois,Apr 17 2021,71119
Illinois,Apr 10 2021,69223
Illinois,Apr  3 2021,67602
Illinois,Mar 27 2021,66243
Illinois,Mar 20 2021,65049
Illinois,Mar 13 2021,64082
Illinois,Mar  6 2021,63157
Illinois,Feb 27 2021,62239
Illinois,Feb 20 2021,61180
Illinois,Feb 13 2021,59958
Illinois,Feb  6 2021,58633
Illinois,Jan 30 2021,56988
Illinois,Jan 23 2021,54949
Illinois,Jan 16 2021,52679
Illinois,Jan  9 2021,50045
Illinois,Jan  2 2021,47179
Illinois,Dec 26 2020,44256
Illinois,Dec 19 2020,41154
Illinois,Dec 12 2020,37698
Illinois,Dec  5 2020,33874
Illinois,Nov 28 2020,29880
Illinois,Nov 21 2020,25751
Illinois,Nov 14 2020,21282
Illinois,Nov  7 2020,17121
Illinois,Oct 31 2020,14025
Illinois,Oct 24 2020,11742
Illinois,Oct 17 2020,9699
Illinois,Oct 10 2020,7948
Illinois,Oct  3 2020,6844
Illinois,Sep 26 2020,6021
Illinois,Sep 19 2020,5248
Illinois,Sep 12 2020,4462
Illinois,Sep  5 2020,3718
Illinois,Aug 29 2020,2903
Illinois,Aug 22 2020,2105
Illinois,Aug 15 2020,1356
Illinois,Aug  8 2020,728
Illinois,Aug  1 2020,N/A
Illinois,Jul 25 2020,N/A
Illinois,Jul 18 2020,N/A
Illinois,Jul 11 2020,N/A
Illinois,Jul  4 2020,N/A
Illinois,Jun 27 2020,N/A
Illinois,Jun 20 2020,N/A
Illinois,Jun 13 2020,N/A
Illinois,Jun  6 2020,N/A
Illinois,May 30 2020,N/A
Illinois,May 23 2020,N/A
Illinois,May 16 2020,N/A
Illinois,May  9 2020,N/A
Illinois,May  2 2020,N/A
Illinois,Apr 25 2020,N/A
Illinois,Apr 18 2020,N/A
Illinois,Apr 11 2020,N/A
Illinois,Apr  4 2020,N/A
Illinois,Mar 28 2020,N/A
Illinois,Mar 21 2020,N/A
Illinois,Mar 14 2020,N/A
Illinois,Mar  7 2020,N/A
Illinois,Feb 29 2020,N/A
Illinois,Feb 22 2020,N/A
Illinois,Feb 15 2020,N/A
Illinois,Feb  8 2020,N/A
Illinois,Feb  1 2020,N/A
Illinois,Jan 25 2020,N/A
Illinois,Jan 18 2020,N/A
Illinois,Jan 11 2020,N/A
