﻿Data Table for Cumulative COVID-19 Hospitalizations - Indiana
Date generated: Thu Mar 21 2024 17:43:38 GMT-0500 (Central Daylight Time)
Geography,Date,Cumulative COVID-19 Hospitalizations
Indiana,Mar  9 2024,150802
Indiana,Mar  2 2024,150564
Indiana,Feb 24 2024,150297
Indiana,Feb 17 2024,149964
Indiana,Feb 10 2024,149666
Indiana,Feb  3 2024,149347
Indiana,Jan 27 2024,149015
Indiana,Jan 20 2024,148649
Indiana,Jan 13 2024,148149
Indiana,Jan  6 2024,147480
Indiana,Dec 30 2023,146685
Indiana,Dec 23 2023,145795
Indiana,Dec 16 2023,144987
Indiana,Dec  9 2023,144258
Indiana,Dec  2 2023,143532
Indiana,Nov 25 2023,142838
Indiana,Nov 18 2023,142368
Indiana,Nov 11 2023,141979
Indiana,Nov  4 2023,141639
Indiana,Oct 28 2023,141348
Indiana,Oct 21 2023,141026
Indiana,Oct 14 2023,140713
Indiana,Oct  7 2023,140472
Indiana,Sep 30 2023,140245
Indiana,Sep 23 2023,139940
Indiana,Sep 16 2023,139660
Indiana,Sep  9 2023,139361
Indiana,Sep  2 2023,139030
Indiana,Aug 26 2023,138739
Indiana,Aug 19 2023,138476
Indiana,Aug 12 2023,138282
Indiana,Aug  5 2023,138134
Indiana,Jul 29 2023,138006
Indiana,Jul 22 2023,137897
Indiana,Jul 15 2023,137802
Indiana,Jul  8 2023,137739
Indiana,Jul  1 2023,137674
Indiana,Jun 24 2023,137623
Indiana,Jun 17 2023,137569
Indiana,Jun 10 2023,137512
Indiana,Jun  3 2023,137435
Indiana,May 27 2023,137357
Indiana,May 20 2023,137240
Indiana,May 13 2023,137126
Indiana,May  6 2023,136948
Indiana,Apr 29 2023,136768
Indiana,Apr 22 2023,136615
Indiana,Apr 15 2023,136416
Indiana,Apr  8 2023,136176
Indiana,Apr  1 2023,135908
Indiana,Mar 25 2023,135627
Indiana,Mar 18 2023,135312
Indiana,Mar 11 2023,134998
Indiana,Mar  4 2023,134600
Indiana,Feb 25 2023,134184
Indiana,Feb 18 2023,133755
Indiana,Feb 11 2023,133303
Indiana,Feb  4 2023,132849
Indiana,Jan 28 2023,132447
Indiana,Jan 21 2023,131999
Indiana,Jan 14 2023,131493
Indiana,Jan  7 2023,130914
Indiana,Dec 31 2022,130134
Indiana,Dec 24 2022,129208
Indiana,Dec 17 2022,128353
Indiana,Dec 10 2022,127501
Indiana,Dec  3 2022,126660
Indiana,Nov 26 2022,125904
Indiana,Nov 19 2022,125339
Indiana,Nov 12 2022,124874
Indiana,Nov  5 2022,124383
Indiana,Oct 29 2022,123878
Indiana,Oct 22 2022,123423
Indiana,Oct 15 2022,123012
Indiana,Oct  8 2022,122654
Indiana,Oct  1 2022,122270
Indiana,Sep 24 2022,121919
Indiana,Sep 17 2022,121454
Indiana,Sep 10 2022,120925
Indiana,Sep  3 2022,120318
Indiana,Aug 27 2022,119483
Indiana,Aug 20 2022,118572
Indiana,Aug 13 2022,117671
Indiana,Aug  6 2022,116741
Indiana,Jul 30 2022,115814
Indiana,Jul 23 2022,114914
Indiana,Jul 16 2022,114084
Indiana,Jul  9 2022,113376
Indiana,Jul  2 2022,112686
Indiana,Jun 25 2022,112006
Indiana,Jun 18 2022,111466
Indiana,Jun 11 2022,110943
Indiana,Jun  4 2022,110479
Indiana,May 28 2022,109925
Indiana,May 21 2022,109480
Indiana,May 14 2022,109096
Indiana,May  7 2022,108748
Indiana,Apr 30 2022,108464
Indiana,Apr 23 2022,108223
Indiana,Apr 16 2022,108030
Indiana,Apr  9 2022,107859
Indiana,Apr  2 2022,107721
Indiana,Mar 26 2022,107526
Indiana,Mar 19 2022,107327
Indiana,Mar 12 2022,107069
Indiana,Mar  5 2022,106725
Indiana,Feb 26 2022,106271
Indiana,Feb 19 2022,105635
Indiana,Feb 12 2022,104623
Indiana,Feb  5 2022,103053
Indiana,Jan 29 2022,101024
Indiana,Jan 22 2022,98523
Indiana,Jan 15 2022,95489
Indiana,Jan  8 2022,92332
Indiana,Jan  1 2022,89242
Indiana,Dec 25 2021,86640
Indiana,Dec 18 2021,84216
Indiana,Dec 11 2021,81741
Indiana,Dec  4 2021,79274
Indiana,Nov 27 2021,77072
Indiana,Nov 20 2021,75337
Indiana,Nov 13 2021,73940
Indiana,Nov  6 2021,72834
Indiana,Oct 30 2021,71923
Indiana,Oct 23 2021,70959
Indiana,Oct 16 2021,69919
Indiana,Oct  9 2021,68779
Indiana,Oct  2 2021,67484
Indiana,Sep 25 2021,66036
Indiana,Sep 18 2021,64369
Indiana,Sep 11 2021,62342
Indiana,Sep  4 2021,60223
Indiana,Aug 28 2021,58130
Indiana,Aug 21 2021,56194
Indiana,Aug 14 2021,54569
Indiana,Aug  7 2021,53306
Indiana,Jul 31 2021,52366
Indiana,Jul 24 2021,51702
Indiana,Jul 17 2021,51261
Indiana,Jul 10 2021,50933
Indiana,Jul  3 2021,50652
Indiana,Jun 26 2021,50424
Indiana,Jun 19 2021,50228
Indiana,Jun 12 2021,49979
Indiana,Jun  5 2021,49666
Indiana,May 29 2021,49286
Indiana,May 22 2021,48775
Indiana,May 15 2021,48194
Indiana,May  8 2021,47616
Indiana,May  1 2021,46925
Indiana,Apr 24 2021,46191
Indiana,Apr 17 2021,45479
Indiana,Apr 10 2021,44820
Indiana,Apr  3 2021,44186
Indiana,Mar 27 2021,43595
Indiana,Mar 20 2021,43112
Indiana,Mar 13 2021,42718
Indiana,Mar  6 2021,42267
Indiana,Feb 27 2021,41759
Indiana,Feb 20 2021,41155
Indiana,Feb 13 2021,40449
Indiana,Feb  6 2021,39575
Indiana,Jan 30 2021,38372
Indiana,Jan 23 2021,37088
Indiana,Jan 16 2021,35388
Indiana,Jan  9 2021,33376
Indiana,Jan  2 2021,30831
Indiana,Dec 26 2020,28047
Indiana,Dec 19 2020,25634
Indiana,Dec 12 2020,23063
Indiana,Dec  5 2020,20378
Indiana,Nov 28 2020,17785
Indiana,Nov 21 2020,15248
Indiana,Nov 14 2020,12782
Indiana,Nov  7 2020,10561
Indiana,Oct 31 2020,8971
Indiana,Oct 24 2020,7668
Indiana,Oct 17 2020,6483
Indiana,Oct 10 2020,5579
Indiana,Oct  3 2020,4839
Indiana,Sep 26 2020,4201
Indiana,Sep 19 2020,3727
Indiana,Sep 12 2020,3303
Indiana,Sep  5 2020,2370
Indiana,Aug 29 2020,1923
Indiana,Aug 22 2020,1385
Indiana,Aug 15 2020,853
Indiana,Aug  8 2020,451
Indiana,Aug  1 2020,N/A
Indiana,Jul 25 2020,N/A
Indiana,Jul 18 2020,N/A
Indiana,Jul 11 2020,N/A
Indiana,Jul  4 2020,N/A
Indiana,Jun 27 2020,N/A
Indiana,Jun 20 2020,N/A
Indiana,Jun 13 2020,N/A
Indiana,Jun  6 2020,N/A
Indiana,May 30 2020,N/A
Indiana,May 23 2020,N/A
Indiana,May 16 2020,N/A
Indiana,May  9 2020,N/A
Indiana,May  2 2020,N/A
Indiana,Apr 25 2020,N/A
Indiana,Apr 18 2020,N/A
Indiana,Apr 11 2020,N/A
Indiana,Apr  4 2020,N/A
Indiana,Mar 28 2020,N/A
Indiana,Mar 21 2020,N/A
Indiana,Mar 14 2020,N/A
Indiana,Mar  7 2020,N/A
Indiana,Feb 29 2020,N/A
Indiana,Feb 22 2020,N/A
Indiana,Feb 15 2020,N/A
Indiana,Feb  8 2020,N/A
Indiana,Feb  1 2020,N/A
Indiana,Jan 25 2020,N/A
Indiana,Jan 18 2020,N/A
Indiana,Jan 11 2020,N/A
