﻿Data Table for Cumulative COVID-19 Hospitalizations - Iowa
Date generated: Thu Mar 21 2024 17:44:06 GMT-0500 (Central Daylight Time)
Geography,Date,Cumulative COVID-19 Hospitalizations
Iowa,Mar  9 2024,59583
Iowa,Mar  2 2024,59491
Iowa,Feb 24 2024,59401
Iowa,Feb 17 2024,59287
Iowa,Feb 10 2024,59189
Iowa,Feb  3 2024,59063
Iowa,Jan 27 2024,58934
Iowa,Jan 20 2024,58755
Iowa,Jan 13 2024,58533
Iowa,Jan  6 2024,58265
Iowa,Dec 30 2023,57894
Iowa,Dec 23 2023,57488
Iowa,Dec 16 2023,57077
Iowa,Dec  9 2023,56681
Iowa,Dec  2 2023,56336
Iowa,Nov 25 2023,56018
Iowa,Nov 18 2023,55808
Iowa,Nov 11 2023,55624
Iowa,Nov  4 2023,55445
Iowa,Oct 28 2023,55335
Iowa,Oct 21 2023,55180
Iowa,Oct 14 2023,55011
Iowa,Oct  7 2023,54884
Iowa,Sep 30 2023,54764
Iowa,Sep 23 2023,54623
Iowa,Sep 16 2023,54476
Iowa,Sep  9 2023,54319
Iowa,Sep  2 2023,54183
Iowa,Aug 26 2023,54037
Iowa,Aug 19 2023,53917
Iowa,Aug 12 2023,53808
Iowa,Aug  5 2023,53736
Iowa,Jul 29 2023,53683
Iowa,Jul 22 2023,53642
Iowa,Jul 15 2023,53610
Iowa,Jul  8 2023,53566
Iowa,Jul  1 2023,53556
Iowa,Jun 24 2023,53531
Iowa,Jun 17 2023,53502
Iowa,Jun 10 2023,53470
Iowa,Jun  3 2023,53435
Iowa,May 27 2023,53405
Iowa,May 20 2023,53374
Iowa,May 13 2023,53322
Iowa,May  6 2023,53250
Iowa,Apr 29 2023,53171
Iowa,Apr 22 2023,53080
Iowa,Apr 15 2023,52966
Iowa,Apr  8 2023,52813
Iowa,Apr  1 2023,52623
Iowa,Mar 25 2023,52407
Iowa,Mar 18 2023,52208
Iowa,Mar 11 2023,51990
Iowa,Mar  4 2023,51715
Iowa,Feb 25 2023,51490
Iowa,Feb 18 2023,51305
Iowa,Feb 11 2023,51118
Iowa,Feb  4 2023,50957
Iowa,Jan 28 2023,50792
Iowa,Jan 21 2023,50618
Iowa,Jan 14 2023,50404
Iowa,Jan  7 2023,50162
Iowa,Dec 31 2022,49874
Iowa,Dec 24 2022,49564
Iowa,Dec 17 2022,49263
Iowa,Dec 10 2022,48953
Iowa,Dec  3 2022,48631
Iowa,Nov 26 2022,48348
Iowa,Nov 19 2022,48126
Iowa,Nov 12 2022,47937
Iowa,Nov  5 2022,47738
Iowa,Oct 29 2022,47523
Iowa,Oct 22 2022,47327
Iowa,Oct 15 2022,47139
Iowa,Oct  8 2022,46941
Iowa,Oct  1 2022,46747
Iowa,Sep 24 2022,46513
Iowa,Sep 17 2022,46293
Iowa,Sep 10 2022,46004
Iowa,Sep  3 2022,45668
Iowa,Aug 27 2022,45336
Iowa,Aug 20 2022,44986
Iowa,Aug 13 2022,44633
Iowa,Aug  6 2022,44245
Iowa,Jul 30 2022,43809
Iowa,Jul 23 2022,43487
Iowa,Jul 16 2022,43124
Iowa,Jul  9 2022,42799
Iowa,Jul  2 2022,42542
Iowa,Jun 25 2022,42290
Iowa,Jun 18 2022,42046
Iowa,Jun 11 2022,41829
Iowa,Jun  4 2022,41624
Iowa,May 28 2022,41407
Iowa,May 21 2022,41207
Iowa,May 14 2022,41015
Iowa,May  7 2022,40819
Iowa,Apr 30 2022,40676
Iowa,Apr 23 2022,40557
Iowa,Apr 16 2022,40464
Iowa,Apr  9 2022,40384
Iowa,Apr  2 2022,40309
Iowa,Mar 26 2022,40224
Iowa,Mar 19 2022,40141
Iowa,Mar 12 2022,40044
Iowa,Mar  5 2022,39879
Iowa,Feb 26 2022,39672
Iowa,Feb 19 2022,39387
Iowa,Feb 12 2022,38999
Iowa,Feb  5 2022,38416
Iowa,Jan 29 2022,37627
Iowa,Jan 22 2022,36683
Iowa,Jan 15 2022,35682
Iowa,Jan  8 2022,34511
Iowa,Jan  1 2022,33500
Iowa,Dec 25 2021,32705
Iowa,Dec 18 2021,31969
Iowa,Dec 11 2021,31182
Iowa,Dec  4 2021,30405
Iowa,Nov 27 2021,29670
Iowa,Nov 20 2021,29058
Iowa,Nov 13 2021,28475
Iowa,Nov  6 2021,27952
Iowa,Oct 30 2021,27486
Iowa,Oct 23 2021,27022
Iowa,Oct 16 2021,26561
Iowa,Oct  9 2021,26019
Iowa,Oct  2 2021,25427
Iowa,Sep 25 2021,24783
Iowa,Sep 18 2021,24108
Iowa,Sep 11 2021,23562
Iowa,Sep  4 2021,23037
Iowa,Aug 28 2021,22482
Iowa,Aug 21 2021,21915
Iowa,Aug 14 2021,21444
Iowa,Aug  7 2021,21062
Iowa,Jul 31 2021,20749
Iowa,Jul 24 2021,20561
Iowa,Jul 17 2021,20407
Iowa,Jul 10 2021,20309
Iowa,Jul  3 2021,20215
Iowa,Jun 26 2021,20130
Iowa,Jun 19 2021,20051
Iowa,Jun 12 2021,19954
Iowa,Jun  5 2021,19858
Iowa,May 29 2021,19768
Iowa,May 22 2021,19635
Iowa,May 15 2021,19487
Iowa,May  8 2021,19310
Iowa,May  1 2021,19096
Iowa,Apr 24 2021,18896
Iowa,Apr 17 2021,18662
Iowa,Apr 10 2021,18397
Iowa,Apr  3 2021,18115
Iowa,Mar 27 2021,17878
Iowa,Mar 20 2021,17649
Iowa,Mar 13 2021,17429
Iowa,Mar  6 2021,17211
Iowa,Feb 27 2021,16995
Iowa,Feb 20 2021,16755
Iowa,Feb 13 2021,16479
Iowa,Feb  6 2021,16212
Iowa,Jan 30 2021,15854
Iowa,Jan 23 2021,15494
Iowa,Jan 16 2021,15062
Iowa,Jan  9 2021,14539
Iowa,Jan  2 2021,13958
Iowa,Dec 26 2020,13398
Iowa,Dec 19 2020,12814
Iowa,Dec 12 2020,12194
Iowa,Dec  5 2020,11385
Iowa,Nov 28 2020,10401
Iowa,Nov 21 2020,9267
Iowa,Nov 14 2020,7743
Iowa,Nov  7 2020,6323
Iowa,Oct 31 2020,5267
Iowa,Oct 24 2020,4563
Iowa,Oct 17 2020,3975
Iowa,Oct 10 2020,3485
Iowa,Oct  3 2020,3001
Iowa,Sep 26 2020,2576
Iowa,Sep 19 2020,2193
Iowa,Sep 12 2020,1878
Iowa,Sep  5 2020,1578
Iowa,Aug 29 2020,1241
Iowa,Aug 22 2020,907
Iowa,Aug 15 2020,608
Iowa,Aug  8 2020,301
Iowa,Aug  1 2020,N/A
Iowa,Jul 25 2020,N/A
Iowa,Jul 18 2020,N/A
Iowa,Jul 11 2020,N/A
Iowa,Jul  4 2020,N/A
Iowa,Jun 27 2020,N/A
Iowa,Jun 20 2020,N/A
Iowa,Jun 13 2020,N/A
Iowa,Jun  6 2020,N/A
Iowa,May 30 2020,N/A
Iowa,May 23 2020,N/A
Iowa,May 16 2020,N/A
Iowa,May  9 2020,N/A
Iowa,May  2 2020,N/A
Iowa,Apr 25 2020,N/A
Iowa,Apr 18 2020,N/A
Iowa,Apr 11 2020,N/A
Iowa,Apr  4 2020,N/A
Iowa,Mar 28 2020,N/A
Iowa,Mar 21 2020,N/A
Iowa,Mar 14 2020,N/A
Iowa,Mar  7 2020,N/A
Iowa,Feb 29 2020,N/A
Iowa,Feb 22 2020,N/A
Iowa,Feb 15 2020,N/A
Iowa,Feb  8 2020,N/A
Iowa,Feb  1 2020,N/A
Iowa,Jan 25 2020,N/A
Iowa,Jan 18 2020,N/A
Iowa,Jan 11 2020,N/A
