﻿Data Table for Cumulative COVID-19 Hospitalizations - Kansas
Date generated: Thu Mar 21 2024 17:44:24 GMT-0500 (Central Daylight Time)
Geography,Date,Cumulative COVID-19 Hospitalizations
Kansas,Mar  9 2024,61870
Kansas,Mar  2 2024,61749
Kansas,Feb 24 2024,61628
Kansas,Feb 17 2024,61498
Kansas,Feb 10 2024,61376
Kansas,Feb  3 2024,61256
Kansas,Jan 27 2024,61129
Kansas,Jan 20 2024,61001
Kansas,Jan 13 2024,60852
Kansas,Jan  6 2024,60627
Kansas,Dec 30 2023,60317
Kansas,Dec 23 2023,59983
Kansas,Dec 16 2023,59698
Kansas,Dec  9 2023,59399
Kansas,Dec  2 2023,59136
Kansas,Nov 25 2023,58916
Kansas,Nov 18 2023,58719
Kansas,Nov 11 2023,58486
Kansas,Nov  4 2023,58276
Kansas,Oct 28 2023,58063
Kansas,Oct 21 2023,57831
Kansas,Oct 14 2023,57655
Kansas,Oct  7 2023,57539
Kansas,Sep 30 2023,57416
Kansas,Sep 23 2023,57305
Kansas,Sep 16 2023,57167
Kansas,Sep  9 2023,57037
Kansas,Sep  2 2023,56899
Kansas,Aug 26 2023,56794
Kansas,Aug 19 2023,56693
Kansas,Aug 12 2023,56636
Kansas,Aug  5 2023,56584
Kansas,Jul 29 2023,56533
Kansas,Jul 22 2023,56494
Kansas,Jul 15 2023,56470
Kansas,Jul  8 2023,56429
Kansas,Jul  1 2023,56402
Kansas,Jun 24 2023,56368
Kansas,Jun 17 2023,56349
Kansas,Jun 10 2023,56324
Kansas,Jun  3 2023,56281
Kansas,May 27 2023,56241
Kansas,May 20 2023,56206
Kansas,May 13 2023,56155
Kansas,May  6 2023,56078
Kansas,Apr 29 2023,56008
Kansas,Apr 22 2023,55939
Kansas,Apr 15 2023,55858
Kansas,Apr  8 2023,55728
Kansas,Apr  1 2023,55617
Kansas,Mar 25 2023,55470
Kansas,Mar 18 2023,55278
Kansas,Mar 11 2023,55095
Kansas,Mar  4 2023,54891
Kansas,Feb 25 2023,54639
Kansas,Feb 18 2023,54431
Kansas,Feb 11 2023,54197
Kansas,Feb  4 2023,53957
Kansas,Jan 28 2023,53763
Kansas,Jan 21 2023,53572
Kansas,Jan 14 2023,53367
Kansas,Jan  7 2023,53155
Kansas,Dec 31 2022,52868
Kansas,Dec 24 2022,52557
Kansas,Dec 17 2022,52236
Kansas,Dec 10 2022,51934
Kansas,Dec  3 2022,51568
Kansas,Nov 26 2022,51244
Kansas,Nov 19 2022,50999
Kansas,Nov 12 2022,50806
Kansas,Nov  5 2022,50583
Kansas,Oct 29 2022,50393
Kansas,Oct 22 2022,50151
Kansas,Oct 15 2022,49966
Kansas,Oct  8 2022,49788
Kansas,Oct  1 2022,49623
Kansas,Sep 24 2022,49453
Kansas,Sep 17 2022,49210
Kansas,Sep 10 2022,48974
Kansas,Sep  3 2022,48740
Kansas,Aug 27 2022,48489
Kansas,Aug 20 2022,48189
Kansas,Aug 13 2022,47928
Kansas,Aug  6 2022,47603
Kansas,Jul 30 2022,47277
Kansas,Jul 23 2022,46912
Kansas,Jul 16 2022,46534
Kansas,Jul  9 2022,46174
Kansas,Jul  2 2022,45877
Kansas,Jun 25 2022,45619
Kansas,Jun 18 2022,45406
Kansas,Jun 11 2022,45211
Kansas,Jun  4 2022,45053
Kansas,May 28 2022,44908
Kansas,May 21 2022,44757
Kansas,May 14 2022,44642
Kansas,May  7 2022,44526
Kansas,Apr 30 2022,44474
Kansas,Apr 23 2022,44401
Kansas,Apr 16 2022,44336
Kansas,Apr  9 2022,44254
Kansas,Apr  2 2022,44148
Kansas,Mar 26 2022,44035
Kansas,Mar 19 2022,43912
Kansas,Mar 12 2022,43749
Kansas,Mar  5 2022,43574
Kansas,Feb 26 2022,43308
Kansas,Feb 19 2022,42915
Kansas,Feb 12 2022,42403
Kansas,Feb  5 2022,41698
Kansas,Jan 29 2022,40797
Kansas,Jan 22 2022,39589
Kansas,Jan 15 2022,38265
Kansas,Jan  8 2022,37043
Kansas,Jan  1 2022,36016
Kansas,Dec 25 2021,35155
Kansas,Dec 18 2021,34423
Kansas,Dec 11 2021,33712
Kansas,Dec  4 2021,32973
Kansas,Nov 27 2021,32283
Kansas,Nov 20 2021,31718
Kansas,Nov 13 2021,31198
Kansas,Nov  6 2021,30732
Kansas,Oct 30 2021,30339
Kansas,Oct 23 2021,29946
Kansas,Oct 16 2021,29539
Kansas,Oct  9 2021,29083
Kansas,Oct  2 2021,28633
Kansas,Sep 25 2021,28104
Kansas,Sep 18 2021,27501
Kansas,Sep 11 2021,26850
Kansas,Sep  4 2021,26124
Kansas,Aug 28 2021,25431
Kansas,Aug 21 2021,24734
Kansas,Aug 14 2021,24017
Kansas,Aug  7 2021,23356
Kansas,Jul 31 2021,22790
Kansas,Jul 24 2021,22324
Kansas,Jul 17 2021,21964
Kansas,Jul 10 2021,21669
Kansas,Jul  3 2021,21504
Kansas,Jun 26 2021,21392
Kansas,Jun 19 2021,21277
Kansas,Jun 12 2021,21142
Kansas,Jun  5 2021,21035
Kansas,May 29 2021,20927
Kansas,May 22 2021,20776
Kansas,May 15 2021,20620
Kansas,May  8 2021,20485
Kansas,May  1 2021,20305
Kansas,Apr 24 2021,20097
Kansas,Apr 17 2021,19925
Kansas,Apr 10 2021,19760
Kansas,Apr  3 2021,19610
Kansas,Mar 27 2021,19465
Kansas,Mar 20 2021,19309
Kansas,Mar 13 2021,19152
Kansas,Mar  6 2021,18968
Kansas,Feb 27 2021,18754
Kansas,Feb 20 2021,18446
Kansas,Feb 13 2021,18112
Kansas,Feb  6 2021,17709
Kansas,Jan 30 2021,17209
Kansas,Jan 23 2021,16615
Kansas,Jan 16 2021,15827
Kansas,Jan  9 2021,14863
Kansas,Jan  2 2021,13906
Kansas,Dec 26 2020,12930
Kansas,Dec 19 2020,11962
Kansas,Dec 12 2020,10870
Kansas,Dec  5 2020,9691
Kansas,Nov 28 2020,8509
Kansas,Nov 21 2020,7320
Kansas,Nov 14 2020,6068
Kansas,Nov  7 2020,4988
Kansas,Oct 31 2020,4176
Kansas,Oct 24 2020,3557
Kansas,Oct 17 2020,3062
Kansas,Oct 10 2020,2539
Kansas,Oct  3 2020,2076
Kansas,Sep 26 2020,1775
Kansas,Sep 19 2020,1522
Kansas,Sep 12 2020,1281
Kansas,Sep  5 2020,1025
Kansas,Aug 29 2020,759
Kansas,Aug 22 2020,545
Kansas,Aug 15 2020,359
Kansas,Aug  8 2020,192
Kansas,Aug  1 2020,N/A
Kansas,Jul 25 2020,N/A
Kansas,Jul 18 2020,N/A
Kansas,Jul 11 2020,N/A
Kansas,Jul  4 2020,N/A
Kansas,Jun 27 2020,N/A
Kansas,Jun 20 2020,N/A
Kansas,Jun 13 2020,N/A
Kansas,Jun  6 2020,N/A
Kansas,May 30 2020,N/A
Kansas,May 23 2020,N/A
Kansas,May 16 2020,N/A
Kansas,May  9 2020,N/A
Kansas,May  2 2020,N/A
Kansas,Apr 25 2020,N/A
Kansas,Apr 18 2020,N/A
Kansas,Apr 11 2020,N/A
Kansas,Apr  4 2020,N/A
Kansas,Mar 28 2020,N/A
Kansas,Mar 21 2020,N/A
Kansas,Mar 14 2020,N/A
Kansas,Mar  7 2020,N/A
Kansas,Feb 29 2020,N/A
Kansas,Feb 22 2020,N/A
Kansas,Feb 15 2020,N/A
Kansas,Feb  8 2020,N/A
Kansas,Feb  1 2020,N/A
Kansas,Jan 25 2020,N/A
Kansas,Jan 18 2020,N/A
Kansas,Jan 11 2020,N/A
