﻿Data Table for Cumulative COVID-19 Hospitalizations - Kentucky
Date generated: Thu Mar 21 2024 17:44:43 GMT-0500 (Central Daylight Time)
Geography,Date,Cumulative COVID-19 Hospitalizations
Kentucky,Mar  9 2024,164853
Kentucky,Mar  2 2024,164602
Kentucky,Feb 24 2024,164339
Kentucky,Feb 17 2024,164049
Kentucky,Feb 10 2024,163762
Kentucky,Feb  3 2024,163501
Kentucky,Jan 27 2024,163226
Kentucky,Jan 20 2024,162908
Kentucky,Jan 13 2024,162539
Kentucky,Jan  6 2024,162066
Kentucky,Dec 30 2023,161559
Kentucky,Dec 23 2023,160968
Kentucky,Dec 16 2023,160444
Kentucky,Dec  9 2023,159992
Kentucky,Dec  2 2023,159507
Kentucky,Nov 25 2023,159070
Kentucky,Nov 18 2023,158652
Kentucky,Nov 11 2023,158286
Kentucky,Nov  4 2023,157918
Kentucky,Oct 28 2023,157607
Kentucky,Oct 21 2023,157364
Kentucky,Oct 14 2023,157129
Kentucky,Oct  7 2023,156889
Kentucky,Sep 30 2023,156639
Kentucky,Sep 23 2023,156361
Kentucky,Sep 16 2023,156097
Kentucky,Sep  9 2023,155778
Kentucky,Sep  2 2023,155430
Kentucky,Aug 26 2023,155145
Kentucky,Aug 19 2023,154921
Kentucky,Aug 12 2023,154731
Kentucky,Aug  5 2023,154565
Kentucky,Jul 29 2023,154479
Kentucky,Jul 22 2023,154393
Kentucky,Jul 15 2023,154321
Kentucky,Jul  8 2023,154257
Kentucky,Jul  1 2023,154215
Kentucky,Jun 24 2023,154158
Kentucky,Jun 17 2023,154107
Kentucky,Jun 10 2023,154067
Kentucky,Jun  3 2023,154013
Kentucky,May 27 2023,153939
Kentucky,May 20 2023,153836
Kentucky,May 13 2023,153723
Kentucky,May  6 2023,153604
Kentucky,Apr 29 2023,153493
Kentucky,Apr 22 2023,153361
Kentucky,Apr 15 2023,153202
Kentucky,Apr  8 2023,153025
Kentucky,Apr  1 2023,152832
Kentucky,Mar 25 2023,152647
Kentucky,Mar 18 2023,152448
Kentucky,Mar 11 2023,152223
Kentucky,Mar  4 2023,151989
Kentucky,Feb 25 2023,151664
Kentucky,Feb 18 2023,151323
Kentucky,Feb 11 2023,150886
Kentucky,Feb  4 2023,150463
Kentucky,Jan 28 2023,150038
Kentucky,Jan 21 2023,149647
Kentucky,Jan 14 2023,149240
Kentucky,Jan  7 2023,148778
Kentucky,Dec 31 2022,148212
Kentucky,Dec 24 2022,147597
Kentucky,Dec 17 2022,147179
Kentucky,Dec 10 2022,146741
Kentucky,Dec  3 2022,146336
Kentucky,Nov 26 2022,145860
Kentucky,Nov 19 2022,145542
Kentucky,Nov 12 2022,145250
Kentucky,Nov  5 2022,144866
Kentucky,Oct 29 2022,144456
Kentucky,Oct 22 2022,144150
Kentucky,Oct 15 2022,143826
Kentucky,Oct  8 2022,143494
Kentucky,Oct  1 2022,143166
Kentucky,Sep 24 2022,142783
Kentucky,Sep 17 2022,142287
Kentucky,Sep 10 2022,141747
Kentucky,Sep  3 2022,141055
Kentucky,Aug 27 2022,140264
Kentucky,Aug 20 2022,139483
Kentucky,Aug 13 2022,138720
Kentucky,Aug  6 2022,137907
Kentucky,Jul 30 2022,137097
Kentucky,Jul 23 2022,136301
Kentucky,Jul 16 2022,135566
Kentucky,Jul  9 2022,134857
Kentucky,Jul  2 2022,134262
Kentucky,Jun 25 2022,133765
Kentucky,Jun 18 2022,133295
Kentucky,Jun 11 2022,132825
Kentucky,Jun  4 2022,132405
Kentucky,May 28 2022,132041
Kentucky,May 21 2022,131686
Kentucky,May 14 2022,131402
Kentucky,May  7 2022,131202
Kentucky,Apr 30 2022,131074
Kentucky,Apr 23 2022,130949
Kentucky,Apr 16 2022,130802
Kentucky,Apr  9 2022,130651
Kentucky,Apr  2 2022,130476
Kentucky,Mar 26 2022,130285
Kentucky,Mar 19 2022,130037
Kentucky,Mar 12 2022,129680
Kentucky,Mar  5 2022,129248
Kentucky,Feb 26 2022,128667
Kentucky,Feb 19 2022,127796
Kentucky,Feb 12 2022,126730
Kentucky,Feb  5 2022,125199
Kentucky,Jan 29 2022,123479
Kentucky,Jan 22 2022,121451
Kentucky,Jan 15 2022,119551
Kentucky,Jan  8 2022,117871
Kentucky,Jan  1 2022,116475
Kentucky,Dec 25 2021,115364
Kentucky,Dec 18 2021,114454
Kentucky,Dec 11 2021,113646
Kentucky,Dec  4 2021,112784
Kentucky,Nov 27 2021,111850
Kentucky,Nov 20 2021,110983
Kentucky,Nov 13 2021,110120
Kentucky,Nov  6 2021,109414
Kentucky,Oct 30 2021,108717
Kentucky,Oct 23 2021,107885
Kentucky,Oct 16 2021,106921
Kentucky,Oct  9 2021,105880
Kentucky,Oct  2 2021,104583
Kentucky,Sep 25 2021,103010
Kentucky,Sep 18 2021,100998
Kentucky,Sep 11 2021,97547
Kentucky,Sep  4 2021,93346
Kentucky,Aug 28 2021,89476
Kentucky,Aug 21 2021,86066
Kentucky,Aug 14 2021,83097
Kentucky,Aug  7 2021,80771
Kentucky,Jul 31 2021,79051
Kentucky,Jul 24 2021,77912
Kentucky,Jul 17 2021,77215
Kentucky,Jul 10 2021,76556
Kentucky,Jul  3 2021,76035
Kentucky,Jun 26 2021,75506
Kentucky,Jun 19 2021,74956
Kentucky,Jun 12 2021,74335
Kentucky,Jun  5 2021,73609
Kentucky,May 29 2021,72930
Kentucky,May 22 2021,72221
Kentucky,May 15 2021,71488
Kentucky,May  8 2021,70670
Kentucky,May  1 2021,69830
Kentucky,Apr 24 2021,68988
Kentucky,Apr 17 2021,68163
Kentucky,Apr 10 2021,67289
Kentucky,Apr  3 2021,66410
Kentucky,Mar 27 2021,65645
Kentucky,Mar 20 2021,64902
Kentucky,Mar 13 2021,64028
Kentucky,Mar  6 2021,62966
Kentucky,Feb 27 2021,61755
Kentucky,Feb 20 2021,60294
Kentucky,Feb 13 2021,58710
Kentucky,Feb  6 2021,56834
Kentucky,Jan 30 2021,54624
Kentucky,Jan 23 2021,52052
Kentucky,Jan 16 2021,49308
Kentucky,Jan  9 2021,46173
Kentucky,Jan  2 2021,43117
Kentucky,Dec 26 2020,40032
Kentucky,Dec 19 2020,37223
Kentucky,Dec 12 2020,34263
Kentucky,Dec  5 2020,31355
Kentucky,Nov 28 2020,28398
Kentucky,Nov 21 2020,25740
Kentucky,Nov 14 2020,23204
Kentucky,Nov  7 2020,20936
Kentucky,Oct 31 2020,18932
Kentucky,Oct 24 2020,17285
Kentucky,Oct 17 2020,15905
Kentucky,Oct 10 2020,14813
Kentucky,Oct  3 2020,12877
Kentucky,Sep 26 2020,11937
Kentucky,Sep 19 2020,10826
Kentucky,Sep 12 2020,9591
Kentucky,Sep  5 2020,7428
Kentucky,Aug 29 2020,5892
Kentucky,Aug 22 2020,4102
Kentucky,Aug 15 2020,2801
Kentucky,Aug  8 2020,1230
Kentucky,Aug  1 2020,N/A
Kentucky,Jul 25 2020,N/A
Kentucky,Jul 18 2020,N/A
Kentucky,Jul 11 2020,N/A
Kentucky,Jul  4 2020,N/A
Kentucky,Jun 27 2020,N/A
Kentucky,Jun 20 2020,N/A
Kentucky,Jun 13 2020,N/A
Kentucky,Jun  6 2020,N/A
Kentucky,May 30 2020,N/A
Kentucky,May 23 2020,N/A
Kentucky,May 16 2020,N/A
Kentucky,May  9 2020,N/A
Kentucky,May  2 2020,N/A
Kentucky,Apr 25 2020,N/A
Kentucky,Apr 18 2020,N/A
Kentucky,Apr 11 2020,N/A
Kentucky,Apr  4 2020,N/A
Kentucky,Mar 28 2020,N/A
Kentucky,Mar 21 2020,N/A
Kentucky,Mar 14 2020,N/A
Kentucky,Mar  7 2020,N/A
Kentucky,Feb 29 2020,N/A
Kentucky,Feb 22 2020,N/A
Kentucky,Feb 15 2020,N/A
Kentucky,Feb  8 2020,N/A
Kentucky,Feb  1 2020,N/A
Kentucky,Jan 25 2020,N/A
Kentucky,Jan 18 2020,N/A
Kentucky,Jan 11 2020,N/A
