﻿Data Table for Cumulative COVID-19 Hospitalizations - Louisiana
Date generated: Thu Mar 21 2024 17:45:29 GMT-0500 (Central Daylight Time)
Geography,Date,Cumulative COVID-19 Hospitalizations
Louisiana,Mar  9 2024,102437
Louisiana,Mar  2 2024,102185
Louisiana,Feb 24 2024,101894
Louisiana,Feb 17 2024,101585
Louisiana,Feb 10 2024,101255
Louisiana,Feb  3 2024,100889
Louisiana,Jan 27 2024,100579
Louisiana,Jan 20 2024,100239
Louisiana,Jan 13 2024,99908
Louisiana,Jan  6 2024,99517
Louisiana,Dec 30 2023,99106
Louisiana,Dec 23 2023,98728
Louisiana,Dec 16 2023,98416
Louisiana,Dec  9 2023,98218
Louisiana,Dec  2 2023,98034
Louisiana,Nov 25 2023,97837
Louisiana,Nov 18 2023,97675
Louisiana,Nov 11 2023,97522
Louisiana,Nov  4 2023,97381
Louisiana,Oct 28 2023,97243
Louisiana,Oct 21 2023,97103
Louisiana,Oct 14 2023,96970
Louisiana,Oct  7 2023,96800
Louisiana,Sep 30 2023,96646
Louisiana,Sep 23 2023,96464
Louisiana,Sep 16 2023,96237
Louisiana,Sep  9 2023,95963
Louisiana,Sep  2 2023,95579
Louisiana,Aug 26 2023,95240
Louisiana,Aug 19 2023,94906
Louisiana,Aug 12 2023,94605
Louisiana,Aug  5 2023,94354
Louisiana,Jul 29 2023,94160
Louisiana,Jul 22 2023,93977
Louisiana,Jul 15 2023,93799
Louisiana,Jul  8 2023,93676
Louisiana,Jul  1 2023,93578
Louisiana,Jun 24 2023,93492
Louisiana,Jun 17 2023,93411
Louisiana,Jun 10 2023,93327
Louisiana,Jun  3 2023,93227
Louisiana,May 27 2023,93114
Louisiana,May 20 2023,93026
Louisiana,May 13 2023,92916
Louisiana,May  6 2023,92808
Louisiana,Apr 29 2023,92686
Louisiana,Apr 22 2023,92549
Louisiana,Apr 15 2023,92415
Louisiana,Apr  8 2023,92255
Louisiana,Apr  1 2023,92085
Louisiana,Mar 25 2023,91905
Louisiana,Mar 18 2023,91702
Louisiana,Mar 11 2023,91503
Louisiana,Mar  4 2023,91235
Louisiana,Feb 25 2023,90899
Louisiana,Feb 18 2023,90537
Louisiana,Feb 11 2023,90116
Louisiana,Feb  4 2023,89624
Louisiana,Jan 28 2023,89225
Louisiana,Jan 21 2023,88815
Louisiana,Jan 14 2023,88280
Louisiana,Jan  7 2023,87607
Louisiana,Dec 31 2022,86929
Louisiana,Dec 24 2022,86425
Louisiana,Dec 17 2022,86031
Louisiana,Dec 10 2022,85671
Louisiana,Dec  3 2022,85258
Louisiana,Nov 26 2022,84866
Louisiana,Nov 19 2022,84517
Louisiana,Nov 12 2022,84258
Louisiana,Nov  5 2022,83992
Louisiana,Oct 29 2022,83759
Louisiana,Oct 22 2022,83511
Louisiana,Oct 15 2022,83302
Louisiana,Oct  8 2022,83007
Louisiana,Oct  1 2022,82670
Louisiana,Sep 24 2022,82324
Louisiana,Sep 17 2022,81902
Louisiana,Sep 10 2022,81438
Louisiana,Sep  3 2022,80949
Louisiana,Aug 27 2022,80299
Louisiana,Aug 20 2022,79633
Louisiana,Aug 13 2022,79006
Louisiana,Aug  6 2022,78264
Louisiana,Jul 30 2022,77495
Louisiana,Jul 23 2022,76649
Louisiana,Jul 16 2022,75688
Louisiana,Jul  9 2022,74785
Louisiana,Jul  2 2022,74013
Louisiana,Jun 25 2022,73351
Louisiana,Jun 18 2022,72741
Louisiana,Jun 11 2022,72212
Louisiana,Jun  4 2022,71783
Louisiana,May 28 2022,71404
Louisiana,May 21 2022,71047
Louisiana,May 14 2022,70789
Louisiana,May  7 2022,70632
Louisiana,Apr 30 2022,70477
Louisiana,Apr 23 2022,70349
Louisiana,Apr 16 2022,70265
Louisiana,Apr  9 2022,70173
Louisiana,Apr  2 2022,70075
Louisiana,Mar 26 2022,69957
Louisiana,Mar 19 2022,69829
Louisiana,Mar 12 2022,69672
Louisiana,Mar  5 2022,69437
Louisiana,Feb 26 2022,69109
Louisiana,Feb 19 2022,68628
Louisiana,Feb 12 2022,67925
Louisiana,Feb  5 2022,66839
Louisiana,Jan 29 2022,65186
Louisiana,Jan 22 2022,63226
Louisiana,Jan 15 2022,61097
Louisiana,Jan  8 2022,58860
Louisiana,Jan  1 2022,56895
Louisiana,Dec 25 2021,55727
Louisiana,Dec 18 2021,55216
Louisiana,Dec 11 2021,54986
Louisiana,Dec  4 2021,54788
Louisiana,Nov 27 2021,54561
Louisiana,Nov 20 2021,54346
Louisiana,Nov 13 2021,54140
Louisiana,Nov  6 2021,53955
Louisiana,Oct 30 2021,53761
Louisiana,Oct 23 2021,53547
Louisiana,Oct 16 2021,53245
Louisiana,Oct  9 2021,52884
Louisiana,Oct  2 2021,52475
Louisiana,Sep 25 2021,51956
Louisiana,Sep 18 2021,51237
Louisiana,Sep 11 2021,50234
Louisiana,Sep  4 2021,49086
Louisiana,Aug 28 2021,47680
Louisiana,Aug 21 2021,45785
Louisiana,Aug 14 2021,43341
Louisiana,Aug  7 2021,40542
Louisiana,Jul 31 2021,37851
Louisiana,Jul 24 2021,35956
Louisiana,Jul 17 2021,34701
Louisiana,Jul 10 2021,34007
Louisiana,Jul  3 2021,33552
Louisiana,Jun 26 2021,33236
Louisiana,Jun 19 2021,32931
Louisiana,Jun 12 2021,32674
Louisiana,Jun  5 2021,32389
Louisiana,May 29 2021,32065
Louisiana,May 22 2021,31710
Louisiana,May 15 2021,31398
Louisiana,May  8 2021,31046
Louisiana,May  1 2021,30699
Louisiana,Apr 24 2021,30371
Louisiana,Apr 17 2021,30073
Louisiana,Apr 10 2021,29715
Louisiana,Apr  3 2021,29425
Louisiana,Mar 27 2021,29105
Louisiana,Mar 20 2021,28795
Louisiana,Mar 13 2021,28488
Louisiana,Mar  6 2021,28105
Louisiana,Feb 27 2021,27634
Louisiana,Feb 20 2021,27104
Louisiana,Feb 13 2021,26551
Louisiana,Feb  6 2021,25807
Louisiana,Jan 30 2021,24895
Louisiana,Jan 23 2021,23772
Louisiana,Jan 16 2021,22436
Louisiana,Jan  9 2021,20865
Louisiana,Jan  2 2021,19002
Louisiana,Dec 26 2020,17377
Louisiana,Dec 19 2020,16066
Louisiana,Dec 12 2020,14769
Louisiana,Dec  5 2020,13403
Louisiana,Nov 28 2020,12133
Louisiana,Nov 21 2020,11063
Louisiana,Nov 14 2020,10136
Louisiana,Nov  7 2020,9471
Louisiana,Oct 31 2020,8864
Louisiana,Oct 24 2020,8368
Louisiana,Oct 17 2020,7665
Louisiana,Oct 10 2020,7107
Louisiana,Oct  3 2020,6507
Louisiana,Sep 26 2020,6057
Louisiana,Sep 19 2020,5561
Louisiana,Sep 12 2020,5000
Louisiana,Sep  5 2020,4373
Louisiana,Aug 29 2020,3818
Louisiana,Aug 22 2020,3183
Louisiana,Aug 15 2020,2322
Louisiana,Aug  8 2020,1317
Louisiana,Aug  1 2020,N/A
Louisiana,Jul 25 2020,N/A
Louisiana,Jul 18 2020,N/A
Louisiana,Jul 11 2020,N/A
Louisiana,Jul  4 2020,N/A
Louisiana,Jun 27 2020,N/A
Louisiana,Jun 20 2020,N/A
Louisiana,Jun 13 2020,N/A
Louisiana,Jun  6 2020,N/A
Louisiana,May 30 2020,N/A
Louisiana,May 23 2020,N/A
Louisiana,May 16 2020,N/A
Louisiana,May  9 2020,N/A
Louisiana,May  2 2020,N/A
Louisiana,Apr 25 2020,N/A
Louisiana,Apr 18 2020,N/A
Louisiana,Apr 11 2020,N/A
Louisiana,Apr  4 2020,N/A
Louisiana,Mar 28 2020,N/A
Louisiana,Mar 21 2020,N/A
Louisiana,Mar 14 2020,N/A
Louisiana,Mar  7 2020,N/A
Louisiana,Feb 29 2020,N/A
Louisiana,Feb 22 2020,N/A
Louisiana,Feb 15 2020,N/A
Louisiana,Feb  8 2020,N/A
Louisiana,Feb  1 2020,N/A
Louisiana,Jan 25 2020,N/A
Louisiana,Jan 18 2020,N/A
Louisiana,Jan 11 2020,N/A
