﻿Data Table for Cumulative COVID-19 Hospitalizations - Maine
Date generated: Thu Mar 21 2024 17:45:51 GMT-0500 (Central Daylight Time)
Geography,Date,Cumulative COVID-19 Hospitalizations
Maine,Mar  9 2024,16980
Maine,Mar  2 2024,16943
Maine,Feb 24 2024,16893
Maine,Feb 17 2024,16826
Maine,Feb 10 2024,16775
Maine,Feb  3 2024,16714
Maine,Jan 27 2024,16652
Maine,Jan 20 2024,16599
Maine,Jan 13 2024,16523
Maine,Jan  6 2024,16413
Maine,Dec 30 2023,16270
Maine,Dec 23 2023,16144
Maine,Dec 16 2023,16039
Maine,Dec  9 2023,15940
Maine,Dec  2 2023,15825
Maine,Nov 25 2023,15738
Maine,Nov 18 2023,15668
Maine,Nov 11 2023,15607
Maine,Nov  4 2023,15555
Maine,Oct 28 2023,15505
Maine,Oct 21 2023,15450
Maine,Oct 14 2023,15394
Maine,Oct  7 2023,15335
Maine,Sep 30 2023,15276
Maine,Sep 23 2023,15222
Maine,Sep 16 2023,15178
Maine,Sep  9 2023,15131
Maine,Sep  2 2023,15093
Maine,Aug 26 2023,15051
Maine,Aug 19 2023,15025
Maine,Aug 12 2023,14999
Maine,Aug  5 2023,14976
Maine,Jul 29 2023,14957
Maine,Jul 22 2023,14932
Maine,Jul 15 2023,14911
Maine,Jul  8 2023,14891
Maine,Jul  1 2023,14880
Maine,Jun 24 2023,14871
Maine,Jun 17 2023,14854
Maine,Jun 10 2023,14833
Maine,Jun  3 2023,14814
Maine,May 27 2023,14795
Maine,May 20 2023,14767
Maine,May 13 2023,14744
Maine,May  6 2023,14714
Maine,Apr 29 2023,14672
Maine,Apr 22 2023,14642
Maine,Apr 15 2023,14601
Maine,Apr  8 2023,14536
Maine,Apr  1 2023,14473
Maine,Mar 25 2023,14405
Maine,Mar 18 2023,14313
Maine,Mar 11 2023,14206
Maine,Mar  4 2023,14094
Maine,Feb 25 2023,13949
Maine,Feb 18 2023,13836
Maine,Feb 11 2023,13712
Maine,Feb  4 2023,13609
Maine,Jan 28 2023,13518
Maine,Jan 21 2023,13414
Maine,Jan 14 2023,13332
Maine,Jan  7 2023,13238
Maine,Dec 31 2022,13151
Maine,Dec 24 2022,13051
Maine,Dec 17 2022,12963
Maine,Dec 10 2022,12891
Maine,Dec  3 2022,12800
Maine,Nov 26 2022,12719
Maine,Nov 19 2022,12642
Maine,Nov 12 2022,12571
Maine,Nov  5 2022,12485
Maine,Oct 29 2022,12385
Maine,Oct 22 2022,12268
Maine,Oct 15 2022,12113
Maine,Oct  8 2022,11961
Maine,Oct  1 2022,11801
Maine,Sep 24 2022,11670
Maine,Sep 17 2022,11541
Maine,Sep 10 2022,11430
Maine,Sep  3 2022,11319
Maine,Aug 27 2022,11209
Maine,Aug 20 2022,11083
Maine,Aug 13 2022,10968
Maine,Aug  6 2022,10870
Maine,Jul 30 2022,10780
Maine,Jul 23 2022,10694
Maine,Jul 16 2022,10607
Maine,Jul  9 2022,10526
Maine,Jul  2 2022,10447
Maine,Jun 25 2022,10358
Maine,Jun 18 2022,10294
Maine,Jun 11 2022,10193
Maine,Jun  4 2022,10109
Maine,May 28 2022,9986
Maine,May 21 2022,9868
Maine,May 14 2022,9708
Maine,May  7 2022,9556
Maine,Apr 30 2022,9430
Maine,Apr 23 2022,9299
Maine,Apr 16 2022,9199
Maine,Apr  9 2022,9126
Maine,Apr  2 2022,9057
Maine,Mar 26 2022,8992
Maine,Mar 19 2022,8916
Maine,Mar 12 2022,8855
Maine,Mar  5 2022,8784
Maine,Feb 26 2022,8705
Maine,Feb 19 2022,8614
Maine,Feb 12 2022,8472
Maine,Feb  5 2022,8262
Maine,Jan 29 2022,7995
Maine,Jan 22 2022,7753
Maine,Jan 15 2022,7486
Maine,Jan  8 2022,7239
Maine,Jan  1 2022,6990
Maine,Dec 25 2021,6759
Maine,Dec 18 2021,6532
Maine,Dec 11 2021,6239
Maine,Dec  4 2021,5916
Maine,Nov 27 2021,5669
Maine,Nov 20 2021,5402
Maine,Nov 13 2021,5173
Maine,Nov  6 2021,4986
Maine,Oct 30 2021,4819
Maine,Oct 23 2021,4665
Maine,Oct 16 2021,4498
Maine,Oct  9 2021,4343
Maine,Oct  2 2021,4234
Maine,Sep 25 2021,4066
Maine,Sep 18 2021,3890
Maine,Sep 11 2021,3711
Maine,Sep  4 2021,3593
Maine,Aug 28 2021,3447
Maine,Aug 21 2021,3317
Maine,Aug 14 2021,3217
Maine,Aug  7 2021,3141
Maine,Jul 31 2021,3085
Maine,Jul 24 2021,3025
Maine,Jul 17 2021,2979
Maine,Jul 10 2021,2947
Maine,Jul  3 2021,2918
Maine,Jun 26 2021,2885
Maine,Jun 19 2021,2854
Maine,Jun 12 2021,2817
Maine,Jun  5 2021,2772
Maine,May 29 2021,2720
Maine,May 22 2021,2634
Maine,May 15 2021,2526
Maine,May  8 2021,2417
Maine,May  1 2021,2315
Maine,Apr 24 2021,2217
Maine,Apr 17 2021,2123
Maine,Apr 10 2021,2034
Maine,Apr  3 2021,1969
Maine,Mar 27 2021,1909
Maine,Mar 20 2021,1859
Maine,Mar 13 2021,1808
Maine,Mar  6 2021,1756
Maine,Feb 27 2021,1704
Maine,Feb 20 2021,1661
Maine,Feb 13 2021,1612
Maine,Feb  6 2021,1538
Maine,Jan 30 2021,1452
Maine,Jan 23 2021,1355
Maine,Jan 16 2021,1256
Maine,Jan  9 2021,1120
Maine,Jan  2 2021,998
Maine,Dec 26 2020,906
Maine,Dec 19 2020,805
Maine,Dec 12 2020,677
Maine,Dec  5 2020,548
Maine,Nov 28 2020,423
Maine,Nov 21 2020,323
Maine,Nov 14 2020,221
Maine,Nov  7 2020,171
Maine,Oct 31 2020,129
Maine,Oct 24 2020,93
Maine,Oct 17 2020,85
Maine,Oct 10 2020,77
Maine,Oct  3 2020,72
Maine,Sep 26 2020,64
Maine,Sep 19 2020,59
Maine,Sep 12 2020,50
Maine,Sep  5 2020,42
Maine,Aug 29 2020,36
Maine,Aug 22 2020,27
Maine,Aug 15 2020,17
Maine,Aug  8 2020,11
Maine,Aug  1 2020,N/A
Maine,Jul 25 2020,N/A
Maine,Jul 18 2020,N/A
Maine,Jul 11 2020,N/A
Maine,Jul  4 2020,N/A
Maine,Jun 27 2020,N/A
Maine,Jun 20 2020,N/A
Maine,Jun 13 2020,N/A
Maine,Jun  6 2020,N/A
Maine,May 30 2020,N/A
Maine,May 23 2020,N/A
Maine,May 16 2020,N/A
Maine,May  9 2020,N/A
Maine,May  2 2020,N/A
Maine,Apr 25 2020,N/A
Maine,Apr 18 2020,N/A
Maine,Apr 11 2020,N/A
Maine,Apr  4 2020,N/A
Maine,Mar 28 2020,N/A
Maine,Mar 21 2020,N/A
Maine,Mar 14 2020,N/A
Maine,Mar  7 2020,N/A
Maine,Feb 29 2020,N/A
Maine,Feb 22 2020,N/A
Maine,Feb 15 2020,N/A
Maine,Feb  8 2020,N/A
Maine,Feb  1 2020,N/A
Maine,Jan 25 2020,N/A
Maine,Jan 18 2020,N/A
Maine,Jan 11 2020,N/A
