﻿Data Table for Cumulative COVID-19 Hospitalizations - Maryland
Date generated: Thu Mar 21 2024 17:46:13 GMT-0500 (Central Daylight Time)
Geography,Date,Cumulative COVID-19 Hospitalizations
Maryland,Mar  9 2024,104855
Maryland,Mar  2 2024,104626
Maryland,Feb 24 2024,104354
Maryland,Feb 17 2024,104117
Maryland,Feb 10 2024,103839
Maryland,Feb  3 2024,103546
Maryland,Jan 27 2024,103223
Maryland,Jan 20 2024,102838
Maryland,Jan 13 2024,102416
Maryland,Jan  6 2024,101897
Maryland,Dec 30 2023,101305
Maryland,Dec 23 2023,100737
Maryland,Dec 16 2023,100285
Maryland,Dec  9 2023,99832
Maryland,Dec  2 2023,99404
Maryland,Nov 25 2023,98999
Maryland,Nov 18 2023,98657
Maryland,Nov 11 2023,98370
Maryland,Nov  4 2023,98119
Maryland,Oct 28 2023,97868
Maryland,Oct 21 2023,97596
Maryland,Oct 14 2023,97315
Maryland,Oct  7 2023,97056
Maryland,Sep 30 2023,96737
Maryland,Sep 23 2023,96425
Maryland,Sep 16 2023,96086
Maryland,Sep  9 2023,95816
Maryland,Sep  2 2023,95513
Maryland,Aug 26 2023,95255
Maryland,Aug 19 2023,95025
Maryland,Aug 12 2023,94821
Maryland,Aug  5 2023,94682
Maryland,Jul 29 2023,94552
Maryland,Jul 22 2023,94427
Maryland,Jul 15 2023,94337
Maryland,Jul  8 2023,94260
Maryland,Jul  1 2023,94174
Maryland,Jun 24 2023,94110
Maryland,Jun 17 2023,94050
Maryland,Jun 10 2023,93975
Maryland,Jun  3 2023,93902
Maryland,May 27 2023,93820
Maryland,May 20 2023,93724
Maryland,May 13 2023,93644
Maryland,May  6 2023,93559
Maryland,Apr 29 2023,93474
Maryland,Apr 22 2023,93374
Maryland,Apr 15 2023,93265
Maryland,Apr  8 2023,93119
Maryland,Apr  1 2023,92963
Maryland,Mar 25 2023,92796
Maryland,Mar 18 2023,92565
Maryland,Mar 11 2023,92342
Maryland,Mar  4 2023,92078
Maryland,Feb 25 2023,91774
Maryland,Feb 18 2023,91427
Maryland,Feb 11 2023,91026
Maryland,Feb  4 2023,90564
Maryland,Jan 28 2023,90116
Maryland,Jan 21 2023,89576
Maryland,Jan 14 2023,88950
Maryland,Jan  7 2023,88242
Maryland,Dec 31 2022,87422
Maryland,Dec 24 2022,86620
Maryland,Dec 17 2022,85909
Maryland,Dec 10 2022,85322
Maryland,Dec  3 2022,84759
Maryland,Nov 26 2022,84248
Maryland,Nov 19 2022,83839
Maryland,Nov 12 2022,83414
Maryland,Nov  5 2022,83005
Maryland,Oct 29 2022,82583
Maryland,Oct 22 2022,82160
Maryland,Oct 15 2022,81734
Maryland,Oct  8 2022,81346
Maryland,Oct  1 2022,80970
Maryland,Sep 24 2022,80553
Maryland,Sep 17 2022,80076
Maryland,Sep 10 2022,79602
Maryland,Sep  3 2022,79108
Maryland,Aug 27 2022,78575
Maryland,Aug 20 2022,78039
Maryland,Aug 13 2022,77460
Maryland,Aug  6 2022,76855
Maryland,Jul 30 2022,76215
Maryland,Jul 23 2022,75596
Maryland,Jul 16 2022,74995
Maryland,Jul  9 2022,74433
Maryland,Jul  2 2022,73878
Maryland,Jun 25 2022,73320
Maryland,Jun 18 2022,72851
Maryland,Jun 11 2022,72410
Maryland,Jun  4 2022,71959
Maryland,May 28 2022,71402
Maryland,May 21 2022,70835
Maryland,May 14 2022,70264
Maryland,May  7 2022,69890
Maryland,Apr 30 2022,69560
Maryland,Apr 23 2022,69325
Maryland,Apr 16 2022,69144
Maryland,Apr  9 2022,68984
Maryland,Apr  2 2022,68818
Maryland,Mar 26 2022,68675
Maryland,Mar 19 2022,68538
Maryland,Mar 12 2022,68350
Maryland,Mar  5 2022,68121
Maryland,Feb 26 2022,67847
Maryland,Feb 19 2022,67451
Maryland,Feb 12 2022,66978
Maryland,Feb  5 2022,66235
Maryland,Jan 29 2022,65225
Maryland,Jan 22 2022,63760
Maryland,Jan 15 2022,61745
Maryland,Jan  8 2022,58859
Maryland,Jan  1 2022,55436
Maryland,Dec 25 2021,52827
Maryland,Dec 18 2021,51309
Maryland,Dec 11 2021,50189
Maryland,Dec  4 2021,49248
Maryland,Nov 27 2021,48523
Maryland,Nov 20 2021,47963
Maryland,Nov 13 2021,47446
Maryland,Nov  6 2021,46988
Maryland,Oct 30 2021,46557
Maryland,Oct 23 2021,46082
Maryland,Oct 16 2021,45594
Maryland,Oct  9 2021,45017
Maryland,Oct  2 2021,44393
Maryland,Sep 25 2021,43732
Maryland,Sep 18 2021,43025
Maryland,Sep 11 2021,42332
Maryland,Sep  4 2021,41646
Maryland,Aug 28 2021,40901
Maryland,Aug 21 2021,40205
Maryland,Aug 14 2021,39578
Maryland,Aug  7 2021,39056
Maryland,Jul 31 2021,38674
Maryland,Jul 24 2021,38397
Maryland,Jul 17 2021,38229
Maryland,Jul 10 2021,38104
Maryland,Jul  3 2021,37969
Maryland,Jun 26 2021,37858
Maryland,Jun 19 2021,37732
Maryland,Jun 12 2021,37551
Maryland,Jun  5 2021,37335
Maryland,May 29 2021,37029
Maryland,May 22 2021,36699
Maryland,May 15 2021,36192
Maryland,May  8 2021,35599
Maryland,May  1 2021,34845
Maryland,Apr 24 2021,33970
Maryland,Apr 17 2021,32844
Maryland,Apr 10 2021,31673
Maryland,Apr  3 2021,30534
Maryland,Mar 27 2021,29513
Maryland,Mar 20 2021,28590
Maryland,Mar 13 2021,27832
Maryland,Mar  6 2021,27111
Maryland,Feb 27 2021,26451
Maryland,Feb 20 2021,25754
Maryland,Feb 13 2021,24977
Maryland,Feb  6 2021,24067
Maryland,Jan 30 2021,22868
Maryland,Jan 23 2021,21512
Maryland,Jan 16 2021,20028
Maryland,Jan  9 2021,18417
Maryland,Jan  2 2021,16695
Maryland,Dec 26 2020,15198
Maryland,Dec 19 2020,13632
Maryland,Dec 12 2020,12052
Maryland,Dec  5 2020,10552
Maryland,Nov 28 2020,8995
Maryland,Nov 21 2020,7537
Maryland,Nov 14 2020,6307
Maryland,Nov  7 2020,5344
Maryland,Oct 31 2020,4741
Maryland,Oct 24 2020,4257
Maryland,Oct 17 2020,3837
Maryland,Oct 10 2020,3458
Maryland,Oct  3 2020,3066
Maryland,Sep 26 2020,2718
Maryland,Sep 19 2020,2408
Maryland,Sep 12 2020,2101
Maryland,Sep  5 2020,1801
Maryland,Aug 29 2020,1493
Maryland,Aug 22 2020,1177
Maryland,Aug 15 2020,823
Maryland,Aug  8 2020,461
Maryland,Aug  1 2020,N/A
Maryland,Jul 25 2020,N/A
Maryland,Jul 18 2020,N/A
Maryland,Jul 11 2020,N/A
Maryland,Jul  4 2020,N/A
Maryland,Jun 27 2020,N/A
Maryland,Jun 20 2020,N/A
Maryland,Jun 13 2020,N/A
Maryland,Jun  6 2020,N/A
Maryland,May 30 2020,N/A
Maryland,May 23 2020,N/A
Maryland,May 16 2020,N/A
Maryland,May  9 2020,N/A
Maryland,May  2 2020,N/A
Maryland,Apr 25 2020,N/A
Maryland,Apr 18 2020,N/A
Maryland,Apr 11 2020,N/A
Maryland,Apr  4 2020,N/A
Maryland,Mar 28 2020,N/A
Maryland,Mar 21 2020,N/A
Maryland,Mar 14 2020,N/A
Maryland,Mar  7 2020,N/A
Maryland,Feb 29 2020,N/A
Maryland,Feb 22 2020,N/A
Maryland,Feb 15 2020,N/A
Maryland,Feb  8 2020,N/A
Maryland,Feb  1 2020,N/A
Maryland,Jan 25 2020,N/A
Maryland,Jan 18 2020,N/A
Maryland,Jan 11 2020,N/A
