﻿Data Table for Cumulative COVID-19 Hospitalizations - Massachusetts
Date generated: Thu Mar 21 2024 17:46:32 GMT-0500 (Central Daylight Time)
Geography,Date,Cumulative COVID-19 Hospitalizations
Massachusetts,Mar  9 2024,118335
Massachusetts,Mar  2 2024,118132
Massachusetts,Feb 24 2024,117838
Massachusetts,Feb 17 2024,117472
Massachusetts,Feb 10 2024,117083
Massachusetts,Feb  3 2024,116601
Massachusetts,Jan 27 2024,116067
Massachusetts,Jan 20 2024,115474
Massachusetts,Jan 13 2024,114741
Massachusetts,Jan  6 2024,113813
Massachusetts,Dec 30 2023,112796
Massachusetts,Dec 23 2023,111712
Massachusetts,Dec 16 2023,110862
Massachusetts,Dec  9 2023,110196
Massachusetts,Dec  2 2023,109626
Massachusetts,Nov 25 2023,109031
Massachusetts,Nov 18 2023,108531
Massachusetts,Nov 11 2023,108132
Massachusetts,Nov  4 2023,107778
Massachusetts,Oct 28 2023,107368
Massachusetts,Oct 21 2023,106919
Massachusetts,Oct 14 2023,106465
Massachusetts,Oct  7 2023,105942
Massachusetts,Sep 30 2023,105460
Massachusetts,Sep 23 2023,104955
Massachusetts,Sep 16 2023,104492
Massachusetts,Sep  9 2023,104029
Massachusetts,Sep  2 2023,103579
Massachusetts,Aug 26 2023,103125
Massachusetts,Aug 19 2023,102771
Massachusetts,Aug 12 2023,102433
Massachusetts,Aug  5 2023,102106
Massachusetts,Jul 29 2023,101890
Massachusetts,Jul 22 2023,101690
Massachusetts,Jul 15 2023,101511
Massachusetts,Jul  8 2023,101365
Massachusetts,Jul  1 2023,101232
Massachusetts,Jun 24 2023,101091
Massachusetts,Jun 17 2023,100926
Massachusetts,Jun 10 2023,100738
Massachusetts,Jun  3 2023,100540
Massachusetts,May 27 2023,100349
Massachusetts,May 20 2023,100125
Massachusetts,May 13 2023,99915
Massachusetts,May  6 2023,99685
Massachusetts,Apr 29 2023,99457
Massachusetts,Apr 22 2023,99252
Massachusetts,Apr 15 2023,98981
Massachusetts,Apr  8 2023,98648
Massachusetts,Apr  1 2023,98286
Massachusetts,Mar 25 2023,97925
Massachusetts,Mar 18 2023,97473
Massachusetts,Mar 11 2023,97020
Massachusetts,Mar  4 2023,96547
Massachusetts,Feb 25 2023,95913
Massachusetts,Feb 18 2023,95291
Massachusetts,Feb 11 2023,94604
Massachusetts,Feb  4 2023,93866
Massachusetts,Jan 28 2023,93068
Massachusetts,Jan 21 2023,92221
Massachusetts,Jan 14 2023,91181
Massachusetts,Jan  7 2023,89920
Massachusetts,Dec 31 2022,88520
Massachusetts,Dec 24 2022,87138
Massachusetts,Dec 17 2022,86062
Massachusetts,Dec 10 2022,85105
Massachusetts,Dec  3 2022,84244
Massachusetts,Nov 26 2022,83481
Massachusetts,Nov 19 2022,82838
Massachusetts,Nov 12 2022,82233
Massachusetts,Nov  5 2022,81633
Massachusetts,Oct 29 2022,80981
Massachusetts,Oct 22 2022,80229
Massachusetts,Oct 15 2022,79343
Massachusetts,Oct  8 2022,78484
Massachusetts,Oct  1 2022,77605
Massachusetts,Sep 24 2022,76831
Massachusetts,Sep 17 2022,76072
Massachusetts,Sep 10 2022,75381
Massachusetts,Sep  3 2022,74756
Massachusetts,Aug 27 2022,74111
Massachusetts,Aug 20 2022,73428
Massachusetts,Aug 13 2022,72791
Massachusetts,Aug  6 2022,72136
Massachusetts,Jul 30 2022,71504
Massachusetts,Jul 23 2022,70811
Massachusetts,Jul 16 2022,70095
Massachusetts,Jul  9 2022,69416
Massachusetts,Jul  2 2022,68792
Massachusetts,Jun 25 2022,68204
Massachusetts,Jun 18 2022,67643
Massachusetts,Jun 11 2022,67046
Massachusetts,Jun  4 2022,66401
Massachusetts,May 28 2022,65667
Massachusetts,May 21 2022,64788
Massachusetts,May 14 2022,63840
Massachusetts,May  7 2022,62975
Massachusetts,Apr 30 2022,62232
Massachusetts,Apr 23 2022,61629
Massachusetts,Apr 16 2022,61156
Massachusetts,Apr  9 2022,60767
Massachusetts,Apr  2 2022,60494
Massachusetts,Mar 26 2022,60261
Massachusetts,Mar 19 2022,60026
Massachusetts,Mar 12 2022,59819
Massachusetts,Mar  5 2022,59580
Massachusetts,Feb 26 2022,59271
Massachusetts,Feb 19 2022,58870
Massachusetts,Feb 12 2022,58254
Massachusetts,Feb  5 2022,57413
Massachusetts,Jan 29 2022,56242
Massachusetts,Jan 22 2022,54326
Massachusetts,Jan 15 2022,51819
Massachusetts,Jan  8 2022,48832
Massachusetts,Jan  1 2022,46346
Massachusetts,Dec 25 2021,44540
Massachusetts,Dec 18 2021,43238
Massachusetts,Dec 11 2021,42006
Massachusetts,Dec  4 2021,40863
Massachusetts,Nov 27 2021,40002
Massachusetts,Nov 20 2021,39297
Massachusetts,Nov 13 2021,38697
Massachusetts,Nov  6 2021,38220
Massachusetts,Oct 30 2021,37814
Massachusetts,Oct 23 2021,37418
Massachusetts,Oct 16 2021,37004
Massachusetts,Oct  9 2021,36575
Massachusetts,Oct  2 2021,36138
Massachusetts,Sep 25 2021,35651
Massachusetts,Sep 18 2021,35187
Massachusetts,Sep 11 2021,34665
Massachusetts,Sep  4 2021,34113
Massachusetts,Aug 28 2021,33607
Massachusetts,Aug 21 2021,33093
Massachusetts,Aug 14 2021,32596
Massachusetts,Aug  7 2021,32209
Massachusetts,Jul 31 2021,31905
Massachusetts,Jul 24 2021,31660
Massachusetts,Jul 17 2021,31536
Massachusetts,Jul 10 2021,31437
Massachusetts,Jul  3 2021,31339
Massachusetts,Jun 26 2021,31260
Massachusetts,Jun 19 2021,31172
Massachusetts,Jun 12 2021,31078
Massachusetts,Jun  5 2021,30969
Massachusetts,May 29 2021,30820
Massachusetts,May 22 2021,30566
Massachusetts,May 15 2021,30301
Massachusetts,May  8 2021,29975
Massachusetts,May  1 2021,29572
Massachusetts,Apr 24 2021,29099
Massachusetts,Apr 17 2021,28482
Massachusetts,Apr 10 2021,27822
Massachusetts,Apr  3 2021,27160
Massachusetts,Mar 27 2021,26493
Massachusetts,Mar 20 2021,25861
Massachusetts,Mar 13 2021,25295
Massachusetts,Mar  6 2021,24702
Massachusetts,Feb 27 2021,24039
Massachusetts,Feb 20 2021,23325
Massachusetts,Feb 13 2021,22602
Massachusetts,Feb  6 2021,21666
Massachusetts,Jan 30 2021,20459
Massachusetts,Jan 23 2021,19024
Massachusetts,Jan 16 2021,17386
Massachusetts,Jan  9 2021,15479
Massachusetts,Jan  2 2021,13581
Massachusetts,Dec 26 2020,11683
Massachusetts,Dec 19 2020,9973
Massachusetts,Dec 12 2020,8390
Massachusetts,Dec  5 2020,6808
Massachusetts,Nov 28 2020,5558
Massachusetts,Nov 21 2020,4698
Massachusetts,Nov 14 2020,3832
Massachusetts,Nov  7 2020,3199
Massachusetts,Oct 31 2020,2697
Massachusetts,Oct 24 2020,2329
Massachusetts,Oct 17 2020,2002
Massachusetts,Oct 10 2020,1734
Massachusetts,Oct  3 2020,1478
Massachusetts,Sep 26 2020,1231
Massachusetts,Sep 19 2020,1024
Massachusetts,Sep 12 2020,846
Massachusetts,Sep  5 2020,694
Massachusetts,Aug 29 2020,557
Massachusetts,Aug 22 2020,429
Massachusetts,Aug 15 2020,318
Massachusetts,Aug  8 2020,182
Massachusetts,Aug  1 2020,N/A
Massachusetts,Jul 25 2020,N/A
Massachusetts,Jul 18 2020,N/A
Massachusetts,Jul 11 2020,N/A
Massachusetts,Jul  4 2020,N/A
Massachusetts,Jun 27 2020,N/A
Massachusetts,Jun 20 2020,N/A
Massachusetts,Jun 13 2020,N/A
Massachusetts,Jun  6 2020,N/A
Massachusetts,May 30 2020,N/A
Massachusetts,May 23 2020,N/A
Massachusetts,May 16 2020,N/A
Massachusetts,May  9 2020,N/A
Massachusetts,May  2 2020,N/A
Massachusetts,Apr 25 2020,N/A
Massachusetts,Apr 18 2020,N/A
Massachusetts,Apr 11 2020,N/A
Massachusetts,Apr  4 2020,N/A
Massachusetts,Mar 28 2020,N/A
Massachusetts,Mar 21 2020,N/A
Massachusetts,Mar 14 2020,N/A
Massachusetts,Mar  7 2020,N/A
Massachusetts,Feb 29 2020,N/A
Massachusetts,Feb 22 2020,N/A
Massachusetts,Feb 15 2020,N/A
Massachusetts,Feb  8 2020,N/A
Massachusetts,Feb  1 2020,N/A
Massachusetts,Jan 25 2020,N/A
Massachusetts,Jan 18 2020,N/A
Massachusetts,Jan 11 2020,N/A
