﻿Data Table for Cumulative COVID-19 Hospitalizations - Michigan
Date generated: Thu Mar 21 2024 17:46:51 GMT-0500 (Central Daylight Time)
Geography,Date,Cumulative COVID-19 Hospitalizations
Michigan,Mar  9 2024,210925
Michigan,Mar  2 2024,210476
Michigan,Feb 24 2024,209939
Michigan,Feb 17 2024,209407
Michigan,Feb 10 2024,208861
Michigan,Feb  3 2024,208274
Michigan,Jan 27 2024,207641
Michigan,Jan 20 2024,206998
Michigan,Jan 13 2024,206267
Michigan,Jan  6 2024,205208
Michigan,Dec 30 2023,203959
Michigan,Dec 23 2023,202649
Michigan,Dec 16 2023,201538
Michigan,Dec  9 2023,200585
Michigan,Dec  2 2023,199598
Michigan,Nov 25 2023,198542
Michigan,Nov 18 2023,197743
Michigan,Nov 11 2023,197093
Michigan,Nov  4 2023,196568
Michigan,Oct 28 2023,196110
Michigan,Oct 21 2023,195585
Michigan,Oct 14 2023,195104
Michigan,Oct  7 2023,194641
Michigan,Sep 30 2023,194133
Michigan,Sep 23 2023,193572
Michigan,Sep 16 2023,193020
Michigan,Sep  9 2023,192549
Michigan,Sep  2 2023,192127
Michigan,Aug 26 2023,191779
Michigan,Aug 19 2023,191473
Michigan,Aug 12 2023,191206
Michigan,Aug  5 2023,191005
Michigan,Jul 29 2023,190878
Michigan,Jul 22 2023,190775
Michigan,Jul 15 2023,190678
Michigan,Jul  8 2023,190574
Michigan,Jul  1 2023,190460
Michigan,Jun 24 2023,190315
Michigan,Jun 17 2023,190154
Michigan,Jun 10 2023,190000
Michigan,Jun  3 2023,189842
Michigan,May 27 2023,189634
Michigan,May 20 2023,189414
Michigan,May 13 2023,189151
Michigan,May  6 2023,188820
Michigan,Apr 29 2023,188481
Michigan,Apr 22 2023,188123
Michigan,Apr 15 2023,187661
Michigan,Apr  8 2023,187181
Michigan,Apr  1 2023,186600
Michigan,Mar 25 2023,185931
Michigan,Mar 18 2023,185265
Michigan,Mar 11 2023,184576
Michigan,Mar  4 2023,183904
Michigan,Feb 25 2023,183185
Michigan,Feb 18 2023,182513
Michigan,Feb 11 2023,181871
Michigan,Feb  4 2023,181239
Michigan,Jan 28 2023,180648
Michigan,Jan 21 2023,180019
Michigan,Jan 14 2023,179335
Michigan,Jan  7 2023,178434
Michigan,Dec 31 2022,177325
Michigan,Dec 24 2022,176163
Michigan,Dec 17 2022,175001
Michigan,Dec 10 2022,173831
Michigan,Dec  3 2022,172798
Michigan,Nov 26 2022,171907
Michigan,Nov 19 2022,171079
Michigan,Nov 12 2022,170234
Michigan,Nov  5 2022,169364
Michigan,Oct 29 2022,168391
Michigan,Oct 22 2022,167340
Michigan,Oct 15 2022,166357
Michigan,Oct  8 2022,165361
Michigan,Oct  1 2022,164329
Michigan,Sep 24 2022,163365
Michigan,Sep 17 2022,162329
Michigan,Sep 10 2022,161283
Michigan,Sep  3 2022,160202
Michigan,Aug 27 2022,159101
Michigan,Aug 20 2022,158009
Michigan,Aug 13 2022,156909
Michigan,Aug  6 2022,155802
Michigan,Jul 30 2022,154730
Michigan,Jul 23 2022,153771
Michigan,Jul 16 2022,152842
Michigan,Jul  9 2022,152024
Michigan,Jul  2 2022,151232
Michigan,Jun 25 2022,150541
Michigan,Jun 18 2022,149843
Michigan,Jun 11 2022,149031
Michigan,Jun  4 2022,148209
Michigan,May 28 2022,147273
Michigan,May 21 2022,146261
Michigan,May 14 2022,145192
Michigan,May  7 2022,144196
Michigan,Apr 30 2022,143412
Michigan,Apr 23 2022,142745
Michigan,Apr 16 2022,142243
Michigan,Apr  9 2022,141814
Michigan,Apr  2 2022,141441
Michigan,Mar 26 2022,141105
Michigan,Mar 19 2022,140685
Michigan,Mar 12 2022,140243
Michigan,Mar  5 2022,139637
Michigan,Feb 26 2022,138869
Michigan,Feb 19 2022,137813
Michigan,Feb 12 2022,136440
Michigan,Feb  5 2022,134543
Michigan,Jan 29 2022,132290
Michigan,Jan 22 2022,129398
Michigan,Jan 15 2022,125876
Michigan,Jan  8 2022,121927
Michigan,Jan  1 2022,118013
Michigan,Dec 25 2021,114746
Michigan,Dec 18 2021,111949
Michigan,Dec 11 2021,108883
Michigan,Dec  4 2021,105222
Michigan,Nov 27 2021,101539
Michigan,Nov 20 2021,98145
Michigan,Nov 13 2021,94987
Michigan,Nov  6 2021,92319
Michigan,Oct 30 2021,90293
Michigan,Oct 23 2021,88409
Michigan,Oct 16 2021,86630
Michigan,Oct  9 2021,84771
Michigan,Oct  2 2021,82989
Michigan,Sep 25 2021,81495
Michigan,Sep 18 2021,80131
Michigan,Sep 11 2021,78815
Michigan,Sep  4 2021,77606
Michigan,Aug 28 2021,76581
Michigan,Aug 21 2021,75528
Michigan,Aug 14 2021,74640
Michigan,Aug  7 2021,73867
Michigan,Jul 31 2021,73296
Michigan,Jul 24 2021,72984
Michigan,Jul 17 2021,72698
Michigan,Jul 10 2021,72463
Michigan,Jul  3 2021,72252
Michigan,Jun 26 2021,72035
Michigan,Jun 19 2021,71815
Michigan,Jun 12 2021,71536
Michigan,Jun  5 2021,71109
Michigan,May 29 2021,70539
Michigan,May 22 2021,69628
Michigan,May 15 2021,68408
Michigan,May  8 2021,66813
Michigan,May  1 2021,64690
Michigan,Apr 24 2021,62047
Michigan,Apr 17 2021,58611
Michigan,Apr 10 2021,54327
Michigan,Apr  3 2021,50255
Michigan,Mar 27 2021,47204
Michigan,Mar 20 2021,45149
Michigan,Mar 13 2021,43807
Michigan,Mar  6 2021,42850
Michigan,Feb 27 2021,42097
Michigan,Feb 20 2021,41421
Michigan,Feb 13 2021,40751
Michigan,Feb  6 2021,39962
Michigan,Jan 30 2021,38954
Michigan,Jan 23 2021,37851
Michigan,Jan 16 2021,36413
Michigan,Jan  9 2021,34618
Michigan,Jan  2 2021,32563
Michigan,Dec 26 2020,30628
Michigan,Dec 19 2020,28436
Michigan,Dec 12 2020,25818
Michigan,Dec  5 2020,22718
Michigan,Nov 28 2020,19277
Michigan,Nov 21 2020,15599
Michigan,Nov 14 2020,12496
Michigan,Nov  7 2020,9910
Michigan,Oct 31 2020,7932
Michigan,Oct 24 2020,6361
Michigan,Oct 17 2020,5465
Michigan,Oct 10 2020,4732
Michigan,Oct  3 2020,4157
Michigan,Sep 26 2020,3680
Michigan,Sep 19 2020,3369
Michigan,Sep 12 2020,3058
Michigan,Sep  5 2020,2717
Michigan,Aug 29 2020,2371
Michigan,Aug 22 2020,1995
Michigan,Aug 15 2020,1594
Michigan,Aug  8 2020,1190
Michigan,Aug  1 2020,N/A
Michigan,Jul 25 2020,N/A
Michigan,Jul 18 2020,N/A
Michigan,Jul 11 2020,N/A
Michigan,Jul  4 2020,N/A
Michigan,Jun 27 2020,N/A
Michigan,Jun 20 2020,N/A
Michigan,Jun 13 2020,N/A
Michigan,Jun  6 2020,N/A
Michigan,May 30 2020,N/A
Michigan,May 23 2020,N/A
Michigan,May 16 2020,N/A
Michigan,May  9 2020,N/A
Michigan,May  2 2020,N/A
Michigan,Apr 25 2020,N/A
Michigan,Apr 18 2020,N/A
Michigan,Apr 11 2020,N/A
Michigan,Apr  4 2020,N/A
Michigan,Mar 28 2020,N/A
Michigan,Mar 21 2020,N/A
Michigan,Mar 14 2020,N/A
Michigan,Mar  7 2020,N/A
Michigan,Feb 29 2020,N/A
Michigan,Feb 22 2020,N/A
Michigan,Feb 15 2020,N/A
Michigan,Feb  8 2020,N/A
Michigan,Feb  1 2020,N/A
Michigan,Jan 25 2020,N/A
Michigan,Jan 18 2020,N/A
Michigan,Jan 11 2020,N/A
