﻿Data Table for Cumulative COVID-19 Hospitalizations - Minnesota
Date generated: Thu Mar 21 2024 17:47:09 GMT-0500 (Central Daylight Time)
Geography,Date,Cumulative COVID-19 Hospitalizations
Minnesota,Mar  9 2024,87327
Minnesota,Mar  2 2024,87161
Minnesota,Feb 24 2024,86996
Minnesota,Feb 17 2024,86806
Minnesota,Feb 10 2024,86561
Minnesota,Feb  3 2024,86342
Minnesota,Jan 27 2024,86073
Minnesota,Jan 20 2024,85768
Minnesota,Jan 13 2024,85424
Minnesota,Jan  6 2024,84949
Minnesota,Dec 30 2023,84410
Minnesota,Dec 23 2023,83813
Minnesota,Dec 16 2023,83283
Minnesota,Dec  9 2023,82781
Minnesota,Dec  2 2023,82334
Minnesota,Nov 25 2023,81884
Minnesota,Nov 18 2023,81534
Minnesota,Nov 11 2023,81149
Minnesota,Nov  4 2023,80856
Minnesota,Oct 28 2023,80640
Minnesota,Oct 21 2023,80372
Minnesota,Oct 14 2023,80087
Minnesota,Oct  7 2023,79811
Minnesota,Sep 30 2023,79551
Minnesota,Sep 23 2023,79291
Minnesota,Sep 16 2023,79037
Minnesota,Sep  9 2023,78828
Minnesota,Sep  2 2023,78652
Minnesota,Aug 26 2023,78481
Minnesota,Aug 19 2023,78305
Minnesota,Aug 12 2023,78189
Minnesota,Aug  5 2023,78086
Minnesota,Jul 29 2023,78010
Minnesota,Jul 22 2023,77950
Minnesota,Jul 15 2023,77872
Minnesota,Jul  8 2023,77820
Minnesota,Jul  1 2023,77771
Minnesota,Jun 24 2023,77736
Minnesota,Jun 17 2023,77688
Minnesota,Jun 10 2023,77646
Minnesota,Jun  3 2023,77603
Minnesota,May 27 2023,77536
Minnesota,May 20 2023,77455
Minnesota,May 13 2023,77374
Minnesota,May  6 2023,77217
Minnesota,Apr 29 2023,77083
Minnesota,Apr 22 2023,76944
Minnesota,Apr 15 2023,76775
Minnesota,Apr  8 2023,76574
Minnesota,Apr  1 2023,76350
Minnesota,Mar 25 2023,76088
Minnesota,Mar 18 2023,75841
Minnesota,Mar 11 2023,75574
Minnesota,Mar  4 2023,75230
Minnesota,Feb 25 2023,74862
Minnesota,Feb 18 2023,74521
Minnesota,Feb 11 2023,74120
Minnesota,Feb  4 2023,73717
Minnesota,Jan 28 2023,73363
Minnesota,Jan 21 2023,72956
Minnesota,Jan 14 2023,72577
Minnesota,Jan  7 2023,72144
Minnesota,Dec 31 2022,71596
Minnesota,Dec 24 2022,71033
Minnesota,Dec 17 2022,70474
Minnesota,Dec 10 2022,69936
Minnesota,Dec  3 2022,69381
Minnesota,Nov 26 2022,68799
Minnesota,Nov 19 2022,68299
Minnesota,Nov 12 2022,67794
Minnesota,Nov  5 2022,67331
Minnesota,Oct 29 2022,66875
Minnesota,Oct 22 2022,66370
Minnesota,Oct 15 2022,65886
Minnesota,Oct  8 2022,65494
Minnesota,Oct  1 2022,65028
Minnesota,Sep 24 2022,64594
Minnesota,Sep 17 2022,64150
Minnesota,Sep 10 2022,63679
Minnesota,Sep  3 2022,63243
Minnesota,Aug 27 2022,62729
Minnesota,Aug 20 2022,62207
Minnesota,Aug 13 2022,61614
Minnesota,Aug  6 2022,61041
Minnesota,Jul 30 2022,60518
Minnesota,Jul 23 2022,60024
Minnesota,Jul 16 2022,59550
Minnesota,Jul  9 2022,59079
Minnesota,Jul  2 2022,58658
Minnesota,Jun 25 2022,58250
Minnesota,Jun 18 2022,57815
Minnesota,Jun 11 2022,57400
Minnesota,Jun  4 2022,56938
Minnesota,May 28 2022,56467
Minnesota,May 21 2022,56018
Minnesota,May 14 2022,55544
Minnesota,May  7 2022,55102
Minnesota,Apr 30 2022,54743
Minnesota,Apr 23 2022,54443
Minnesota,Apr 16 2022,54206
Minnesota,Apr  9 2022,54032
Minnesota,Apr  2 2022,53855
Minnesota,Mar 26 2022,53694
Minnesota,Mar 19 2022,53489
Minnesota,Mar 12 2022,53263
Minnesota,Mar  5 2022,53013
Minnesota,Feb 26 2022,52668
Minnesota,Feb 19 2022,52241
Minnesota,Feb 12 2022,51662
Minnesota,Feb  5 2022,50822
Minnesota,Jan 29 2022,49783
Minnesota,Jan 22 2022,48434
Minnesota,Jan 15 2022,46984
Minnesota,Jan  8 2022,45588
Minnesota,Jan  1 2022,44348
Minnesota,Dec 25 2021,43351
Minnesota,Dec 18 2021,42338
Minnesota,Dec 11 2021,41294
Minnesota,Dec  4 2021,40087
Minnesota,Nov 27 2021,38797
Minnesota,Nov 20 2021,37616
Minnesota,Nov 13 2021,36521
Minnesota,Nov  6 2021,35458
Minnesota,Oct 30 2021,34613
Minnesota,Oct 23 2021,33827
Minnesota,Oct 16 2021,33085
Minnesota,Oct  9 2021,32261
Minnesota,Oct  2 2021,31427
Minnesota,Sep 25 2021,30701
Minnesota,Sep 18 2021,30020
Minnesota,Sep 11 2021,29375
Minnesota,Sep  4 2021,28829
Minnesota,Aug 28 2021,28307
Minnesota,Aug 21 2021,27811
Minnesota,Aug 14 2021,27331
Minnesota,Aug  7 2021,26947
Minnesota,Jul 31 2021,26694
Minnesota,Jul 24 2021,26453
Minnesota,Jul 17 2021,26292
Minnesota,Jul 10 2021,26176
Minnesota,Jul  3 2021,26071
Minnesota,Jun 26 2021,25980
Minnesota,Jun 19 2021,25883
Minnesota,Jun 12 2021,25775
Minnesota,Jun  5 2021,25615
Minnesota,May 29 2021,25427
Minnesota,May 22 2021,25134
Minnesota,May 15 2021,24762
Minnesota,May  8 2021,24311
Minnesota,May  1 2021,23806
Minnesota,Apr 24 2021,23141
Minnesota,Apr 17 2021,22494
Minnesota,Apr 10 2021,21759
Minnesota,Apr  3 2021,21091
Minnesota,Mar 27 2021,20578
Minnesota,Mar 20 2021,20181
Minnesota,Mar 13 2021,19822
Minnesota,Mar  6 2021,19529
Minnesota,Feb 27 2021,19295
Minnesota,Feb 20 2021,19017
Minnesota,Feb 13 2021,18741
Minnesota,Feb  6 2021,18404
Minnesota,Jan 30 2021,18033
Minnesota,Jan 23 2021,17622
Minnesota,Jan 16 2021,17135
Minnesota,Jan  9 2021,16509
Minnesota,Jan  2 2021,15779
Minnesota,Dec 26 2020,14975
Minnesota,Dec 19 2020,14143
Minnesota,Dec 12 2020,13184
Minnesota,Dec  5 2020,11949
Minnesota,Nov 28 2020,10519
Minnesota,Nov 21 2020,8951
Minnesota,Nov 14 2020,7275
Minnesota,Nov  7 2020,5789
Minnesota,Oct 31 2020,4692
Minnesota,Oct 24 2020,3924
Minnesota,Oct 17 2020,3302
Minnesota,Oct 10 2020,2819
Minnesota,Oct  3 2020,2362
Minnesota,Sep 26 2020,1975
Minnesota,Sep 19 2020,1619
Minnesota,Sep 12 2020,1365
Minnesota,Sep  5 2020,1124
Minnesota,Aug 29 2020,857
Minnesota,Aug 22 2020,592
Minnesota,Aug 15 2020,362
Minnesota,Aug  8 2020,149
Minnesota,Aug  1 2020,N/A
Minnesota,Jul 25 2020,N/A
Minnesota,Jul 18 2020,N/A
Minnesota,Jul 11 2020,N/A
Minnesota,Jul  4 2020,N/A
Minnesota,Jun 27 2020,N/A
Minnesota,Jun 20 2020,N/A
Minnesota,Jun 13 2020,N/A
Minnesota,Jun  6 2020,N/A
Minnesota,May 30 2020,N/A
Minnesota,May 23 2020,N/A
Minnesota,May 16 2020,N/A
Minnesota,May  9 2020,N/A
Minnesota,May  2 2020,N/A
Minnesota,Apr 25 2020,N/A
Minnesota,Apr 18 2020,N/A
Minnesota,Apr 11 2020,N/A
Minnesota,Apr  4 2020,N/A
Minnesota,Mar 28 2020,N/A
Minnesota,Mar 21 2020,N/A
Minnesota,Mar 14 2020,N/A
Minnesota,Mar  7 2020,N/A
Minnesota,Feb 29 2020,N/A
Minnesota,Feb 22 2020,N/A
Minnesota,Feb 15 2020,N/A
Minnesota,Feb  8 2020,N/A
Minnesota,Feb  1 2020,N/A
Minnesota,Jan 25 2020,N/A
Minnesota,Jan 18 2020,N/A
Minnesota,Jan 11 2020,N/A
