﻿Data Table for Cumulative COVID-19 Hospitalizations - Mississippi
Date generated: Thu Mar 21 2024 17:47:29 GMT-0500 (Central Daylight Time)
Geography,Date,Cumulative COVID-19 Hospitalizations
Mississippi,Mar  9 2024,59129
Mississippi,Mar  2 2024,59002
Mississippi,Feb 24 2024,58872
Mississippi,Feb 17 2024,58737
Mississippi,Feb 10 2024,58601
Mississippi,Feb  3 2024,58430
Mississippi,Jan 27 2024,58280
Mississippi,Jan 20 2024,58136
Mississippi,Jan 13 2024,57983
Mississippi,Jan  6 2024,57764
Mississippi,Dec 30 2023,57553
Mississippi,Dec 23 2023,57360
Mississippi,Dec 16 2023,57211
Mississippi,Dec  9 2023,57085
Mississippi,Dec  2 2023,56959
Mississippi,Nov 25 2023,56857
Mississippi,Nov 18 2023,56750
Mississippi,Nov 11 2023,56672
Mississippi,Nov  4 2023,56582
Mississippi,Oct 28 2023,56502
Mississippi,Oct 21 2023,56419
Mississippi,Oct 14 2023,56351
Mississippi,Oct  7 2023,56301
Mississippi,Sep 30 2023,56218
Mississippi,Sep 23 2023,56115
Mississippi,Sep 16 2023,56004
Mississippi,Sep  9 2023,55843
Mississippi,Sep  2 2023,55690
Mississippi,Aug 26 2023,55554
Mississippi,Aug 19 2023,55377
Mississippi,Aug 12 2023,55200
Mississippi,Aug  5 2023,55074
Mississippi,Jul 29 2023,54972
Mississippi,Jul 22 2023,54896
Mississippi,Jul 15 2023,54840
Mississippi,Jul  8 2023,54793
Mississippi,Jul  1 2023,54764
Mississippi,Jun 24 2023,54728
Mississippi,Jun 17 2023,54689
Mississippi,Jun 10 2023,54672
Mississippi,Jun  3 2023,54641
Mississippi,May 27 2023,54595
Mississippi,May 20 2023,54544
Mississippi,May 13 2023,54493
Mississippi,May  6 2023,54446
Mississippi,Apr 29 2023,54400
Mississippi,Apr 22 2023,54327
Mississippi,Apr 15 2023,54244
Mississippi,Apr  8 2023,54164
Mississippi,Apr  1 2023,54091
Mississippi,Mar 25 2023,54024
Mississippi,Mar 18 2023,53939
Mississippi,Mar 11 2023,53860
Mississippi,Mar  4 2023,53780
Mississippi,Feb 25 2023,53670
Mississippi,Feb 18 2023,53507
Mississippi,Feb 11 2023,53318
Mississippi,Feb  4 2023,53125
Mississippi,Jan 28 2023,52951
Mississippi,Jan 21 2023,52763
Mississippi,Jan 14 2023,52482
Mississippi,Jan  7 2023,52111
Mississippi,Dec 31 2022,51653
Mississippi,Dec 24 2022,51200
Mississippi,Dec 17 2022,50950
Mississippi,Dec 10 2022,50739
Mississippi,Dec  3 2022,50548
Mississippi,Nov 26 2022,50371
Mississippi,Nov 19 2022,50283
Mississippi,Nov 12 2022,50200
Mississippi,Nov  5 2022,50125
Mississippi,Oct 29 2022,50058
Mississippi,Oct 22 2022,49988
Mississippi,Oct 15 2022,49911
Mississippi,Oct  8 2022,49824
Mississippi,Oct  1 2022,49726
Mississippi,Sep 24 2022,49605
Mississippi,Sep 17 2022,49461
Mississippi,Sep 10 2022,49304
Mississippi,Sep  3 2022,49069
Mississippi,Aug 27 2022,48800
Mississippi,Aug 20 2022,48525
Mississippi,Aug 13 2022,48210
Mississippi,Aug  6 2022,47917
Mississippi,Jul 30 2022,47538
Mississippi,Jul 23 2022,47110
Mississippi,Jul 16 2022,46651
Mississippi,Jul  9 2022,46207
Mississippi,Jul  2 2022,45831
Mississippi,Jun 25 2022,45510
Mississippi,Jun 18 2022,45209
Mississippi,Jun 11 2022,44984
Mississippi,Jun  4 2022,44832
Mississippi,May 28 2022,44703
Mississippi,May 21 2022,44636
Mississippi,May 14 2022,44555
Mississippi,May  7 2022,44495
Mississippi,Apr 30 2022,44454
Mississippi,Apr 23 2022,44424
Mississippi,Apr 16 2022,44390
Mississippi,Apr  9 2022,44368
Mississippi,Apr  2 2022,44351
Mississippi,Mar 26 2022,44320
Mississippi,Mar 19 2022,44273
Mississippi,Mar 12 2022,44208
Mississippi,Mar  5 2022,44123
Mississippi,Feb 26 2022,43978
Mississippi,Feb 19 2022,43733
Mississippi,Feb 12 2022,43374
Mississippi,Feb  5 2022,42704
Mississippi,Jan 29 2022,41699
Mississippi,Jan 22 2022,40390
Mississippi,Jan 15 2022,39030
Mississippi,Jan  8 2022,37688
Mississippi,Jan  1 2022,36600
Mississippi,Dec 25 2021,35930
Mississippi,Dec 18 2021,35706
Mississippi,Dec 11 2021,35532
Mississippi,Dec  4 2021,35349
Mississippi,Nov 27 2021,35183
Mississippi,Nov 20 2021,35040
Mississippi,Nov 13 2021,34919
Mississippi,Nov  6 2021,34821
Mississippi,Oct 30 2021,34691
Mississippi,Oct 23 2021,34532
Mississippi,Oct 16 2021,34301
Mississippi,Oct  9 2021,34099
Mississippi,Oct  2 2021,33831
Mississippi,Sep 25 2021,33511
Mississippi,Sep 18 2021,33035
Mississippi,Sep 11 2021,32491
Mississippi,Sep  4 2021,31698
Mississippi,Aug 28 2021,30681
Mississippi,Aug 21 2021,29540
Mississippi,Aug 14 2021,28251
Mississippi,Aug  7 2021,26914
Mississippi,Jul 31 2021,25808
Mississippi,Jul 24 2021,25053
Mississippi,Jul 17 2021,24543
Mississippi,Jul 10 2021,24183
Mississippi,Jul  3 2021,23920
Mississippi,Jun 26 2021,23711
Mississippi,Jun 19 2021,23481
Mississippi,Jun 12 2021,23258
Mississippi,Jun  5 2021,23016
Mississippi,May 29 2021,22797
Mississippi,May 22 2021,22620
Mississippi,May 15 2021,22437
Mississippi,May  8 2021,22268
Mississippi,May  1 2021,22083
Mississippi,Apr 24 2021,21890
Mississippi,Apr 17 2021,21721
Mississippi,Apr 10 2021,21587
Mississippi,Apr  3 2021,21465
Mississippi,Mar 27 2021,21339
Mississippi,Mar 20 2021,21191
Mississippi,Mar 13 2021,21007
Mississippi,Mar  6 2021,20782
Mississippi,Feb 27 2021,20528
Mississippi,Feb 20 2021,20198
Mississippi,Feb 13 2021,19918
Mississippi,Feb  6 2021,19527
Mississippi,Jan 30 2021,19000
Mississippi,Jan 23 2021,18364
Mississippi,Jan 16 2021,17586
Mississippi,Jan  9 2021,16653
Mississippi,Jan  2 2021,15508
Mississippi,Dec 26 2020,14344
Mississippi,Dec 19 2020,13198
Mississippi,Dec 12 2020,12158
Mississippi,Dec  5 2020,11120
Mississippi,Nov 28 2020,10169
Mississippi,Nov 21 2020,9288
Mississippi,Nov 14 2020,8463
Mississippi,Nov  7 2020,7857
Mississippi,Oct 31 2020,7360
Mississippi,Oct 24 2020,6860
Mississippi,Oct 17 2020,6253
Mississippi,Oct 10 2020,5677
Mississippi,Oct  3 2020,5122
Mississippi,Sep 26 2020,4738
Mississippi,Sep 19 2020,4343
Mississippi,Sep 12 2020,3896
Mississippi,Sep  5 2020,3415
Mississippi,Aug 29 2020,2861
Mississippi,Aug 22 2020,2266
Mississippi,Aug 15 2020,1655
Mississippi,Aug  8 2020,864
Mississippi,Aug  1 2020,N/A
Mississippi,Jul 25 2020,N/A
Mississippi,Jul 18 2020,N/A
Mississippi,Jul 11 2020,N/A
Mississippi,Jul  4 2020,N/A
Mississippi,Jun 27 2020,N/A
Mississippi,Jun 20 2020,N/A
Mississippi,Jun 13 2020,N/A
Mississippi,Jun  6 2020,N/A
Mississippi,May 30 2020,N/A
Mississippi,May 23 2020,N/A
Mississippi,May 16 2020,N/A
Mississippi,May  9 2020,N/A
Mississippi,May  2 2020,N/A
Mississippi,Apr 25 2020,N/A
Mississippi,Apr 18 2020,N/A
Mississippi,Apr 11 2020,N/A
Mississippi,Apr  4 2020,N/A
Mississippi,Mar 28 2020,N/A
Mississippi,Mar 21 2020,N/A
Mississippi,Mar 14 2020,N/A
Mississippi,Mar  7 2020,N/A
Mississippi,Feb 29 2020,N/A
Mississippi,Feb 22 2020,N/A
Mississippi,Feb 15 2020,N/A
Mississippi,Feb  8 2020,N/A
Mississippi,Feb  1 2020,N/A
Mississippi,Jan 25 2020,N/A
Mississippi,Jan 18 2020,N/A
Mississippi,Jan 11 2020,N/A
