﻿Data Table for Cumulative COVID-19 Hospitalizations - Missouri
Date generated: Tue Mar 19 2024 18:03:11 GMT-0500 (Central Daylight Time)
Geography,Date,Cumulative COVID-19 Hospitalizations
Missouri,Mar  9 2024,143299
Missouri,Mar  2 2024,142983
Missouri,Feb 24 2024,142604
Missouri,Feb 17 2024,142200
Missouri,Feb 10 2024,141799
Missouri,Feb  3 2024,141380
Missouri,Jan 27 2024,140965
Missouri,Jan 20 2024,140495
Missouri,Jan 13 2024,139966
Missouri,Jan  6 2024,139220
Missouri,Dec 30 2023,138380
Missouri,Dec 23 2023,137599
Missouri,Dec 16 2023,136836
Missouri,Dec  9 2023,136134
Missouri,Dec  2 2023,135452
Missouri,Nov 25 2023,134783
Missouri,Nov 18 2023,134265
Missouri,Nov 11 2023,133795
Missouri,Nov  4 2023,133421
Missouri,Oct 28 2023,133089
Missouri,Oct 21 2023,132733
Missouri,Oct 14 2023,132424
Missouri,Oct  7 2023,132096
Missouri,Sep 30 2023,131805
Missouri,Sep 23 2023,131389
Missouri,Sep 16 2023,130967
Missouri,Sep  9 2023,130515
Missouri,Sep  2 2023,130095
Missouri,Aug 26 2023,129749
Missouri,Aug 19 2023,129464
Missouri,Aug 12 2023,129219
Missouri,Aug  5 2023,129044
Missouri,Jul 29 2023,128921
Missouri,Jul 22 2023,128802
Missouri,Jul 15 2023,128702
Missouri,Jul  8 2023,128603
Missouri,Jul  1 2023,128491
Missouri,Jun 24 2023,128416
Missouri,Jun 17 2023,128325
Missouri,Jun 10 2023,128245
Missouri,Jun  3 2023,128148
Missouri,May 27 2023,128032
Missouri,May 20 2023,127921
Missouri,May 13 2023,127783
Missouri,May  6 2023,127598
Missouri,Apr 29 2023,127397
Missouri,Apr 22 2023,127194
Missouri,Apr 15 2023,126920
Missouri,Apr  8 2023,126631
Missouri,Apr  1 2023,126271
Missouri,Mar 25 2023,125902
Missouri,Mar 18 2023,125505
Missouri,Mar 11 2023,125063
Missouri,Mar  4 2023,124598
Missouri,Feb 25 2023,124112
Missouri,Feb 18 2023,123623
Missouri,Feb 11 2023,123127
Missouri,Feb  4 2023,122664
Missouri,Jan 28 2023,122155
Missouri,Jan 21 2023,121675
Missouri,Jan 14 2023,121099
Missouri,Jan  7 2023,120350
Missouri,Dec 31 2022,119518
Missouri,Dec 24 2022,118576
Missouri,Dec 17 2022,117735
Missouri,Dec 10 2022,116882
Missouri,Dec  3 2022,116054
Missouri,Nov 26 2022,115277
Missouri,Nov 19 2022,114657
Missouri,Nov 12 2022,114132
Missouri,Nov  5 2022,113637
Missouri,Oct 29 2022,113083
Missouri,Oct 22 2022,112546
Missouri,Oct 15 2022,112031
Missouri,Oct  8 2022,111499
Missouri,Oct  1 2022,110996
Missouri,Sep 24 2022,110398
Missouri,Sep 17 2022,109722
Missouri,Sep 10 2022,109075
Missouri,Sep  3 2022,108365
Missouri,Aug 27 2022,107621
Missouri,Aug 20 2022,106960
Missouri,Aug 13 2022,106167
Missouri,Aug  6 2022,105368
Missouri,Jul 30 2022,104519
Missouri,Jul 23 2022,103652
Missouri,Jul 16 2022,102700
Missouri,Jul  9 2022,101798
Missouri,Jul  2 2022,100912
Missouri,Jun 25 2022,100226
Missouri,Jun 18 2022,99535
Missouri,Jun 11 2022,98921
Missouri,Jun  4 2022,98347
Missouri,May 28 2022,97845
Missouri,May 21 2022,97479
Missouri,May 14 2022,97131
Missouri,May  7 2022,96848
Missouri,Apr 30 2022,96643
Missouri,Apr 23 2022,96463
Missouri,Apr 16 2022,96251
Missouri,Apr  9 2022,96099
Missouri,Apr  2 2022,95920
Missouri,Mar 26 2022,95703
Missouri,Mar 19 2022,95437
Missouri,Mar 12 2022,95163
Missouri,Mar  5 2022,94788
Missouri,Feb 26 2022,94262
Missouri,Feb 19 2022,93438
Missouri,Feb 12 2022,92315
Missouri,Feb  5 2022,90634
Missouri,Jan 29 2022,88484
Missouri,Jan 22 2022,85711
Missouri,Jan 15 2022,82729
Missouri,Jan  8 2022,79841
Missouri,Jan  1 2022,77343
Missouri,Dec 25 2021,75321
Missouri,Dec 18 2021,73837
Missouri,Dec 11 2021,72338
Missouri,Dec  4 2021,70775
Missouri,Nov 27 2021,69535
Missouri,Nov 20 2021,68627
Missouri,Nov 13 2021,67856
Missouri,Nov  6 2021,67218
Missouri,Oct 30 2021,66664
Missouri,Oct 23 2021,66081
Missouri,Oct 16 2021,65523
Missouri,Oct  9 2021,64805
Missouri,Oct  2 2021,64062
Missouri,Sep 25 2021,63214
Missouri,Sep 18 2021,62167
Missouri,Sep 11 2021,61031
Missouri,Sep  4 2021,59774
Missouri,Aug 28 2021,58437
Missouri,Aug 21 2021,56876
Missouri,Aug 14 2021,55114
Missouri,Aug  7 2021,53254
Missouri,Jul 31 2021,51558
Missouri,Jul 24 2021,49864
Missouri,Jul 17 2021,48469
Missouri,Jul 10 2021,47364
Missouri,Jul  3 2021,46484
Missouri,Jun 26 2021,45760
Missouri,Jun 19 2021,45165
Missouri,Jun 12 2021,44603
Missouri,Jun  5 2021,44114
Missouri,May 29 2021,43715
Missouri,May 22 2021,43341
Missouri,May 15 2021,43026
Missouri,May  8 2021,42643
Missouri,May  1 2021,42203
Missouri,Apr 24 2021,41701
Missouri,Apr 17 2021,41264
Missouri,Apr 10 2021,40857
Missouri,Apr  3 2021,40446
Missouri,Mar 27 2021,40072
Missouri,Mar 20 2021,39677
Missouri,Mar 13 2021,39277
Missouri,Mar  6 2021,38866
Missouri,Feb 27 2021,38385
Missouri,Feb 20 2021,37836
Missouri,Feb 13 2021,37181
Missouri,Feb  6 2021,36435
Missouri,Jan 30 2021,35469
Missouri,Jan 23 2021,34316
Missouri,Jan 16 2021,32999
Missouri,Jan  9 2021,31305
Missouri,Jan  2 2021,29361
Missouri,Dec 26 2020,27488
Missouri,Dec 19 2020,25596
Missouri,Dec 12 2020,23572
Missouri,Dec  5 2020,21458
Missouri,Nov 28 2020,19340
Missouri,Nov 21 2020,17240
Missouri,Nov 14 2020,14824
Missouri,Nov  7 2020,12674
Missouri,Oct 31 2020,10963
Missouri,Oct 24 2020,9662
Missouri,Oct 17 2020,8465
Missouri,Oct 10 2020,7205
Missouri,Oct  3 2020,6142
Missouri,Sep 26 2020,5203
Missouri,Sep 19 2020,4388
Missouri,Sep 12 2020,3636
Missouri,Sep  5 2020,2985
Missouri,Aug 29 2020,2350
Missouri,Aug 22 2020,1668
Missouri,Aug 15 2020,1013
Missouri,Aug  8 2020,497
Missouri,Aug  1 2020,N/A
Missouri,Jul 25 2020,N/A
Missouri,Jul 18 2020,N/A
Missouri,Jul 11 2020,N/A
Missouri,Jul  4 2020,N/A
Missouri,Jun 27 2020,N/A
Missouri,Jun 20 2020,N/A
Missouri,Jun 13 2020,N/A
Missouri,Jun  6 2020,N/A
Missouri,May 30 2020,N/A
Missouri,May 23 2020,N/A
Missouri,May 16 2020,N/A
Missouri,May  9 2020,N/A
Missouri,May  2 2020,N/A
Missouri,Apr 25 2020,N/A
Missouri,Apr 18 2020,N/A
Missouri,Apr 11 2020,N/A
Missouri,Apr  4 2020,N/A
Missouri,Mar 28 2020,N/A
Missouri,Mar 21 2020,N/A
Missouri,Mar 14 2020,N/A
Missouri,Mar  7 2020,N/A
Missouri,Feb 29 2020,N/A
Missouri,Feb 22 2020,N/A
Missouri,Feb 15 2020,N/A
Missouri,Feb  8 2020,N/A
Missouri,Feb  1 2020,N/A
Missouri,Jan 25 2020,N/A
Missouri,Jan 18 2020,N/A
Missouri,Jan 11 2020,N/A
