﻿Data Table for Cumulative COVID-19 Hospitalizations - Montana
Date generated: Thu Mar 21 2024 17:47:55 GMT-0500 (Central Daylight Time)
Geography,Date,Cumulative COVID-19 Hospitalizations
Montana,Mar  9 2024,32188
Montana,Mar  2 2024,32144
Montana,Feb 24 2024,32099
Montana,Feb 17 2024,32058
Montana,Feb 10 2024,32018
Montana,Feb  3 2024,31970
Montana,Jan 27 2024,31936
Montana,Jan 20 2024,31880
Montana,Jan 13 2024,31821
Montana,Jan  6 2024,31710
Montana,Dec 30 2023,31584
Montana,Dec 23 2023,31489
Montana,Dec 16 2023,31385
Montana,Dec  9 2023,31278
Montana,Dec  2 2023,31175
Montana,Nov 25 2023,31071
Montana,Nov 18 2023,30982
Montana,Nov 11 2023,30892
Montana,Nov  4 2023,30802
Montana,Oct 28 2023,30739
Montana,Oct 21 2023,30677
Montana,Oct 14 2023,30574
Montana,Oct  7 2023,30479
Montana,Sep 30 2023,30399
Montana,Sep 23 2023,30276
Montana,Sep 16 2023,30166
Montana,Sep  9 2023,30079
Montana,Sep  2 2023,30012
Montana,Aug 26 2023,29952
Montana,Aug 19 2023,29899
Montana,Aug 12 2023,29858
Montana,Aug  5 2023,29835
Montana,Jul 29 2023,29800
Montana,Jul 22 2023,29773
Montana,Jul 15 2023,29755
Montana,Jul  8 2023,29729
Montana,Jul  1 2023,29714
Montana,Jun 24 2023,29694
Montana,Jun 17 2023,29678
Montana,Jun 10 2023,29662
Montana,Jun  3 2023,29647
Montana,May 27 2023,29629
Montana,May 20 2023,29609
Montana,May 13 2023,29585
Montana,May  6 2023,29559
Montana,Apr 29 2023,29514
Montana,Apr 22 2023,29471
Montana,Apr 15 2023,29425
Montana,Apr  8 2023,29374
Montana,Apr  1 2023,29314
Montana,Mar 25 2023,29250
Montana,Mar 18 2023,29163
Montana,Mar 11 2023,29024
Montana,Mar  4 2023,28947
Montana,Feb 25 2023,28828
Montana,Feb 18 2023,28684
Montana,Feb 11 2023,28589
Montana,Feb  4 2023,28485
Montana,Jan 28 2023,28414
Montana,Jan 21 2023,28352
Montana,Jan 14 2023,28279
Montana,Jan  7 2023,28189
Montana,Dec 31 2022,28092
Montana,Dec 24 2022,27972
Montana,Dec 17 2022,27867
Montana,Dec 10 2022,27769
Montana,Dec  3 2022,27648
Montana,Nov 26 2022,27535
Montana,Nov 19 2022,27442
Montana,Nov 12 2022,27335
Montana,Nov  5 2022,27247
Montana,Oct 29 2022,27142
Montana,Oct 22 2022,27041
Montana,Oct 15 2022,26922
Montana,Oct  8 2022,26821
Montana,Oct  1 2022,26720
Montana,Sep 24 2022,26587
Montana,Sep 17 2022,26459
Montana,Sep 10 2022,26341
Montana,Sep  3 2022,26208
Montana,Aug 27 2022,26087
Montana,Aug 20 2022,25944
Montana,Aug 13 2022,25775
Montana,Aug  6 2022,25593
Montana,Jul 30 2022,25436
Montana,Jul 23 2022,25252
Montana,Jul 16 2022,25065
Montana,Jul  9 2022,24895
Montana,Jul  2 2022,24685
Montana,Jun 25 2022,24498
Montana,Jun 18 2022,24325
Montana,Jun 11 2022,24168
Montana,Jun  4 2022,23999
Montana,May 28 2022,23882
Montana,May 21 2022,23770
Montana,May 14 2022,23687
Montana,May  7 2022,23636
Montana,Apr 30 2022,23580
Montana,Apr 23 2022,23545
Montana,Apr 16 2022,23517
Montana,Apr  9 2022,23492
Montana,Apr  2 2022,23469
Montana,Mar 26 2022,23437
Montana,Mar 19 2022,23388
Montana,Mar 12 2022,23306
Montana,Mar  5 2022,23230
Montana,Feb 26 2022,23086
Montana,Feb 19 2022,22906
Montana,Feb 12 2022,22643
Montana,Feb  5 2022,22253
Montana,Jan 29 2022,21728
Montana,Jan 22 2022,21192
Montana,Jan 15 2022,20703
Montana,Jan  8 2022,20267
Montana,Jan  1 2022,19937
Montana,Dec 25 2021,19772
Montana,Dec 18 2021,19640
Montana,Dec 11 2021,19478
Montana,Dec  4 2021,19247
Montana,Nov 27 2021,18971
Montana,Nov 20 2021,18668
Montana,Nov 13 2021,18243
Montana,Nov  6 2021,17772
Montana,Oct 30 2021,17296
Montana,Oct 23 2021,16663
Montana,Oct 16 2021,15994
Montana,Oct  9 2021,15306
Montana,Oct  2 2021,14493
Montana,Sep 25 2021,13814
Montana,Sep 18 2021,13165
Montana,Sep 11 2021,12570
Montana,Sep  4 2021,12009
Montana,Aug 28 2021,11573
Montana,Aug 21 2021,11221
Montana,Aug 14 2021,10905
Montana,Aug  7 2021,10652
Montana,Jul 31 2021,10452
Montana,Jul 24 2021,10302
Montana,Jul 17 2021,10196
Montana,Jul 10 2021,10098
Montana,Jul  3 2021,10019
Montana,Jun 26 2021,9948
Montana,Jun 19 2021,9867
Montana,Jun 12 2021,9777
Montana,Jun  5 2021,9694
Montana,May 29 2021,9572
Montana,May 22 2021,9436
Montana,May 15 2021,9322
Montana,May  8 2021,9232
Montana,May  1 2021,9121
Montana,Apr 24 2021,9023
Montana,Apr 17 2021,8949
Montana,Apr 10 2021,8882
Montana,Apr  3 2021,8806
Montana,Mar 27 2021,8740
Montana,Mar 20 2021,8665
Montana,Mar 13 2021,8582
Montana,Mar  6 2021,8476
Montana,Feb 27 2021,8367
Montana,Feb 20 2021,8263
Montana,Feb 13 2021,8106
Montana,Feb  6 2021,7987
Montana,Jan 30 2021,7817
Montana,Jan 23 2021,7647
Montana,Jan 16 2021,7407
Montana,Jan  9 2021,7102
Montana,Jan  2 2021,6819
Montana,Dec 26 2020,6560
Montana,Dec 19 2020,6308
Montana,Dec 12 2020,5947
Montana,Dec  5 2020,5527
Montana,Nov 28 2020,5108
Montana,Nov 21 2020,4578
Montana,Nov 14 2020,3981
Montana,Nov  7 2020,3409
Montana,Oct 31 2020,2884
Montana,Oct 24 2020,2447
Montana,Oct 17 2020,2042
Montana,Oct 10 2020,1615
Montana,Oct  3 2020,1276
Montana,Sep 26 2020,960
Montana,Sep 19 2020,745
Montana,Sep 12 2020,623
Montana,Sep  5 2020,513
Montana,Aug 29 2020,388
Montana,Aug 22 2020,284
Montana,Aug 15 2020,189
Montana,Aug  8 2020,95
Montana,Aug  1 2020,N/A
Montana,Jul 25 2020,N/A
Montana,Jul 18 2020,N/A
Montana,Jul 11 2020,N/A
Montana,Jul  4 2020,N/A
Montana,Jun 27 2020,N/A
Montana,Jun 20 2020,N/A
Montana,Jun 13 2020,N/A
Montana,Jun  6 2020,N/A
Montana,May 30 2020,N/A
Montana,May 23 2020,N/A
Montana,May 16 2020,N/A
Montana,May  9 2020,N/A
Montana,May  2 2020,N/A
Montana,Apr 25 2020,N/A
Montana,Apr 18 2020,N/A
Montana,Apr 11 2020,N/A
Montana,Apr  4 2020,N/A
Montana,Mar 28 2020,N/A
Montana,Mar 21 2020,N/A
Montana,Mar 14 2020,N/A
Montana,Mar  7 2020,N/A
Montana,Feb 29 2020,N/A
Montana,Feb 22 2020,N/A
Montana,Feb 15 2020,N/A
Montana,Feb  8 2020,N/A
Montana,Feb  1 2020,N/A
Montana,Jan 25 2020,N/A
Montana,Jan 18 2020,N/A
Montana,Jan 11 2020,N/A
