﻿Data Table for Cumulative COVID-19 Hospitalizations - Nebraska
Date generated: Thu Mar 21 2024 17:49:28 GMT-0500 (Central Daylight Time)
Geography,Date,Cumulative COVID-19 Hospitalizations
Nebraska,Mar  9 2024,35003
Nebraska,Mar  2 2024,34920
Nebraska,Feb 24 2024,34837
Nebraska,Feb 17 2024,34720
Nebraska,Feb 10 2024,34633
Nebraska,Feb  3 2024,34504
Nebraska,Jan 27 2024,34384
Nebraska,Jan 20 2024,34283
Nebraska,Jan 13 2024,34189
Nebraska,Jan  6 2024,34029
Nebraska,Dec 30 2023,33814
Nebraska,Dec 23 2023,33591
Nebraska,Dec 16 2023,33347
Nebraska,Dec  9 2023,33102
Nebraska,Dec  2 2023,32914
Nebraska,Nov 25 2023,32731
Nebraska,Nov 18 2023,32564
Nebraska,Nov 11 2023,32418
Nebraska,Nov  4 2023,32255
Nebraska,Oct 28 2023,32138
Nebraska,Oct 21 2023,32009
Nebraska,Oct 14 2023,31926
Nebraska,Oct  7 2023,31859
Nebraska,Sep 30 2023,31793
Nebraska,Sep 23 2023,31702
Nebraska,Sep 16 2023,31622
Nebraska,Sep  9 2023,31547
Nebraska,Sep  2 2023,31482
Nebraska,Aug 26 2023,31440
Nebraska,Aug 19 2023,31394
Nebraska,Aug 12 2023,31349
Nebraska,Aug  5 2023,31317
Nebraska,Jul 29 2023,31289
Nebraska,Jul 22 2023,31264
Nebraska,Jul 15 2023,31233
Nebraska,Jul  8 2023,31211
Nebraska,Jul  1 2023,31198
Nebraska,Jun 24 2023,31180
Nebraska,Jun 17 2023,31164
Nebraska,Jun 10 2023,31132
Nebraska,Jun  3 2023,31116
Nebraska,May 27 2023,31085
Nebraska,May 20 2023,31059
Nebraska,May 13 2023,31028
Nebraska,May  6 2023,30984
Nebraska,Apr 29 2023,30958
Nebraska,Apr 22 2023,30902
Nebraska,Apr 15 2023,30846
Nebraska,Apr  8 2023,30777
Nebraska,Apr  1 2023,30670
Nebraska,Mar 25 2023,30515
Nebraska,Mar 18 2023,30390
Nebraska,Mar 11 2023,30239
Nebraska,Mar  4 2023,30081
Nebraska,Feb 25 2023,29894
Nebraska,Feb 18 2023,29721
Nebraska,Feb 11 2023,29585
Nebraska,Feb  4 2023,29482
Nebraska,Jan 28 2023,29414
Nebraska,Jan 21 2023,29313
Nebraska,Jan 14 2023,29186
Nebraska,Jan  7 2023,29027
Nebraska,Dec 31 2022,28869
Nebraska,Dec 24 2022,28676
Nebraska,Dec 17 2022,28465
Nebraska,Dec 10 2022,28233
Nebraska,Dec  3 2022,28003
Nebraska,Nov 26 2022,27741
Nebraska,Nov 19 2022,27537
Nebraska,Nov 12 2022,27398
Nebraska,Nov  5 2022,27249
Nebraska,Oct 29 2022,27109
Nebraska,Oct 22 2022,27002
Nebraska,Oct 15 2022,26906
Nebraska,Oct  8 2022,26814
Nebraska,Oct  1 2022,26691
Nebraska,Sep 24 2022,26568
Nebraska,Sep 17 2022,26458
Nebraska,Sep 10 2022,26310
Nebraska,Sep  3 2022,26168
Nebraska,Aug 27 2022,25969
Nebraska,Aug 20 2022,25769
Nebraska,Aug 13 2022,25546
Nebraska,Aug  6 2022,25334
Nebraska,Jul 30 2022,25120
Nebraska,Jul 23 2022,24885
Nebraska,Jul 16 2022,24694
Nebraska,Jul  9 2022,24527
Nebraska,Jul  2 2022,24344
Nebraska,Jun 25 2022,24167
Nebraska,Jun 18 2022,23999
Nebraska,Jun 11 2022,23859
Nebraska,Jun  4 2022,23728
Nebraska,May 28 2022,23594
Nebraska,May 21 2022,23499
Nebraska,May 14 2022,23415
Nebraska,May  7 2022,23355
Nebraska,Apr 30 2022,23307
Nebraska,Apr 23 2022,23266
Nebraska,Apr 16 2022,23217
Nebraska,Apr  9 2022,23175
Nebraska,Apr  2 2022,23142
Nebraska,Mar 26 2022,23090
Nebraska,Mar 19 2022,23026
Nebraska,Mar 12 2022,22942
Nebraska,Mar  5 2022,22839
Nebraska,Feb 26 2022,22699
Nebraska,Feb 19 2022,22509
Nebraska,Feb 12 2022,22231
Nebraska,Feb  5 2022,21818
Nebraska,Jan 29 2022,21285
Nebraska,Jan 22 2022,20676
Nebraska,Jan 15 2022,20062
Nebraska,Jan  8 2022,19560
Nebraska,Jan  1 2022,19123
Nebraska,Dec 25 2021,18746
Nebraska,Dec 18 2021,18416
Nebraska,Dec 11 2021,18019
Nebraska,Dec  4 2021,17578
Nebraska,Nov 27 2021,17096
Nebraska,Nov 20 2021,16662
Nebraska,Nov 13 2021,16196
Nebraska,Nov  6 2021,15839
Nebraska,Oct 30 2021,15482
Nebraska,Oct 23 2021,15105
Nebraska,Oct 16 2021,14817
Nebraska,Oct  9 2021,14481
Nebraska,Oct  2 2021,14166
Nebraska,Sep 25 2021,13837
Nebraska,Sep 18 2021,13481
Nebraska,Sep 11 2021,13118
Nebraska,Sep  4 2021,12829
Nebraska,Aug 28 2021,12522
Nebraska,Aug 21 2021,12225
Nebraska,Aug 14 2021,11997
Nebraska,Aug  7 2021,11798
Nebraska,Jul 31 2021,11645
Nebraska,Jul 24 2021,11511
Nebraska,Jul 17 2021,11402
Nebraska,Jul 10 2021,11310
Nebraska,Jul  3 2021,11262
Nebraska,Jun 26 2021,11220
Nebraska,Jun 19 2021,11191
Nebraska,Jun 12 2021,11140
Nebraska,Jun  5 2021,11103
Nebraska,May 29 2021,11065
Nebraska,May 22 2021,11016
Nebraska,May 15 2021,10954
Nebraska,May  8 2021,10868
Nebraska,May  1 2021,10777
Nebraska,Apr 24 2021,10667
Nebraska,Apr 17 2021,10553
Nebraska,Apr 10 2021,10426
Nebraska,Apr  3 2021,10291
Nebraska,Mar 27 2021,10181
Nebraska,Mar 20 2021,10106
Nebraska,Mar 13 2021,10012
Nebraska,Mar  6 2021,9919
Nebraska,Feb 27 2021,9805
Nebraska,Feb 20 2021,9663
Nebraska,Feb 13 2021,9532
Nebraska,Feb  6 2021,9408
Nebraska,Jan 30 2021,9202
Nebraska,Jan 23 2021,8992
Nebraska,Jan 16 2021,8687
Nebraska,Jan  9 2021,8312
Nebraska,Jan  2 2021,7916
Nebraska,Dec 26 2020,7557
Nebraska,Dec 19 2020,7185
Nebraska,Dec 12 2020,6741
Nebraska,Dec  5 2020,6183
Nebraska,Nov 28 2020,5503
Nebraska,Nov 21 2020,4744
Nebraska,Nov 14 2020,3792
Nebraska,Nov  7 2020,2915
Nebraska,Oct 31 2020,2228
Nebraska,Oct 24 2020,1733
Nebraska,Oct 17 2020,1384
Nebraska,Oct 10 2020,1097
Nebraska,Oct  3 2020,887
Nebraska,Sep 26 2020,719
Nebraska,Sep 19 2020,572
Nebraska,Sep 12 2020,443
Nebraska,Sep  5 2020,348
Nebraska,Aug 29 2020,257
Nebraska,Aug 22 2020,176
Nebraska,Aug 15 2020,105
Nebraska,Aug  8 2020,21
Nebraska,Aug  1 2020,N/A
Nebraska,Jul 25 2020,N/A
Nebraska,Jul 18 2020,N/A
Nebraska,Jul 11 2020,N/A
Nebraska,Jul  4 2020,N/A
Nebraska,Jun 27 2020,N/A
Nebraska,Jun 20 2020,N/A
Nebraska,Jun 13 2020,N/A
Nebraska,Jun  6 2020,N/A
Nebraska,May 30 2020,N/A
Nebraska,May 23 2020,N/A
Nebraska,May 16 2020,N/A
Nebraska,May  9 2020,N/A
Nebraska,May  2 2020,N/A
Nebraska,Apr 25 2020,N/A
Nebraska,Apr 18 2020,N/A
Nebraska,Apr 11 2020,N/A
Nebraska,Apr  4 2020,N/A
Nebraska,Mar 28 2020,N/A
Nebraska,Mar 21 2020,N/A
Nebraska,Mar 14 2020,N/A
Nebraska,Mar  7 2020,N/A
Nebraska,Feb 29 2020,N/A
Nebraska,Feb 22 2020,N/A
Nebraska,Feb 15 2020,N/A
Nebraska,Feb  8 2020,N/A
Nebraska,Feb  1 2020,N/A
Nebraska,Jan 25 2020,N/A
Nebraska,Jan 18 2020,N/A
Nebraska,Jan 11 2020,N/A
