﻿Data Table for Cumulative COVID-19 Hospitalizations - Nevada
Date generated: Thu Mar 21 2024 17:49:33 GMT-0500 (Central Daylight Time)
Geography,Date,Cumulative COVID-19 Hospitalizations
Nevada,Mar  9 2024,68297
Nevada,Mar  2 2024,68208
Nevada,Feb 24 2024,68096
Nevada,Feb 17 2024,68005
Nevada,Feb 10 2024,67887
Nevada,Feb  3 2024,67749
Nevada,Jan 27 2024,67598
Nevada,Jan 20 2024,67434
Nevada,Jan 13 2024,67225
Nevada,Jan  6 2024,67015
Nevada,Dec 30 2023,66769
Nevada,Dec 23 2023,66506
Nevada,Dec 16 2023,66260
Nevada,Dec  9 2023,66055
Nevada,Dec  2 2023,65850
Nevada,Nov 25 2023,65651
Nevada,Nov 18 2023,65489
Nevada,Nov 11 2023,65320
Nevada,Nov  4 2023,65157
Nevada,Oct 28 2023,64997
Nevada,Oct 21 2023,64814
Nevada,Oct 14 2023,64632
Nevada,Oct  7 2023,64453
Nevada,Sep 30 2023,64317
Nevada,Sep 23 2023,64133
Nevada,Sep 16 2023,63950
Nevada,Sep  9 2023,63802
Nevada,Sep  2 2023,63628
Nevada,Aug 26 2023,63494
Nevada,Aug 19 2023,63369
Nevada,Aug 12 2023,63227
Nevada,Aug  5 2023,63126
Nevada,Jul 29 2023,63052
Nevada,Jul 22 2023,62975
Nevada,Jul 15 2023,62891
Nevada,Jul  8 2023,62828
Nevada,Jul  1 2023,62754
Nevada,Jun 24 2023,62670
Nevada,Jun 17 2023,62584
Nevada,Jun 10 2023,62514
Nevada,Jun  3 2023,62411
Nevada,May 27 2023,62329
Nevada,May 20 2023,62238
Nevada,May 13 2023,62156
Nevada,May  6 2023,62073
Nevada,Apr 29 2023,61979
Nevada,Apr 22 2023,61892
Nevada,Apr 15 2023,61784
Nevada,Apr  8 2023,61670
Nevada,Apr  1 2023,61548
Nevada,Mar 25 2023,61419
Nevada,Mar 18 2023,61256
Nevada,Mar 11 2023,61125
Nevada,Mar  4 2023,60957
Nevada,Feb 25 2023,60825
Nevada,Feb 18 2023,60652
Nevada,Feb 11 2023,60488
Nevada,Feb  4 2023,60352
Nevada,Jan 28 2023,60223
Nevada,Jan 21 2023,60073
Nevada,Jan 14 2023,59882
Nevada,Jan  7 2023,59656
Nevada,Dec 31 2022,59373
Nevada,Dec 24 2022,59078
Nevada,Dec 17 2022,58743
Nevada,Dec 10 2022,58466
Nevada,Dec  3 2022,58137
Nevada,Nov 26 2022,57808
Nevada,Nov 19 2022,57540
Nevada,Nov 12 2022,57316
Nevada,Nov  5 2022,57124
Nevada,Oct 29 2022,56938
Nevada,Oct 22 2022,56768
Nevada,Oct 15 2022,56615
Nevada,Oct  8 2022,56486
Nevada,Oct  1 2022,56368
Nevada,Sep 24 2022,56236
Nevada,Sep 17 2022,56129
Nevada,Sep 10 2022,56015
Nevada,Sep  3 2022,55877
Nevada,Aug 27 2022,55735
Nevada,Aug 20 2022,55561
Nevada,Aug 13 2022,55379
Nevada,Aug  6 2022,55143
Nevada,Jul 30 2022,54898
Nevada,Jul 23 2022,54545
Nevada,Jul 16 2022,54143
Nevada,Jul  9 2022,53648
Nevada,Jul  2 2022,53167
Nevada,Jun 25 2022,52680
Nevada,Jun 18 2022,52255
Nevada,Jun 11 2022,51874
Nevada,Jun  4 2022,51534
Nevada,May 28 2022,51214
Nevada,May 21 2022,50976
Nevada,May 14 2022,50792
Nevada,May  7 2022,50635
Nevada,Apr 30 2022,50486
Nevada,Apr 23 2022,50403
Nevada,Apr 16 2022,50315
Nevada,Apr  9 2022,50228
Nevada,Apr  2 2022,50153
Nevada,Mar 26 2022,50038
Nevada,Mar 19 2022,49916
Nevada,Mar 12 2022,49796
Nevada,Mar  5 2022,49636
Nevada,Feb 26 2022,49395
Nevada,Feb 19 2022,49072
Nevada,Feb 12 2022,48574
Nevada,Feb  5 2022,47837
Nevada,Jan 29 2022,46810
Nevada,Jan 22 2022,45506
Nevada,Jan 15 2022,44018
Nevada,Jan  8 2022,42476
Nevada,Jan  1 2022,41246
Nevada,Dec 25 2021,40472
Nevada,Dec 18 2021,39901
Nevada,Dec 11 2021,39411
Nevada,Dec  4 2021,38914
Nevada,Nov 27 2021,38426
Nevada,Nov 20 2021,37972
Nevada,Nov 13 2021,37519
Nevada,Nov  6 2021,37016
Nevada,Oct 30 2021,36489
Nevada,Oct 23 2021,36022
Nevada,Oct 16 2021,35533
Nevada,Oct  9 2021,35045
Nevada,Oct  2 2021,34448
Nevada,Sep 25 2021,33849
Nevada,Sep 18 2021,33195
Nevada,Sep 11 2021,32425
Nevada,Sep  4 2021,31639
Nevada,Aug 28 2021,30851
Nevada,Aug 21 2021,29947
Nevada,Aug 14 2021,29036
Nevada,Aug  7 2021,28050
Nevada,Jul 31 2021,27161
Nevada,Jul 24 2021,26230
Nevada,Jul 17 2021,25483
Nevada,Jul 10 2021,24775
Nevada,Jul  3 2021,24226
Nevada,Jun 26 2021,23780
Nevada,Jun 19 2021,23457
Nevada,Jun 12 2021,23231
Nevada,Jun  5 2021,23050
Nevada,May 29 2021,22875
Nevada,May 22 2021,22677
Nevada,May 15 2021,22459
Nevada,May  8 2021,22215
Nevada,May  1 2021,21950
Nevada,Apr 24 2021,21613
Nevada,Apr 17 2021,21345
Nevada,Apr 10 2021,21053
Nevada,Apr  3 2021,20769
Nevada,Mar 27 2021,20528
Nevada,Mar 20 2021,20280
Nevada,Mar 13 2021,20014
Nevada,Mar  6 2021,19736
Nevada,Feb 27 2021,19422
Nevada,Feb 20 2021,19028
Nevada,Feb 13 2021,18566
Nevada,Feb  6 2021,18001
Nevada,Jan 30 2021,17318
Nevada,Jan 23 2021,16535
Nevada,Jan 16 2021,15597
Nevada,Jan  9 2021,14540
Nevada,Jan  2 2021,13410
Nevada,Dec 26 2020,12320
Nevada,Dec 19 2020,11184
Nevada,Dec 12 2020,9978
Nevada,Dec  5 2020,8753
Nevada,Nov 28 2020,7653
Nevada,Nov 21 2020,6645
Nevada,Nov 14 2020,5701
Nevada,Nov  7 2020,4906
Nevada,Oct 31 2020,4376
Nevada,Oct 24 2020,3999
Nevada,Oct 17 2020,3650
Nevada,Oct 10 2020,3356
Nevada,Oct  3 2020,3091
Nevada,Sep 26 2020,2853
Nevada,Sep 19 2020,2564
Nevada,Sep 12 2020,2309
Nevada,Sep  5 2020,2050
Nevada,Aug 29 2020,1710
Nevada,Aug 22 2020,1383
Nevada,Aug 15 2020,987
Nevada,Aug  8 2020,594
Nevada,Aug  1 2020,N/A
Nevada,Jul 25 2020,N/A
Nevada,Jul 18 2020,N/A
Nevada,Jul 11 2020,N/A
Nevada,Jul  4 2020,N/A
Nevada,Jun 27 2020,N/A
Nevada,Jun 20 2020,N/A
Nevada,Jun 13 2020,N/A
Nevada,Jun  6 2020,N/A
Nevada,May 30 2020,N/A
Nevada,May 23 2020,N/A
Nevada,May 16 2020,N/A
Nevada,May  9 2020,N/A
Nevada,May  2 2020,N/A
Nevada,Apr 25 2020,N/A
Nevada,Apr 18 2020,N/A
Nevada,Apr 11 2020,N/A
Nevada,Apr  4 2020,N/A
Nevada,Mar 28 2020,N/A
Nevada,Mar 21 2020,N/A
Nevada,Mar 14 2020,N/A
Nevada,Mar  7 2020,N/A
Nevada,Feb 29 2020,N/A
Nevada,Feb 22 2020,N/A
Nevada,Feb 15 2020,N/A
Nevada,Feb  8 2020,N/A
Nevada,Feb  1 2020,N/A
Nevada,Jan 25 2020,N/A
Nevada,Jan 18 2020,N/A
Nevada,Jan 11 2020,N/A
