﻿Data Table for Cumulative COVID-19 Hospitalizations - New York
Date generated: Thu Mar 21 2024 17:50:53 GMT-0500 (Central Daylight Time)
Geography,Date,Cumulative COVID-19 Hospitalizations
New York,Mar  9 2024,418639
New York,Mar  2 2024,417883
New York,Feb 24 2024,416969
New York,Feb 17 2024,415872
New York,Feb 10 2024,414548
New York,Feb  3 2024,412968
New York,Jan 27 2024,411282
New York,Jan 20 2024,409294
New York,Jan 13 2024,406891
New York,Jan  6 2024,404016
New York,Dec 30 2023,400795
New York,Dec 23 2023,397830
New York,Dec 16 2023,395451
New York,Dec  9 2023,393589
New York,Dec  2 2023,391978
New York,Nov 25 2023,390468
New York,Nov 18 2023,389153
New York,Nov 11 2023,388056
New York,Nov  4 2023,387012
New York,Oct 28 2023,385994
New York,Oct 21 2023,384743
New York,Oct 14 2023,383491
New York,Oct  7 2023,382078
New York,Sep 30 2023,380415
New York,Sep 23 2023,378698
New York,Sep 16 2023,377147
New York,Sep  9 2023,375713
New York,Sep  2 2023,374232
New York,Aug 26 2023,372968
New York,Aug 19 2023,371871
New York,Aug 12 2023,370824
New York,Aug  5 2023,369900
New York,Jul 29 2023,369233
New York,Jul 22 2023,368599
New York,Jul 15 2023,368067
New York,Jul  8 2023,367669
New York,Jul  1 2023,367289
New York,Jun 24 2023,366837
New York,Jun 17 2023,366468
New York,Jun 10 2023,366003
New York,Jun  3 2023,365538
New York,May 27 2023,365035
New York,May 20 2023,364508
New York,May 13 2023,363947
New York,May  6 2023,363395
New York,Apr 29 2023,362790
New York,Apr 22 2023,362199
New York,Apr 15 2023,361537
New York,Apr  8 2023,360795
New York,Apr  1 2023,359954
New York,Mar 25 2023,359042
New York,Mar 18 2023,358051
New York,Mar 11 2023,356917
New York,Mar  4 2023,355630
New York,Feb 25 2023,354142
New York,Feb 18 2023,352455
New York,Feb 11 2023,350562
New York,Feb  4 2023,348636
New York,Jan 28 2023,346415
New York,Jan 21 2023,343949
New York,Jan 14 2023,341318
New York,Jan  7 2023,338140
New York,Dec 31 2022,334422
New York,Dec 24 2022,330969
New York,Dec 17 2022,327443
New York,Dec 10 2022,324053
New York,Dec  3 2022,320867
New York,Nov 26 2022,317903
New York,Nov 19 2022,315446
New York,Nov 12 2022,313061
New York,Nov  5 2022,310640
New York,Oct 29 2022,308111
New York,Oct 22 2022,305518
New York,Oct 15 2022,302947
New York,Oct  8 2022,300381
New York,Oct  1 2022,297952
New York,Sep 24 2022,295659
New York,Sep 17 2022,293518
New York,Sep 10 2022,291582
New York,Sep  3 2022,289678
New York,Aug 27 2022,287637
New York,Aug 20 2022,285449
New York,Aug 13 2022,283140
New York,Aug  6 2022,280831
New York,Jul 30 2022,278388
New York,Jul 23 2022,275832
New York,Jul 16 2022,273176
New York,Jul  9 2022,270629
New York,Jul  2 2022,268363
New York,Jun 25 2022,266332
New York,Jun 18 2022,264504
New York,Jun 11 2022,262714
New York,Jun  4 2022,260833
New York,May 28 2022,258644
New York,May 21 2022,256058
New York,May 14 2022,253275
New York,May  7 2022,250583
New York,Apr 30 2022,248146
New York,Apr 23 2022,246100
New York,Apr 16 2022,244393
New York,Apr  9 2022,243021
New York,Apr  2 2022,241939
New York,Mar 26 2022,241060
New York,Mar 19 2022,240297
New York,Mar 12 2022,239474
New York,Mar  5 2022,238594
New York,Feb 26 2022,237337
New York,Feb 19 2022,235855
New York,Feb 12 2022,233932
New York,Feb  5 2022,231048
New York,Jan 29 2022,227079
New York,Jan 22 2022,221117
New York,Jan 15 2022,212751
New York,Jan  8 2022,201566
New York,Jan  1 2022,189684
New York,Dec 25 2021,180638
New York,Dec 18 2021,175864
New York,Dec 11 2021,172358
New York,Dec  4 2021,169106
New York,Nov 27 2021,166085
New York,Nov 20 2021,163458
New York,Nov 13 2021,161227
New York,Nov  6 2021,159405
New York,Oct 30 2021,157779
New York,Oct 23 2021,156155
New York,Oct 16 2021,154365
New York,Oct  9 2021,152439
New York,Oct  2 2021,150529
New York,Sep 25 2021,148639
New York,Sep 18 2021,146611
New York,Sep 11 2021,144532
New York,Sep  4 2021,142478
New York,Aug 28 2021,140369
New York,Aug 21 2021,138354
New York,Aug 14 2021,136447
New York,Aug  7 2021,134690
New York,Jul 31 2021,133482
New York,Jul 24 2021,132672
New York,Jul 17 2021,132051
New York,Jul 10 2021,131618
New York,Jul  3 2021,131242
New York,Jun 26 2021,130861
New York,Jun 19 2021,130447
New York,Jun 12 2021,129982
New York,Jun  5 2021,129376
New York,May 29 2021,128662
New York,May 22 2021,127680
New York,May 15 2021,126463
New York,May  8 2021,125016
New York,May  1 2021,123213
New York,Apr 24 2021,121016
New York,Apr 17 2021,118179
New York,Apr 10 2021,114909
New York,Apr  3 2021,111307
New York,Mar 27 2021,107555
New York,Mar 20 2021,103561
New York,Mar 13 2021,99831
New York,Mar  6 2021,96110
New York,Feb 27 2021,92266
New York,Feb 20 2021,88068
New York,Feb 13 2021,83890
New York,Feb  6 2021,78874
New York,Jan 30 2021,73330
New York,Jan 23 2021,67282
New York,Jan 16 2021,60585
New York,Jan  9 2021,53382
New York,Jan  2 2021,45995
New York,Dec 26 2020,39316
New York,Dec 19 2020,33085
New York,Dec 12 2020,27510
New York,Dec  5 2020,22426
New York,Nov 28 2020,18314
New York,Nov 21 2020,15163
New York,Nov 14 2020,12629
New York,Nov  7 2020,10528
New York,Oct 31 2020,9285
New York,Oct 24 2020,8305
New York,Oct 17 2020,7330
New York,Oct 10 2020,6335
New York,Oct  3 2020,5496
New York,Sep 26 2020,4656
New York,Sep 19 2020,4018
New York,Sep 12 2020,3460
New York,Sep  5 2020,2892
New York,Aug 29 2020,2418
New York,Aug 22 2020,1932
New York,Aug 15 2020,1086
New York,Aug  8 2020,591
New York,Aug  1 2020,N/A
New York,Jul 25 2020,N/A
New York,Jul 18 2020,N/A
New York,Jul 11 2020,N/A
New York,Jul  4 2020,N/A
New York,Jun 27 2020,N/A
New York,Jun 20 2020,N/A
New York,Jun 13 2020,N/A
New York,Jun  6 2020,N/A
New York,May 30 2020,N/A
New York,May 23 2020,N/A
New York,May 16 2020,N/A
New York,May  9 2020,N/A
New York,May  2 2020,N/A
New York,Apr 25 2020,N/A
New York,Apr 18 2020,N/A
New York,Apr 11 2020,N/A
New York,Apr  4 2020,N/A
New York,Mar 28 2020,N/A
New York,Mar 21 2020,N/A
New York,Mar 14 2020,N/A
New York,Mar  7 2020,N/A
New York,Feb 29 2020,N/A
New York,Feb 22 2020,N/A
New York,Feb 15 2020,N/A
New York,Feb  8 2020,N/A
New York,Feb  1 2020,N/A
New York,Jan 25 2020,N/A
New York,Jan 18 2020,N/A
New York,Jan 11 2020,N/A
