﻿Data Table for Cumulative COVID-19 Hospitalizations - New Hampshire
Date generated: Thu Mar 21 2024 17:49:38 GMT-0500 (Central Daylight Time)
Geography,Date,Cumulative COVID-19 Hospitalizations
New Hampshire,Mar  9 2024,20394
New Hampshire,Mar  2 2024,20343
New Hampshire,Feb 24 2024,20300
New Hampshire,Feb 17 2024,20245
New Hampshire,Feb 10 2024,20177
New Hampshire,Feb  3 2024,20100
New Hampshire,Jan 27 2024,20024
New Hampshire,Jan 20 2024,19950
New Hampshire,Jan 13 2024,19864
New Hampshire,Jan  6 2024,19729
New Hampshire,Dec 30 2023,19547
New Hampshire,Dec 23 2023,19425
New Hampshire,Dec 16 2023,19294
New Hampshire,Dec  9 2023,19186
New Hampshire,Dec  2 2023,19093
New Hampshire,Nov 25 2023,19002
New Hampshire,Nov 18 2023,18934
New Hampshire,Nov 11 2023,18875
New Hampshire,Nov  4 2023,18804
New Hampshire,Oct 28 2023,18737
New Hampshire,Oct 21 2023,18658
New Hampshire,Oct 14 2023,18590
New Hampshire,Oct  7 2023,18508
New Hampshire,Sep 30 2023,18404
New Hampshire,Sep 23 2023,18328
New Hampshire,Sep 16 2023,18231
New Hampshire,Sep  9 2023,18155
New Hampshire,Sep  2 2023,18105
New Hampshire,Aug 26 2023,18049
New Hampshire,Aug 19 2023,18006
New Hampshire,Aug 12 2023,17966
New Hampshire,Aug  5 2023,17912
New Hampshire,Jul 29 2023,17866
New Hampshire,Jul 22 2023,17811
New Hampshire,Jul 15 2023,17783
New Hampshire,Jul  8 2023,17761
New Hampshire,Jul  1 2023,17720
New Hampshire,Jun 24 2023,17691
New Hampshire,Jun 17 2023,17666
New Hampshire,Jun 10 2023,17638
New Hampshire,Jun  3 2023,17609
New Hampshire,May 27 2023,17581
New Hampshire,May 20 2023,17547
New Hampshire,May 13 2023,17513
New Hampshire,May  6 2023,17477
New Hampshire,Apr 29 2023,17432
New Hampshire,Apr 22 2023,17377
New Hampshire,Apr 15 2023,17328
New Hampshire,Apr  8 2023,17288
New Hampshire,Apr  1 2023,17234
New Hampshire,Mar 25 2023,17184
New Hampshire,Mar 18 2023,17134
New Hampshire,Mar 11 2023,17069
New Hampshire,Mar  4 2023,17000
New Hampshire,Feb 25 2023,16894
New Hampshire,Feb 18 2023,16818
New Hampshire,Feb 11 2023,16726
New Hampshire,Feb  4 2023,16640
New Hampshire,Jan 28 2023,16544
New Hampshire,Jan 21 2023,16479
New Hampshire,Jan 14 2023,16350
New Hampshire,Jan  7 2023,16187
New Hampshire,Dec 31 2022,16032
New Hampshire,Dec 24 2022,15863
New Hampshire,Dec 17 2022,15728
New Hampshire,Dec 10 2022,15598
New Hampshire,Dec  3 2022,15510
New Hampshire,Nov 26 2022,15406
New Hampshire,Nov 19 2022,15339
New Hampshire,Nov 12 2022,15231
New Hampshire,Nov  5 2022,15128
New Hampshire,Oct 29 2022,15005
New Hampshire,Oct 22 2022,14866
New Hampshire,Oct 15 2022,14705
New Hampshire,Oct  8 2022,14566
New Hampshire,Oct  1 2022,14441
New Hampshire,Sep 24 2022,14316
New Hampshire,Sep 17 2022,14219
New Hampshire,Sep 10 2022,14118
New Hampshire,Sep  3 2022,14016
New Hampshire,Aug 27 2022,13898
New Hampshire,Aug 20 2022,13767
New Hampshire,Aug 13 2022,13665
New Hampshire,Aug  6 2022,13565
New Hampshire,Jul 30 2022,13454
New Hampshire,Jul 23 2022,13366
New Hampshire,Jul 16 2022,13237
New Hampshire,Jul  9 2022,13136
New Hampshire,Jul  2 2022,13046
New Hampshire,Jun 25 2022,12955
New Hampshire,Jun 18 2022,12856
New Hampshire,Jun 11 2022,12743
New Hampshire,Jun  4 2022,12637
New Hampshire,May 28 2022,12525
New Hampshire,May 21 2022,12361
New Hampshire,May 14 2022,12200
New Hampshire,May  7 2022,12060
New Hampshire,Apr 30 2022,11950
New Hampshire,Apr 23 2022,11865
New Hampshire,Apr 16 2022,11780
New Hampshire,Apr  9 2022,11698
New Hampshire,Apr  2 2022,11633
New Hampshire,Mar 26 2022,11588
New Hampshire,Mar 19 2022,11554
New Hampshire,Mar 12 2022,11493
New Hampshire,Mar  5 2022,11431
New Hampshire,Feb 26 2022,11361
New Hampshire,Feb 19 2022,11256
New Hampshire,Feb 12 2022,11113
New Hampshire,Feb  5 2022,10896
New Hampshire,Jan 29 2022,10635
New Hampshire,Jan 22 2022,10274
New Hampshire,Jan 15 2022,9872
New Hampshire,Jan  8 2022,9447
New Hampshire,Jan  1 2022,9128
New Hampshire,Dec 25 2021,8819
New Hampshire,Dec 18 2021,8516
New Hampshire,Dec 11 2021,8163
New Hampshire,Dec  4 2021,7782
New Hampshire,Nov 27 2021,7429
New Hampshire,Nov 20 2021,7114
New Hampshire,Nov 13 2021,6861
New Hampshire,Nov  6 2021,6627
New Hampshire,Oct 30 2021,6430
New Hampshire,Oct 23 2021,6268
New Hampshire,Oct 16 2021,6081
New Hampshire,Oct  9 2021,5942
New Hampshire,Oct  2 2021,5827
New Hampshire,Sep 25 2021,5696
New Hampshire,Sep 18 2021,5570
New Hampshire,Sep 11 2021,5461
New Hampshire,Sep  4 2021,5324
New Hampshire,Aug 28 2021,5192
New Hampshire,Aug 21 2021,5037
New Hampshire,Aug 14 2021,4935
New Hampshire,Aug  7 2021,4865
New Hampshire,Jul 31 2021,4827
New Hampshire,Jul 24 2021,4799
New Hampshire,Jul 17 2021,4768
New Hampshire,Jul 10 2021,4749
New Hampshire,Jul  3 2021,4729
New Hampshire,Jun 26 2021,4718
New Hampshire,Jun 19 2021,4708
New Hampshire,Jun 12 2021,4691
New Hampshire,Jun  5 2021,4668
New Hampshire,May 29 2021,4640
New Hampshire,May 22 2021,4590
New Hampshire,May 15 2021,4524
New Hampshire,May  8 2021,4470
New Hampshire,May  1 2021,4379
New Hampshire,Apr 24 2021,4302
New Hampshire,Apr 17 2021,4188
New Hampshire,Apr 10 2021,4049
New Hampshire,Apr  3 2021,3940
New Hampshire,Mar 27 2021,3854
New Hampshire,Mar 20 2021,3774
New Hampshire,Mar 13 2021,3696
New Hampshire,Mar  6 2021,3616
New Hampshire,Feb 27 2021,3539
New Hampshire,Feb 20 2021,3457
New Hampshire,Feb 13 2021,3376
New Hampshire,Feb  6 2021,3284
New Hampshire,Jan 30 2021,3153
New Hampshire,Jan 23 2021,3010
New Hampshire,Jan 16 2021,2825
New Hampshire,Jan  9 2021,2595
New Hampshire,Jan  2 2021,2333
New Hampshire,Dec 26 2020,2036
New Hampshire,Dec 19 2020,1763
New Hampshire,Dec 12 2020,1508
New Hampshire,Dec  5 2020,1214
New Hampshire,Nov 28 2020,1037
New Hampshire,Nov 21 2020,908
New Hampshire,Nov 14 2020,821
New Hampshire,Nov  7 2020,754
New Hampshire,Oct 31 2020,720
New Hampshire,Oct 24 2020,689
New Hampshire,Oct 17 2020,674
New Hampshire,Oct 10 2020,651
New Hampshire,Oct  3 2020,634
New Hampshire,Sep 26 2020,613
New Hampshire,Sep 19 2020,592
New Hampshire,Sep 12 2020,585
New Hampshire,Sep  5 2020,577
New Hampshire,Aug 29 2020,422
New Hampshire,Aug 22 2020,212
New Hampshire,Aug 15 2020,31
New Hampshire,Aug  8 2020,18
New Hampshire,Aug  1 2020,N/A
New Hampshire,Jul 25 2020,N/A
New Hampshire,Jul 18 2020,N/A
New Hampshire,Jul 11 2020,N/A
New Hampshire,Jul  4 2020,N/A
New Hampshire,Jun 27 2020,N/A
New Hampshire,Jun 20 2020,N/A
New Hampshire,Jun 13 2020,N/A
New Hampshire,Jun  6 2020,N/A
New Hampshire,May 30 2020,N/A
New Hampshire,May 23 2020,N/A
New Hampshire,May 16 2020,N/A
New Hampshire,May  9 2020,N/A
New Hampshire,May  2 2020,N/A
New Hampshire,Apr 25 2020,N/A
New Hampshire,Apr 18 2020,N/A
New Hampshire,Apr 11 2020,N/A
New Hampshire,Apr  4 2020,N/A
New Hampshire,Mar 28 2020,N/A
New Hampshire,Mar 21 2020,N/A
New Hampshire,Mar 14 2020,N/A
New Hampshire,Mar  7 2020,N/A
New Hampshire,Feb 29 2020,N/A
New Hampshire,Feb 22 2020,N/A
New Hampshire,Feb 15 2020,N/A
New Hampshire,Feb  8 2020,N/A
New Hampshire,Feb  1 2020,N/A
New Hampshire,Jan 25 2020,N/A
New Hampshire,Jan 18 2020,N/A
New Hampshire,Jan 11 2020,N/A
