﻿Data Table for Cumulative COVID-19 Hospitalizations - New Jersey
Date generated: Thu Mar 21 2024 17:49:43 GMT-0500 (Central Daylight Time)
Geography,Date,Cumulative COVID-19 Hospitalizations
New Jersey,Mar  9 2024,190855
New Jersey,Mar  2 2024,190465
New Jersey,Feb 24 2024,189944
New Jersey,Feb 17 2024,189392
New Jersey,Feb 10 2024,188746
New Jersey,Feb  3 2024,188052
New Jersey,Jan 27 2024,187240
New Jersey,Jan 20 2024,186343
New Jersey,Jan 13 2024,185260
New Jersey,Jan  6 2024,183948
New Jersey,Dec 30 2023,182506
New Jersey,Dec 23 2023,181133
New Jersey,Dec 16 2023,180153
New Jersey,Dec  9 2023,179400
New Jersey,Dec  2 2023,178755
New Jersey,Nov 25 2023,178133
New Jersey,Nov 18 2023,177649
New Jersey,Nov 11 2023,177220
New Jersey,Nov  4 2023,176781
New Jersey,Oct 28 2023,176380
New Jersey,Oct 21 2023,175925
New Jersey,Oct 14 2023,175383
New Jersey,Oct  7 2023,174795
New Jersey,Sep 30 2023,174106
New Jersey,Sep 23 2023,173487
New Jersey,Sep 16 2023,172962
New Jersey,Sep  9 2023,172516
New Jersey,Sep  2 2023,172066
New Jersey,Aug 26 2023,171710
New Jersey,Aug 19 2023,171396
New Jersey,Aug 12 2023,171102
New Jersey,Aug  5 2023,170816
New Jersey,Jul 29 2023,170569
New Jersey,Jul 22 2023,170369
New Jersey,Jul 15 2023,170203
New Jersey,Jul  8 2023,170074
New Jersey,Jul  1 2023,169955
New Jersey,Jun 24 2023,169813
New Jersey,Jun 17 2023,169668
New Jersey,Jun 10 2023,169514
New Jersey,Jun  3 2023,169372
New Jersey,May 27 2023,169201
New Jersey,May 20 2023,169054
New Jersey,May 13 2023,168925
New Jersey,May  6 2023,168754
New Jersey,Apr 29 2023,168571
New Jersey,Apr 22 2023,168399
New Jersey,Apr 15 2023,168164
New Jersey,Apr  8 2023,167894
New Jersey,Apr  1 2023,167587
New Jersey,Mar 25 2023,167215
New Jersey,Mar 18 2023,166772
New Jersey,Mar 11 2023,166288
New Jersey,Mar  4 2023,165698
New Jersey,Feb 25 2023,165117
New Jersey,Feb 18 2023,164324
New Jersey,Feb 11 2023,163301
New Jersey,Feb  4 2023,162127
New Jersey,Jan 28 2023,160980
New Jersey,Jan 21 2023,159732
New Jersey,Jan 14 2023,158298
New Jersey,Jan  7 2023,156711
New Jersey,Dec 31 2022,154918
New Jersey,Dec 24 2022,153239
New Jersey,Dec 17 2022,151640
New Jersey,Dec 10 2022,150182
New Jersey,Dec  3 2022,148918
New Jersey,Nov 26 2022,147595
New Jersey,Nov 19 2022,146535
New Jersey,Nov 12 2022,145482
New Jersey,Nov  5 2022,144380
New Jersey,Oct 29 2022,143251
New Jersey,Oct 22 2022,142158
New Jersey,Oct 15 2022,140995
New Jersey,Oct  8 2022,139850
New Jersey,Oct  1 2022,138737
New Jersey,Sep 24 2022,137722
New Jersey,Sep 17 2022,136810
New Jersey,Sep 10 2022,136011
New Jersey,Sep  3 2022,135146
New Jersey,Aug 27 2022,134179
New Jersey,Aug 20 2022,133131
New Jersey,Aug 13 2022,132077
New Jersey,Aug  6 2022,130959
New Jersey,Jul 30 2022,129820
New Jersey,Jul 23 2022,128653
New Jersey,Jul 16 2022,127520
New Jersey,Jul  9 2022,126396
New Jersey,Jul  2 2022,125371
New Jersey,Jun 25 2022,124437
New Jersey,Jun 18 2022,123587
New Jersey,Jun 11 2022,122736
New Jersey,Jun  4 2022,121788
New Jersey,May 28 2022,120802
New Jersey,May 21 2022,119755
New Jersey,May 14 2022,118786
New Jersey,May  7 2022,117946
New Jersey,Apr 30 2022,117243
New Jersey,Apr 23 2022,116712
New Jersey,Apr 16 2022,116249
New Jersey,Apr  9 2022,115848
New Jersey,Apr  2 2022,115497
New Jersey,Mar 26 2022,115191
New Jersey,Mar 19 2022,114911
New Jersey,Mar 12 2022,114578
New Jersey,Mar  5 2022,114190
New Jersey,Feb 26 2022,113668
New Jersey,Feb 19 2022,112989
New Jersey,Feb 12 2022,112172
New Jersey,Feb  5 2022,110980
New Jersey,Jan 29 2022,109310
New Jersey,Jan 22 2022,106512
New Jersey,Jan 15 2022,102518
New Jersey,Jan  8 2022,96958
New Jersey,Jan  1 2022,90715
New Jersey,Dec 25 2021,86141
New Jersey,Dec 18 2021,83656
New Jersey,Dec 11 2021,81872
New Jersey,Dec  4 2021,80269
New Jersey,Nov 27 2021,79110
New Jersey,Nov 20 2021,78265
New Jersey,Nov 13 2021,77508
New Jersey,Nov  6 2021,76914
New Jersey,Oct 30 2021,76388
New Jersey,Oct 23 2021,75814
New Jersey,Oct 16 2021,75133
New Jersey,Oct  9 2021,74407
New Jersey,Oct  2 2021,73635
New Jersey,Sep 25 2021,72728
New Jersey,Sep 18 2021,71828
New Jersey,Sep 11 2021,70833
New Jersey,Sep  4 2021,69796
New Jersey,Aug 28 2021,68805
New Jersey,Aug 21 2021,67815
New Jersey,Aug 14 2021,66869
New Jersey,Aug  7 2021,66106
New Jersey,Jul 31 2021,65484
New Jersey,Jul 24 2021,65028
New Jersey,Jul 17 2021,64673
New Jersey,Jul 10 2021,64405
New Jersey,Jul  3 2021,64160
New Jersey,Jun 26 2021,63950
New Jersey,Jun 19 2021,63715
New Jersey,Jun 12 2021,63493
New Jersey,Jun  5 2021,63216
New Jersey,May 29 2021,62885
New Jersey,May 22 2021,62454
New Jersey,May 15 2021,61910
New Jersey,May  8 2021,61209
New Jersey,May  1 2021,60211
New Jersey,Apr 24 2021,58992
New Jersey,Apr 17 2021,57383
New Jersey,Apr 10 2021,55587
New Jersey,Apr  3 2021,53408
New Jersey,Mar 27 2021,51236
New Jersey,Mar 20 2021,49143
New Jersey,Mar 13 2021,47353
New Jersey,Mar  6 2021,45690
New Jersey,Feb 27 2021,44113
New Jersey,Feb 20 2021,42492
New Jersey,Feb 13 2021,40916
New Jersey,Feb  6 2021,39061
New Jersey,Jan 30 2021,36774
New Jersey,Jan 23 2021,34379
New Jersey,Jan 16 2021,31712
New Jersey,Jan  9 2021,28743
New Jersey,Jan  2 2021,25757
New Jersey,Dec 26 2020,22900
New Jersey,Dec 19 2020,20011
New Jersey,Dec 12 2020,17128
New Jersey,Dec  5 2020,14023
New Jersey,Nov 28 2020,11191
New Jersey,Nov 21 2020,8747
New Jersey,Nov 14 2020,6520
New Jersey,Nov  7 2020,4863
New Jersey,Oct 31 2020,3835
New Jersey,Oct 24 2020,3091
New Jersey,Oct 17 2020,2462
New Jersey,Oct 10 2020,1975
New Jersey,Oct  3 2020,1569
New Jersey,Sep 26 2020,1310
New Jersey,Sep 19 2020,1143
New Jersey,Sep 12 2020,972
New Jersey,Sep  5 2020,793
New Jersey,Aug 29 2020,571
New Jersey,Aug 22 2020,351
New Jersey,Aug 15 2020,170
New Jersey,Aug  8 2020,89
New Jersey,Aug  1 2020,N/A
New Jersey,Jul 25 2020,N/A
New Jersey,Jul 18 2020,N/A
New Jersey,Jul 11 2020,N/A
New Jersey,Jul  4 2020,N/A
New Jersey,Jun 27 2020,N/A
New Jersey,Jun 20 2020,N/A
New Jersey,Jun 13 2020,N/A
New Jersey,Jun  6 2020,N/A
New Jersey,May 30 2020,N/A
New Jersey,May 23 2020,N/A
New Jersey,May 16 2020,N/A
New Jersey,May  9 2020,N/A
New Jersey,May  2 2020,N/A
New Jersey,Apr 25 2020,N/A
New Jersey,Apr 18 2020,N/A
New Jersey,Apr 11 2020,N/A
New Jersey,Apr  4 2020,N/A
New Jersey,Mar 28 2020,N/A
New Jersey,Mar 21 2020,N/A
New Jersey,Mar 14 2020,N/A
New Jersey,Mar  7 2020,N/A
New Jersey,Feb 29 2020,N/A
New Jersey,Feb 22 2020,N/A
New Jersey,Feb 15 2020,N/A
New Jersey,Feb  8 2020,N/A
New Jersey,Feb  1 2020,N/A
New Jersey,Jan 25 2020,N/A
New Jersey,Jan 18 2020,N/A
New Jersey,Jan 11 2020,N/A
