﻿Data Table for Cumulative COVID-19 Hospitalizations - New Mexico
Date generated: Thu Mar 21 2024 17:49:48 GMT-0500 (Central Daylight Time)
Geography,Date,Cumulative COVID-19 Hospitalizations
New Mexico,Mar  9 2024,41090
New Mexico,Mar  2 2024,41021
New Mexico,Feb 24 2024,40979
New Mexico,Feb 17 2024,40911
New Mexico,Feb 10 2024,40840
New Mexico,Feb  3 2024,40774
New Mexico,Jan 27 2024,40702
New Mexico,Jan 20 2024,40641
New Mexico,Jan 13 2024,40579
New Mexico,Jan  6 2024,40529
New Mexico,Dec 30 2023,40419
New Mexico,Dec 23 2023,40288
New Mexico,Dec 16 2023,40153
New Mexico,Dec  9 2023,40027
New Mexico,Dec  2 2023,39916
New Mexico,Nov 25 2023,39759
New Mexico,Nov 18 2023,39577
New Mexico,Nov 11 2023,39381
New Mexico,Nov  4 2023,39191
New Mexico,Oct 28 2023,39045
New Mexico,Oct 21 2023,38898
New Mexico,Oct 14 2023,38781
New Mexico,Oct  7 2023,38665
New Mexico,Sep 30 2023,38568
New Mexico,Sep 23 2023,38479
New Mexico,Sep 16 2023,38422
New Mexico,Sep  9 2023,38378
New Mexico,Sep  2 2023,38308
New Mexico,Aug 26 2023,38251
New Mexico,Aug 19 2023,38213
New Mexico,Aug 12 2023,38167
New Mexico,Aug  5 2023,38127
New Mexico,Jul 29 2023,38101
New Mexico,Jul 22 2023,38074
New Mexico,Jul 15 2023,38048
New Mexico,Jul  8 2023,38018
New Mexico,Jul  1 2023,37988
New Mexico,Jun 24 2023,37960
New Mexico,Jun 17 2023,37923
New Mexico,Jun 10 2023,37890
New Mexico,Jun  3 2023,37867
New Mexico,May 27 2023,37827
New Mexico,May 20 2023,37773
New Mexico,May 13 2023,37718
New Mexico,May  6 2023,37636
New Mexico,Apr 29 2023,37545
New Mexico,Apr 22 2023,37455
New Mexico,Apr 15 2023,37334
New Mexico,Apr  8 2023,37219
New Mexico,Apr  1 2023,37112
New Mexico,Mar 25 2023,37004
New Mexico,Mar 18 2023,36883
New Mexico,Mar 11 2023,36788
New Mexico,Mar  4 2023,36682
New Mexico,Feb 25 2023,36568
New Mexico,Feb 18 2023,36485
New Mexico,Feb 11 2023,36391
New Mexico,Feb  4 2023,36312
New Mexico,Jan 28 2023,36228
New Mexico,Jan 21 2023,36122
New Mexico,Jan 14 2023,36012
New Mexico,Jan  7 2023,35896
New Mexico,Dec 31 2022,35790
New Mexico,Dec 24 2022,35632
New Mexico,Dec 17 2022,35481
New Mexico,Dec 10 2022,35306
New Mexico,Dec  3 2022,35098
New Mexico,Nov 26 2022,34847
New Mexico,Nov 19 2022,34610
New Mexico,Nov 12 2022,34395
New Mexico,Nov  5 2022,34222
New Mexico,Oct 29 2022,34058
New Mexico,Oct 22 2022,33924
New Mexico,Oct 15 2022,33774
New Mexico,Oct  8 2022,33673
New Mexico,Oct  1 2022,33575
New Mexico,Sep 24 2022,33474
New Mexico,Sep 17 2022,33349
New Mexico,Sep 10 2022,33263
New Mexico,Sep  3 2022,33128
New Mexico,Aug 27 2022,32980
New Mexico,Aug 20 2022,32836
New Mexico,Aug 13 2022,32673
New Mexico,Aug  6 2022,32460
New Mexico,Jul 30 2022,32267
New Mexico,Jul 23 2022,32047
New Mexico,Jul 16 2022,31827
New Mexico,Jul  9 2022,31598
New Mexico,Jul  2 2022,31400
New Mexico,Jun 25 2022,31166
New Mexico,Jun 18 2022,30940
New Mexico,Jun 11 2022,30752
New Mexico,Jun  4 2022,30606
New Mexico,May 28 2022,30463
New Mexico,May 21 2022,30337
New Mexico,May 14 2022,30229
New Mexico,May  7 2022,30152
New Mexico,Apr 30 2022,30106
New Mexico,Apr 23 2022,30053
New Mexico,Apr 16 2022,29994
New Mexico,Apr  9 2022,29936
New Mexico,Apr  2 2022,29891
New Mexico,Mar 26 2022,29820
New Mexico,Mar 19 2022,29733
New Mexico,Mar 12 2022,29627
New Mexico,Mar  5 2022,29489
New Mexico,Feb 26 2022,29318
New Mexico,Feb 19 2022,29070
New Mexico,Feb 12 2022,28753
New Mexico,Feb  5 2022,28282
New Mexico,Jan 29 2022,27601
New Mexico,Jan 22 2022,26914
New Mexico,Jan 15 2022,26178
New Mexico,Jan  8 2022,25564
New Mexico,Jan  1 2022,25064
New Mexico,Dec 25 2021,24638
New Mexico,Dec 18 2021,24217
New Mexico,Dec 11 2021,23776
New Mexico,Dec  4 2021,23225
New Mexico,Nov 27 2021,22689
New Mexico,Nov 20 2021,22198
New Mexico,Nov 13 2021,21671
New Mexico,Nov  6 2021,21178
New Mexico,Oct 30 2021,20716
New Mexico,Oct 23 2021,20243
New Mexico,Oct 16 2021,19851
New Mexico,Oct  9 2021,19506
New Mexico,Oct  2 2021,19148
New Mexico,Sep 25 2021,18804
New Mexico,Sep 18 2021,18492
New Mexico,Sep 11 2021,18094
New Mexico,Sep  4 2021,17708
New Mexico,Aug 28 2021,17249
New Mexico,Aug 21 2021,16802
New Mexico,Aug 14 2021,16419
New Mexico,Aug  7 2021,16110
New Mexico,Jul 31 2021,15878
New Mexico,Jul 24 2021,15711
New Mexico,Jul 17 2021,15576
New Mexico,Jul 10 2021,15488
New Mexico,Jul  3 2021,15382
New Mexico,Jun 26 2021,15298
New Mexico,Jun 19 2021,15218
New Mexico,Jun 12 2021,15119
New Mexico,Jun  5 2021,15025
New Mexico,May 29 2021,14924
New Mexico,May 22 2021,14784
New Mexico,May 15 2021,14621
New Mexico,May  8 2021,14464
New Mexico,May  1 2021,14273
New Mexico,Apr 24 2021,14115
New Mexico,Apr 17 2021,13988
New Mexico,Apr 10 2021,13867
New Mexico,Apr  3 2021,13757
New Mexico,Mar 27 2021,13650
New Mexico,Mar 20 2021,13542
New Mexico,Mar 13 2021,13404
New Mexico,Mar  6 2021,13259
New Mexico,Feb 27 2021,13006
New Mexico,Feb 20 2021,12823
New Mexico,Feb 13 2021,12594
New Mexico,Feb  6 2021,12322
New Mexico,Jan 30 2021,11841
New Mexico,Jan 23 2021,11246
New Mexico,Jan 16 2021,10518
New Mexico,Jan  9 2021,9784
New Mexico,Jan  2 2021,9085
New Mexico,Dec 26 2020,8200
New Mexico,Dec 19 2020,7346
New Mexico,Dec 12 2020,6486
New Mexico,Dec  5 2020,5610
New Mexico,Nov 28 2020,4665
New Mexico,Nov 21 2020,3855
New Mexico,Nov 14 2020,3008
New Mexico,Nov  7 2020,2296
New Mexico,Oct 31 2020,1768
New Mexico,Oct 24 2020,1362
New Mexico,Oct 17 2020,1080
New Mexico,Oct 10 2020,918
New Mexico,Oct  3 2020,786
New Mexico,Sep 26 2020,671
New Mexico,Sep 19 2020,564
New Mexico,Sep 12 2020,490
New Mexico,Sep  5 2020,447
New Mexico,Aug 29 2020,399
New Mexico,Aug 22 2020,244
New Mexico,Aug 15 2020,142
New Mexico,Aug  8 2020,83
New Mexico,Aug  1 2020,N/A
New Mexico,Jul 25 2020,N/A
New Mexico,Jul 18 2020,N/A
New Mexico,Jul 11 2020,N/A
New Mexico,Jul  4 2020,N/A
New Mexico,Jun 27 2020,N/A
New Mexico,Jun 20 2020,N/A
New Mexico,Jun 13 2020,N/A
New Mexico,Jun  6 2020,N/A
New Mexico,May 30 2020,N/A
New Mexico,May 23 2020,N/A
New Mexico,May 16 2020,N/A
New Mexico,May  9 2020,N/A
New Mexico,May  2 2020,N/A
New Mexico,Apr 25 2020,N/A
New Mexico,Apr 18 2020,N/A
New Mexico,Apr 11 2020,N/A
New Mexico,Apr  4 2020,N/A
New Mexico,Mar 28 2020,N/A
New Mexico,Mar 21 2020,N/A
New Mexico,Mar 14 2020,N/A
New Mexico,Mar  7 2020,N/A
New Mexico,Feb 29 2020,N/A
New Mexico,Feb 22 2020,N/A
New Mexico,Feb 15 2020,N/A
New Mexico,Feb  8 2020,N/A
New Mexico,Feb  1 2020,N/A
New Mexico,Jan 25 2020,N/A
New Mexico,Jan 18 2020,N/A
New Mexico,Jan 11 2020,N/A
