﻿Data Table for Cumulative COVID-19 Hospitalizations - North Dakota
Date generated: Thu Mar 21 2024 17:51:35 GMT-0500 (Central Daylight Time)
Geography,Date,Cumulative COVID-19 Hospitalizations
North Dakota,Mar  9 2024,16514
North Dakota,Mar  2 2024,16476
North Dakota,Feb 24 2024,16440
North Dakota,Feb 17 2024,16401
North Dakota,Feb 10 2024,16361
North Dakota,Feb  3 2024,16316
North Dakota,Jan 27 2024,16282
North Dakota,Jan 20 2024,16243
North Dakota,Jan 13 2024,16189
North Dakota,Jan  6 2024,16130
North Dakota,Dec 30 2023,16054
North Dakota,Dec 23 2023,15954
North Dakota,Dec 16 2023,15863
North Dakota,Dec  9 2023,15781
North Dakota,Dec  2 2023,15701
North Dakota,Nov 25 2023,15613
North Dakota,Nov 18 2023,15536
North Dakota,Nov 11 2023,15455
North Dakota,Nov  4 2023,15405
North Dakota,Oct 28 2023,15370
North Dakota,Oct 21 2023,15319
North Dakota,Oct 14 2023,15264
North Dakota,Oct  7 2023,15206
North Dakota,Sep 30 2023,15162
North Dakota,Sep 23 2023,15122
North Dakota,Sep 16 2023,15087
North Dakota,Sep  9 2023,15059
North Dakota,Sep  2 2023,15035
North Dakota,Aug 26 2023,15015
North Dakota,Aug 19 2023,14994
North Dakota,Aug 12 2023,14980
North Dakota,Aug  5 2023,14965
North Dakota,Jul 29 2023,14951
North Dakota,Jul 22 2023,14938
North Dakota,Jul 15 2023,14919
North Dakota,Jul  8 2023,14908
North Dakota,Jul  1 2023,14901
North Dakota,Jun 24 2023,14893
North Dakota,Jun 17 2023,14888
North Dakota,Jun 10 2023,14871
North Dakota,Jun  3 2023,14859
North Dakota,May 27 2023,14845
North Dakota,May 20 2023,14833
North Dakota,May 13 2023,14816
North Dakota,May  6 2023,14782
North Dakota,Apr 29 2023,14760
North Dakota,Apr 22 2023,14724
North Dakota,Apr 15 2023,14694
North Dakota,Apr  8 2023,14660
North Dakota,Apr  1 2023,14636
North Dakota,Mar 25 2023,14590
North Dakota,Mar 18 2023,14554
North Dakota,Mar 11 2023,14496
North Dakota,Mar  4 2023,14449
North Dakota,Feb 25 2023,14379
North Dakota,Feb 18 2023,14310
North Dakota,Feb 11 2023,14241
North Dakota,Feb  4 2023,14170
North Dakota,Jan 28 2023,14105
North Dakota,Jan 21 2023,14058
North Dakota,Jan 14 2023,14007
North Dakota,Jan  7 2023,13950
North Dakota,Dec 31 2022,13903
North Dakota,Dec 24 2022,13835
North Dakota,Dec 17 2022,13755
North Dakota,Dec 10 2022,13689
North Dakota,Dec  3 2022,13638
North Dakota,Nov 26 2022,13553
North Dakota,Nov 19 2022,13464
North Dakota,Nov 12 2022,13396
North Dakota,Nov  5 2022,13327
North Dakota,Oct 29 2022,13265
North Dakota,Oct 22 2022,13182
North Dakota,Oct 15 2022,13135
North Dakota,Oct  8 2022,13087
North Dakota,Oct  1 2022,13019
North Dakota,Sep 24 2022,12952
North Dakota,Sep 17 2022,12881
North Dakota,Sep 10 2022,12814
North Dakota,Sep  3 2022,12749
North Dakota,Aug 27 2022,12668
North Dakota,Aug 20 2022,12581
North Dakota,Aug 13 2022,12490
North Dakota,Aug  6 2022,12394
North Dakota,Jul 30 2022,12289
North Dakota,Jul 23 2022,12214
North Dakota,Jul 16 2022,12130
North Dakota,Jul  9 2022,12048
North Dakota,Jul  2 2022,11971
North Dakota,Jun 25 2022,11917
North Dakota,Jun 18 2022,11863
North Dakota,Jun 11 2022,11788
North Dakota,Jun  4 2022,11722
North Dakota,May 28 2022,11672
North Dakota,May 21 2022,11618
North Dakota,May 14 2022,11585
North Dakota,May  7 2022,11548
North Dakota,Apr 30 2022,11513
North Dakota,Apr 23 2022,11485
North Dakota,Apr 16 2022,11458
North Dakota,Apr  9 2022,11441
North Dakota,Apr  2 2022,11426
North Dakota,Mar 26 2022,11405
North Dakota,Mar 19 2022,11382
North Dakota,Mar 12 2022,11332
North Dakota,Mar  5 2022,11291
North Dakota,Feb 26 2022,11214
North Dakota,Feb 19 2022,11114
North Dakota,Feb 12 2022,10957
North Dakota,Feb  5 2022,10775
North Dakota,Jan 29 2022,10526
North Dakota,Jan 22 2022,10217
North Dakota,Jan 15 2022,9945
North Dakota,Jan  8 2022,9704
North Dakota,Jan  1 2022,9544
North Dakota,Dec 25 2021,9380
North Dakota,Dec 18 2021,9248
North Dakota,Dec 11 2021,9119
North Dakota,Dec  4 2021,8926
North Dakota,Nov 27 2021,8710
North Dakota,Nov 20 2021,8499
North Dakota,Nov 13 2021,8317
North Dakota,Nov  6 2021,8143
North Dakota,Oct 30 2021,7952
North Dakota,Oct 23 2021,7745
North Dakota,Oct 16 2021,7526
North Dakota,Oct  9 2021,7262
North Dakota,Oct  2 2021,7052
North Dakota,Sep 25 2021,6812
North Dakota,Sep 18 2021,6612
North Dakota,Sep 11 2021,6452
North Dakota,Sep  4 2021,6294
North Dakota,Aug 28 2021,6150
North Dakota,Aug 21 2021,5992
North Dakota,Aug 14 2021,5885
North Dakota,Aug  7 2021,5833
North Dakota,Jul 31 2021,5800
North Dakota,Jul 24 2021,5780
North Dakota,Jul 17 2021,5758
North Dakota,Jul 10 2021,5745
North Dakota,Jul  3 2021,5732
North Dakota,Jun 26 2021,5720
North Dakota,Jun 19 2021,5702
North Dakota,Jun 12 2021,5681
North Dakota,Jun  5 2021,5658
North Dakota,May 29 2021,5631
North Dakota,May 22 2021,5582
North Dakota,May 15 2021,5523
North Dakota,May  8 2021,5462
North Dakota,May  1 2021,5402
North Dakota,Apr 24 2021,5322
North Dakota,Apr 17 2021,5253
North Dakota,Apr 10 2021,5176
North Dakota,Apr  3 2021,5081
North Dakota,Mar 27 2021,5025
North Dakota,Mar 20 2021,4984
North Dakota,Mar 13 2021,4946
North Dakota,Mar  6 2021,4890
North Dakota,Feb 27 2021,4850
North Dakota,Feb 20 2021,4794
North Dakota,Feb 13 2021,4730
North Dakota,Feb  6 2021,4662
North Dakota,Jan 30 2021,4598
North Dakota,Jan 23 2021,4527
North Dakota,Jan 16 2021,4449
North Dakota,Jan  9 2021,4346
North Dakota,Jan  2 2021,4235
North Dakota,Dec 26 2020,4095
North Dakota,Dec 19 2020,3935
North Dakota,Dec 12 2020,3760
North Dakota,Dec  5 2020,3529
North Dakota,Nov 28 2020,3250
North Dakota,Nov 21 2020,2924
North Dakota,Nov 14 2020,2505
North Dakota,Nov  7 2020,2110
North Dakota,Oct 31 2020,1718
North Dakota,Oct 24 2020,1419
North Dakota,Oct 17 2020,1182
North Dakota,Oct 10 2020,1016
North Dakota,Oct  3 2020,800
North Dakota,Sep 26 2020,614
North Dakota,Sep 19 2020,492
North Dakota,Sep 12 2020,384
North Dakota,Sep  5 2020,318
North Dakota,Aug 29 2020,256
North Dakota,Aug 22 2020,190
North Dakota,Aug 15 2020,138
North Dakota,Aug  8 2020,77
North Dakota,Aug  1 2020,N/A
North Dakota,Jul 25 2020,N/A
North Dakota,Jul 18 2020,N/A
North Dakota,Jul 11 2020,N/A
North Dakota,Jul  4 2020,N/A
North Dakota,Jun 27 2020,N/A
North Dakota,Jun 20 2020,N/A
North Dakota,Jun 13 2020,N/A
North Dakota,Jun  6 2020,N/A
North Dakota,May 30 2020,N/A
North Dakota,May 23 2020,N/A
North Dakota,May 16 2020,N/A
North Dakota,May  9 2020,N/A
North Dakota,May  2 2020,N/A
North Dakota,Apr 25 2020,N/A
North Dakota,Apr 18 2020,N/A
North Dakota,Apr 11 2020,N/A
North Dakota,Apr  4 2020,N/A
North Dakota,Mar 28 2020,N/A
North Dakota,Mar 21 2020,N/A
North Dakota,Mar 14 2020,N/A
North Dakota,Mar  7 2020,N/A
North Dakota,Feb 29 2020,N/A
North Dakota,Feb 22 2020,N/A
North Dakota,Feb 15 2020,N/A
North Dakota,Feb  8 2020,N/A
North Dakota,Feb  1 2020,N/A
North Dakota,Jan 25 2020,N/A
North Dakota,Jan 18 2020,N/A
North Dakota,Jan 11 2020,N/A
