﻿Data Table for Cumulative COVID-19 Hospitalizations - North Carolina
Date generated: Thu Mar 21 2024 17:51:28 GMT-0500 (Central Daylight Time)
Geography,Date,Cumulative COVID-19 Hospitalizations
North Carolina,Mar  9 2024,183530
North Carolina,Mar  2 2024,182982
North Carolina,Feb 24 2024,182415
North Carolina,Feb 17 2024,181710
North Carolina,Feb 10 2024,180999
North Carolina,Feb  3 2024,180307
North Carolina,Jan 27 2024,179633
North Carolina,Jan 20 2024,178962
North Carolina,Jan 13 2024,178259
North Carolina,Jan  6 2024,177389
North Carolina,Dec 30 2023,176545
North Carolina,Dec 23 2023,175657
North Carolina,Dec 16 2023,174966
North Carolina,Dec  9 2023,174417
North Carolina,Dec  2 2023,173868
North Carolina,Nov 25 2023,173406
North Carolina,Nov 18 2023,172989
North Carolina,Nov 11 2023,172604
North Carolina,Nov  4 2023,172217
North Carolina,Oct 28 2023,171836
North Carolina,Oct 21 2023,171416
North Carolina,Oct 14 2023,170994
North Carolina,Oct  7 2023,170541
North Carolina,Sep 30 2023,169976
North Carolina,Sep 23 2023,169418
North Carolina,Sep 16 2023,168820
North Carolina,Sep  9 2023,168213
North Carolina,Sep  2 2023,167588
North Carolina,Aug 26 2023,167107
North Carolina,Aug 19 2023,166638
North Carolina,Aug 12 2023,166226
North Carolina,Aug  5 2023,165908
North Carolina,Jul 29 2023,165654
North Carolina,Jul 22 2023,165432
North Carolina,Jul 15 2023,165241
North Carolina,Jul  8 2023,165063
North Carolina,Jul  1 2023,164936
North Carolina,Jun 24 2023,164788
North Carolina,Jun 17 2023,164668
North Carolina,Jun 10 2023,164523
North Carolina,Jun  3 2023,164406
North Carolina,May 27 2023,164251
North Carolina,May 20 2023,164101
North Carolina,May 13 2023,163925
North Carolina,May  6 2023,163755
North Carolina,Apr 29 2023,163558
North Carolina,Apr 22 2023,163406
North Carolina,Apr 15 2023,163174
North Carolina,Apr  8 2023,162949
North Carolina,Apr  1 2023,162655
North Carolina,Mar 25 2023,162314
North Carolina,Mar 18 2023,161938
North Carolina,Mar 11 2023,161533
North Carolina,Mar  4 2023,161042
North Carolina,Feb 25 2023,160429
North Carolina,Feb 18 2023,159732
North Carolina,Feb 11 2023,158990
North Carolina,Feb  4 2023,158193
North Carolina,Jan 28 2023,157401
North Carolina,Jan 21 2023,156431
North Carolina,Jan 14 2023,155375
North Carolina,Jan  7 2023,154079
North Carolina,Dec 31 2022,152450
North Carolina,Dec 24 2022,150819
North Carolina,Dec 17 2022,149760
North Carolina,Dec 10 2022,148967
North Carolina,Dec  3 2022,148323
North Carolina,Nov 26 2022,147727
North Carolina,Nov 19 2022,147255
North Carolina,Nov 12 2022,146805
North Carolina,Nov  5 2022,146284
North Carolina,Oct 29 2022,145743
North Carolina,Oct 22 2022,145176
North Carolina,Oct 15 2022,144605
North Carolina,Oct  8 2022,144053
North Carolina,Oct  1 2022,143367
North Carolina,Sep 24 2022,142597
North Carolina,Sep 17 2022,141712
North Carolina,Sep 10 2022,140821
North Carolina,Sep  3 2022,139787
North Carolina,Aug 27 2022,138837
North Carolina,Aug 20 2022,137805
North Carolina,Aug 13 2022,136707
North Carolina,Aug  6 2022,135478
North Carolina,Jul 30 2022,134271
North Carolina,Jul 23 2022,133032
North Carolina,Jul 16 2022,131852
North Carolina,Jul  9 2022,130836
North Carolina,Jul  2 2022,129986
North Carolina,Jun 25 2022,129140
North Carolina,Jun 18 2022,128392
North Carolina,Jun 11 2022,127618
North Carolina,Jun  4 2022,126837
North Carolina,May 28 2022,126029
North Carolina,May 21 2022,125340
North Carolina,May 14 2022,124740
North Carolina,May  7 2022,124247
North Carolina,Apr 30 2022,123823
North Carolina,Apr 23 2022,123451
North Carolina,Apr 16 2022,123194
North Carolina,Apr  9 2022,122913
North Carolina,Apr  2 2022,122676
North Carolina,Mar 26 2022,122401
North Carolina,Mar 19 2022,122096
North Carolina,Mar 12 2022,121713
North Carolina,Mar  5 2022,121194
North Carolina,Feb 26 2022,120382
North Carolina,Feb 19 2022,119164
North Carolina,Feb 12 2022,117403
North Carolina,Feb  5 2022,114985
North Carolina,Jan 29 2022,111712
North Carolina,Jan 22 2022,107514
North Carolina,Jan 15 2022,103316
North Carolina,Jan  8 2022,99341
North Carolina,Jan  1 2022,96002
North Carolina,Dec 25 2021,93794
North Carolina,Dec 18 2021,92273
North Carolina,Dec 11 2021,90984
North Carolina,Dec  4 2021,89778
North Carolina,Nov 27 2021,88820
North Carolina,Nov 20 2021,87930
North Carolina,Nov 13 2021,87158
North Carolina,Nov  6 2021,86429
North Carolina,Oct 30 2021,85680
North Carolina,Oct 23 2021,84885
North Carolina,Oct 16 2021,83920
North Carolina,Oct  9 2021,82549
North Carolina,Oct  2 2021,80926
North Carolina,Sep 25 2021,79129
North Carolina,Sep 18 2021,76874
North Carolina,Sep 11 2021,74467
North Carolina,Sep  4 2021,71908
North Carolina,Aug 28 2021,69227
North Carolina,Aug 21 2021,66615
North Carolina,Aug 14 2021,64207
North Carolina,Aug  7 2021,62135
North Carolina,Jul 31 2021,60675
North Carolina,Jul 24 2021,59632
North Carolina,Jul 17 2021,58888
North Carolina,Jul 10 2021,58417
North Carolina,Jul  3 2021,58087
North Carolina,Jun 26 2021,57755
North Carolina,Jun 19 2021,57452
North Carolina,Jun 12 2021,57092
North Carolina,Jun  5 2021,56709
North Carolina,May 29 2021,56246
North Carolina,May 22 2021,55719
North Carolina,May 15 2021,55123
North Carolina,May  8 2021,54403
North Carolina,May  1 2021,53640
North Carolina,Apr 24 2021,52759
North Carolina,Apr 17 2021,51815
North Carolina,Apr 10 2021,50913
North Carolina,Apr  3 2021,50143
North Carolina,Mar 27 2021,49373
North Carolina,Mar 20 2021,48686
North Carolina,Mar 13 2021,47928
North Carolina,Mar  6 2021,47133
North Carolina,Feb 27 2021,46287
North Carolina,Feb 20 2021,45306
North Carolina,Feb 13 2021,44052
North Carolina,Feb  6 2021,42530
North Carolina,Jan 30 2021,40617
North Carolina,Jan 23 2021,38261
North Carolina,Jan 16 2021,35673
North Carolina,Jan  9 2021,32551
North Carolina,Jan  2 2021,29361
North Carolina,Dec 26 2020,26612
North Carolina,Dec 19 2020,24052
North Carolina,Dec 12 2020,21752
North Carolina,Dec  5 2020,19594
North Carolina,Nov 28 2020,17703
North Carolina,Nov 21 2020,16156
North Carolina,Nov 14 2020,14709
North Carolina,Nov  7 2020,13485
North Carolina,Oct 31 2020,12386
North Carolina,Oct 24 2020,11379
North Carolina,Oct 17 2020,10357
North Carolina,Oct 10 2020,9338
North Carolina,Oct  3 2020,8362
North Carolina,Sep 26 2020,7679
North Carolina,Sep 19 2020,6996
North Carolina,Sep 12 2020,6330
North Carolina,Sep  5 2020,5656
North Carolina,Aug 29 2020,3995
North Carolina,Aug 22 2020,2329
North Carolina,Aug 15 2020,1587
North Carolina,Aug  8 2020,1015
North Carolina,Aug  1 2020,N/A
North Carolina,Jul 25 2020,N/A
North Carolina,Jul 18 2020,N/A
North Carolina,Jul 11 2020,N/A
North Carolina,Jul  4 2020,N/A
North Carolina,Jun 27 2020,N/A
North Carolina,Jun 20 2020,N/A
North Carolina,Jun 13 2020,N/A
North Carolina,Jun  6 2020,N/A
North Carolina,May 30 2020,N/A
North Carolina,May 23 2020,N/A
North Carolina,May 16 2020,N/A
North Carolina,May  9 2020,N/A
North Carolina,May  2 2020,N/A
North Carolina,Apr 25 2020,N/A
North Carolina,Apr 18 2020,N/A
North Carolina,Apr 11 2020,N/A
North Carolina,Apr  4 2020,N/A
North Carolina,Mar 28 2020,N/A
North Carolina,Mar 21 2020,N/A
North Carolina,Mar 14 2020,N/A
North Carolina,Mar  7 2020,N/A
North Carolina,Feb 29 2020,N/A
North Carolina,Feb 22 2020,N/A
North Carolina,Feb 15 2020,N/A
North Carolina,Feb  8 2020,N/A
North Carolina,Feb  1 2020,N/A
North Carolina,Jan 25 2020,N/A
North Carolina,Jan 18 2020,N/A
North Carolina,Jan 11 2020,N/A
