﻿Data Table for Cumulative COVID-19 Hospitalizations - Northern Mariana Islands
Date generated: Thu Mar 21 2024 17:51:41 GMT-0500 (Central Daylight Time)
Geography,Date,Cumulative COVID-19 Hospitalizations
Northern Mariana Islands,Jul 30 2022,747
Northern Mariana Islands,Jul 23 2022,747
Northern Mariana Islands,Jun 18 2022,736
Northern Mariana Islands,Jun 11 2022,732
Northern Mariana Islands,Jun  4 2022,732
Northern Mariana Islands,May 28 2022,732
Northern Mariana Islands,Apr 23 2022,732
Northern Mariana Islands,Apr 16 2022,732
Northern Mariana Islands,Apr  9 2022,732
Northern Mariana Islands,Apr  2 2022,731
Northern Mariana Islands,Mar 26 2022,731
Northern Mariana Islands,Mar 19 2022,725
Northern Mariana Islands,Mar 12 2022,721
Northern Mariana Islands,Mar  5 2022,719
Northern Mariana Islands,Feb 26 2022,713
Northern Mariana Islands,Feb 19 2022,702
Northern Mariana Islands,Feb 12 2022,694
Northern Mariana Islands,Feb  5 2022,691
Northern Mariana Islands,Jan 29 2022,677
Northern Mariana Islands,Jan 22 2022,653
Northern Mariana Islands,Jan 15 2022,593
Northern Mariana Islands,Jan  8 2022,519
Northern Mariana Islands,Jan  1 2022,407
Northern Mariana Islands,Dec 25 2021,287
Northern Mariana Islands,Dec 18 2021,201
Northern Mariana Islands,Dec 11 2021,97
Northern Mariana Islands,Dec  4 2021,39
Northern Mariana Islands,Nov 27 2021,32
Northern Mariana Islands,Nov 20 2021,30
Northern Mariana Islands,Nov 13 2021,30
Northern Mariana Islands,Nov  6 2021,30
Northern Mariana Islands,Oct 30 2021,30
Northern Mariana Islands,Oct 23 2021,30
Northern Mariana Islands,Oct 16 2021,30
Northern Mariana Islands,Oct  9 2021,30
Northern Mariana Islands,Oct  2 2021,30
Northern Mariana Islands,Sep 25 2021,30
Northern Mariana Islands,Sep 18 2021,30
Northern Mariana Islands,Sep 11 2021,29
Northern Mariana Islands,Sep  4 2021,26
Northern Mariana Islands,Aug 28 2021,26
Northern Mariana Islands,Aug 21 2021,26
Northern Mariana Islands,Aug 14 2021,26
Northern Mariana Islands,Aug  7 2021,26
Northern Mariana Islands,Jul 31 2021,26
Northern Mariana Islands,Jul 24 2021,26
Northern Mariana Islands,Jul 17 2021,26
Northern Mariana Islands,Jul 10 2021,26
Northern Mariana Islands,Jul  3 2021,26
Northern Mariana Islands,Jun 26 2021,26
Northern Mariana Islands,Jun 19 2021,26
Northern Mariana Islands,Jun 12 2021,26
Northern Mariana Islands,Jun  5 2021,26
Northern Mariana Islands,May 29 2021,26
Northern Mariana Islands,May 22 2021,26
Northern Mariana Islands,May 15 2021,26
Northern Mariana Islands,May  8 2021,26
Northern Mariana Islands,May  1 2021,26
Northern Mariana Islands,Apr 24 2021,26
Northern Mariana Islands,Apr 17 2021,26
Northern Mariana Islands,Apr 10 2021,26
Northern Mariana Islands,Apr  3 2021,26
Northern Mariana Islands,Mar 27 2021,26
Northern Mariana Islands,Mar 20 2021,26
Northern Mariana Islands,Mar 13 2021,26
Northern Mariana Islands,Mar  6 2021,26
Northern Mariana Islands,Feb 27 2021,26
Northern Mariana Islands,Feb 20 2021,26
Northern Mariana Islands,Feb 13 2021,26
Northern Mariana Islands,Feb  6 2021,26
Northern Mariana Islands,Jan 30 2021,26
Northern Mariana Islands,Jan 23 2021,26
Northern Mariana Islands,Jan 16 2021,17
Northern Mariana Islands,Jan  9 2021,3
Northern Mariana Islands,Jan  2 2021,0
Northern Mariana Islands,Dec 26 2020,0
Northern Mariana Islands,Dec 19 2020,0
Northern Mariana Islands,Dec 12 2020,0
Northern Mariana Islands,Dec  5 2020,0
Northern Mariana Islands,Nov 28 2020,0
Northern Mariana Islands,Nov 21 2020,0
Northern Mariana Islands,Nov  7 2020,0
Northern Mariana Islands,Oct 24 2020,0
Northern Mariana Islands,Oct 17 2020,0
Northern Mariana Islands,Oct 10 2020,0
Northern Mariana Islands,Aug 29 2020,0
Northern Mariana Islands,Aug 22 2020,0
Northern Mariana Islands,Aug 15 2020,0
