﻿Data Table for Cumulative COVID-19 Hospitalizations - Ohio
Date generated: Thu Mar 21 2024 17:51:46 GMT-0500 (Central Daylight Time)
Geography,Date,Cumulative COVID-19 Hospitalizations
Ohio,Mar  9 2024,283186
Ohio,Mar  2 2024,282833
Ohio,Feb 24 2024,282336
Ohio,Feb 17 2024,281711
Ohio,Feb 10 2024,281115
Ohio,Feb  3 2024,280470
Ohio,Jan 27 2024,279771
Ohio,Jan 20 2024,278954
Ohio,Jan 13 2024,277994
Ohio,Jan  6 2024,276764
Ohio,Dec 30 2023,275286
Ohio,Dec 23 2023,273533
Ohio,Dec 16 2023,272072
Ohio,Dec  9 2023,270794
Ohio,Dec  2 2023,269544
Ohio,Nov 25 2023,268299
Ohio,Nov 18 2023,267254
Ohio,Nov 11 2023,266370
Ohio,Nov  4 2023,265635
Ohio,Oct 28 2023,265006
Ohio,Oct 21 2023,264315
Ohio,Oct 14 2023,263730
Ohio,Oct  7 2023,263197
Ohio,Sep 30 2023,262563
Ohio,Sep 23 2023,261962
Ohio,Sep 16 2023,261326
Ohio,Sep  9 2023,260669
Ohio,Sep  2 2023,260089
Ohio,Aug 26 2023,259652
Ohio,Aug 19 2023,259265
Ohio,Aug 12 2023,258962
Ohio,Aug  5 2023,258646
Ohio,Jul 29 2023,258415
Ohio,Jul 22 2023,258225
Ohio,Jul 15 2023,258061
Ohio,Jul  8 2023,257926
Ohio,Jul  1 2023,257787
Ohio,Jun 24 2023,257656
Ohio,Jun 17 2023,257529
Ohio,Jun 10 2023,257381
Ohio,Jun  3 2023,257189
Ohio,May 27 2023,256913
Ohio,May 20 2023,256615
Ohio,May 13 2023,256283
Ohio,May  6 2023,255901
Ohio,Apr 29 2023,255501
Ohio,Apr 22 2023,255126
Ohio,Apr 15 2023,254597
Ohio,Apr  8 2023,253965
Ohio,Apr  1 2023,253224
Ohio,Mar 25 2023,252407
Ohio,Mar 18 2023,251549
Ohio,Mar 11 2023,250575
Ohio,Mar  4 2023,249549
Ohio,Feb 25 2023,248537
Ohio,Feb 18 2023,247525
Ohio,Feb 11 2023,246512
Ohio,Feb  4 2023,245629
Ohio,Jan 28 2023,244692
Ohio,Jan 21 2023,243777
Ohio,Jan 14 2023,242707
Ohio,Jan  7 2023,241415
Ohio,Dec 31 2022,239752
Ohio,Dec 24 2022,237787
Ohio,Dec 17 2022,235951
Ohio,Dec 10 2022,234241
Ohio,Dec  3 2022,232606
Ohio,Nov 26 2022,230983
Ohio,Nov 19 2022,229775
Ohio,Nov 12 2022,228594
Ohio,Nov  5 2022,227430
Ohio,Oct 29 2022,226113
Ohio,Oct 22 2022,224853
Ohio,Oct 15 2022,223713
Ohio,Oct  8 2022,222599
Ohio,Oct  1 2022,221624
Ohio,Sep 24 2022,220548
Ohio,Sep 17 2022,219223
Ohio,Sep 10 2022,217755
Ohio,Sep  3 2022,216283
Ohio,Aug 27 2022,214815
Ohio,Aug 20 2022,213147
Ohio,Aug 13 2022,211614
Ohio,Aug  6 2022,209913
Ohio,Jul 30 2022,208233
Ohio,Jul 23 2022,206614
Ohio,Jul 16 2022,204982
Ohio,Jul  9 2022,203544
Ohio,Jul  2 2022,202394
Ohio,Jun 25 2022,201341
Ohio,Jun 18 2022,200308
Ohio,Jun 11 2022,199342
Ohio,Jun  4 2022,198341
Ohio,May 28 2022,197328
Ohio,May 21 2022,196295
Ohio,May 14 2022,195411
Ohio,May  7 2022,194668
Ohio,Apr 30 2022,194058
Ohio,Apr 23 2022,193604
Ohio,Apr 16 2022,193218
Ohio,Apr  9 2022,192863
Ohio,Apr  2 2022,192551
Ohio,Mar 26 2022,192227
Ohio,Mar 19 2022,191838
Ohio,Mar 12 2022,191331
Ohio,Mar  5 2022,190740
Ohio,Feb 26 2022,189932
Ohio,Feb 19 2022,188821
Ohio,Feb 12 2022,187182
Ohio,Feb  5 2022,184633
Ohio,Jan 29 2022,181334
Ohio,Jan 22 2022,176715
Ohio,Jan 15 2022,171228
Ohio,Jan  8 2022,164168
Ohio,Jan  1 2022,157139
Ohio,Dec 25 2021,151244
Ohio,Dec 18 2021,146853
Ohio,Dec 11 2021,142431
Ohio,Dec  4 2021,138125
Ohio,Nov 27 2021,134260
Ohio,Nov 20 2021,130880
Ohio,Nov 13 2021,127885
Ohio,Nov  6 2021,125352
Ohio,Oct 30 2021,123147
Ohio,Oct 23 2021,121020
Ohio,Oct 16 2021,118495
Ohio,Oct  9 2021,115603
Ohio,Oct  2 2021,112510
Ohio,Sep 25 2021,109183
Ohio,Sep 18 2021,105559
Ohio,Sep 11 2021,101897
Ohio,Sep  4 2021,98657
Ohio,Aug 28 2021,95886
Ohio,Aug 21 2021,93728
Ohio,Aug 14 2021,91868
Ohio,Aug  7 2021,90460
Ohio,Jul 31 2021,89394
Ohio,Jul 24 2021,88650
Ohio,Jul 17 2021,88107
Ohio,Jul 10 2021,87686
Ohio,Jul  3 2021,87327
Ohio,Jun 26 2021,86994
Ohio,Jun 19 2021,86584
Ohio,Jun 12 2021,86117
Ohio,Jun  5 2021,85570
Ohio,May 29 2021,84887
Ohio,May 22 2021,84025
Ohio,May 15 2021,83019
Ohio,May  8 2021,82039
Ohio,May  1 2021,80815
Ohio,Apr 24 2021,79510
Ohio,Apr 17 2021,78129
Ohio,Apr 10 2021,76593
Ohio,Apr  3 2021,75185
Ohio,Mar 27 2021,73972
Ohio,Mar 20 2021,72742
Ohio,Mar 13 2021,71738
Ohio,Mar  6 2021,70652
Ohio,Feb 27 2021,69538
Ohio,Feb 20 2021,68265
Ohio,Feb 13 2021,66803
Ohio,Feb  6 2021,64937
Ohio,Jan 30 2021,62759
Ohio,Jan 23 2021,60128
Ohio,Jan 16 2021,56943
Ohio,Jan  9 2021,53199
Ohio,Jan  2 2021,49132
Ohio,Dec 26 2020,45039
Ohio,Dec 19 2020,40926
Ohio,Dec 12 2020,36022
Ohio,Dec  5 2020,30973
Ohio,Nov 28 2020,25895
Ohio,Nov 21 2020,21320
Ohio,Nov 14 2020,17023
Ohio,Nov  7 2020,13748
Ohio,Oct 31 2020,11297
Ohio,Oct 24 2020,9628
Ohio,Oct 17 2020,8075
Ohio,Oct 10 2020,6725
Ohio,Oct  3 2020,5612
Ohio,Sep 26 2020,4860
Ohio,Sep 19 2020,4269
Ohio,Sep 12 2020,3676
Ohio,Sep  5 2020,3083
Ohio,Aug 29 2020,2403
Ohio,Aug 22 2020,1744
Ohio,Aug 15 2020,1093
Ohio,Aug  8 2020,513
Ohio,Aug  1 2020,N/A
Ohio,Jul 25 2020,N/A
Ohio,Jul 18 2020,N/A
Ohio,Jul 11 2020,N/A
Ohio,Jul  4 2020,N/A
Ohio,Jun 27 2020,N/A
Ohio,Jun 20 2020,N/A
Ohio,Jun 13 2020,N/A
Ohio,Jun  6 2020,N/A
Ohio,May 30 2020,N/A
Ohio,May 23 2020,N/A
Ohio,May 16 2020,N/A
Ohio,May  9 2020,N/A
Ohio,May  2 2020,N/A
Ohio,Apr 25 2020,N/A
Ohio,Apr 18 2020,N/A
Ohio,Apr 11 2020,N/A
Ohio,Apr  4 2020,N/A
Ohio,Mar 28 2020,N/A
Ohio,Mar 21 2020,N/A
Ohio,Mar 14 2020,N/A
Ohio,Mar  7 2020,N/A
Ohio,Feb 29 2020,N/A
Ohio,Feb 22 2020,N/A
Ohio,Feb 15 2020,N/A
Ohio,Feb  8 2020,N/A
Ohio,Feb  1 2020,N/A
Ohio,Jan 25 2020,N/A
Ohio,Jan 18 2020,N/A
Ohio,Jan 11 2020,N/A
