﻿Data Table for Cumulative COVID-19 Hospitalizations - Oklahoma
Date generated: Thu Mar 21 2024 17:51:51 GMT-0500 (Central Daylight Time)
Geography,Date,Cumulative COVID-19 Hospitalizations
Oklahoma,Mar  9 2024,116487
Oklahoma,Mar  2 2024,116302
Oklahoma,Feb 24 2024,116099
Oklahoma,Feb 17 2024,115911
Oklahoma,Feb 10 2024,115658
Oklahoma,Feb  3 2024,115394
Oklahoma,Jan 27 2024,115142
Oklahoma,Jan 20 2024,114887
Oklahoma,Jan 13 2024,114622
Oklahoma,Jan  6 2024,114284
Oklahoma,Dec 30 2023,113913
Oklahoma,Dec 23 2023,113483
Oklahoma,Dec 16 2023,113103
Oklahoma,Dec  9 2023,112702
Oklahoma,Dec  2 2023,112331
Oklahoma,Nov 25 2023,112029
Oklahoma,Nov 18 2023,111782
Oklahoma,Nov 11 2023,111558
Oklahoma,Nov  4 2023,111366
Oklahoma,Oct 28 2023,111198
Oklahoma,Oct 21 2023,111023
Oklahoma,Oct 14 2023,110856
Oklahoma,Oct  7 2023,110687
Oklahoma,Sep 30 2023,110535
Oklahoma,Sep 23 2023,110373
Oklahoma,Sep 16 2023,110165
Oklahoma,Sep  9 2023,109978
Oklahoma,Sep  2 2023,109740
Oklahoma,Aug 26 2023,109539
Oklahoma,Aug 19 2023,109409
Oklahoma,Aug 12 2023,109311
Oklahoma,Aug  5 2023,109217
Oklahoma,Jul 29 2023,109148
Oklahoma,Jul 22 2023,109090
Oklahoma,Jul 15 2023,109039
Oklahoma,Jul  8 2023,108996
Oklahoma,Jul  1 2023,108967
Oklahoma,Jun 24 2023,108928
Oklahoma,Jun 17 2023,108887
Oklahoma,Jun 10 2023,108837
Oklahoma,Jun  3 2023,108796
Oklahoma,May 27 2023,108743
Oklahoma,May 20 2023,108693
Oklahoma,May 13 2023,108619
Oklahoma,May  6 2023,108528
Oklahoma,Apr 29 2023,108431
Oklahoma,Apr 22 2023,108319
Oklahoma,Apr 15 2023,108198
Oklahoma,Apr  8 2023,108037
Oklahoma,Apr  1 2023,107863
Oklahoma,Mar 25 2023,107679
Oklahoma,Mar 18 2023,107422
Oklahoma,Mar 11 2023,107184
Oklahoma,Mar  4 2023,106945
Oklahoma,Feb 25 2023,106727
Oklahoma,Feb 18 2023,106457
Oklahoma,Feb 11 2023,106148
Oklahoma,Feb  4 2023,105818
Oklahoma,Jan 28 2023,105464
Oklahoma,Jan 21 2023,105081
Oklahoma,Jan 14 2023,104690
Oklahoma,Jan  7 2023,104282
Oklahoma,Dec 31 2022,103822
Oklahoma,Dec 24 2022,103357
Oklahoma,Dec 17 2022,102934
Oklahoma,Dec 10 2022,102545
Oklahoma,Dec  3 2022,102174
Oklahoma,Nov 26 2022,101830
Oklahoma,Nov 19 2022,101586
Oklahoma,Nov 12 2022,101420
Oklahoma,Nov  5 2022,101207
Oklahoma,Oct 29 2022,101015
Oklahoma,Oct 22 2022,100792
Oklahoma,Oct 15 2022,100574
Oklahoma,Oct  8 2022,100410
Oklahoma,Oct  1 2022,100197
Oklahoma,Sep 24 2022,99955
Oklahoma,Sep 17 2022,99650
Oklahoma,Sep 10 2022,99284
Oklahoma,Sep  3 2022,98846
Oklahoma,Aug 27 2022,98396
Oklahoma,Aug 20 2022,97938
Oklahoma,Aug 13 2022,97479
Oklahoma,Aug  6 2022,96988
Oklahoma,Jul 30 2022,96467
Oklahoma,Jul 23 2022,95936
Oklahoma,Jul 16 2022,95406
Oklahoma,Jul  9 2022,94963
Oklahoma,Jul  2 2022,94561
Oklahoma,Jun 25 2022,94197
Oklahoma,Jun 18 2022,93910
Oklahoma,Jun 11 2022,93656
Oklahoma,Jun  4 2022,93502
Oklahoma,May 28 2022,93363
Oklahoma,May 21 2022,93256
Oklahoma,May 14 2022,93167
Oklahoma,May  7 2022,93078
Oklahoma,Apr 30 2022,93012
Oklahoma,Apr 23 2022,92944
Oklahoma,Apr 16 2022,92871
Oklahoma,Apr  9 2022,92788
Oklahoma,Apr  2 2022,92705
Oklahoma,Mar 26 2022,92586
Oklahoma,Mar 19 2022,92466
Oklahoma,Mar 12 2022,92293
Oklahoma,Mar  5 2022,92077
Oklahoma,Feb 26 2022,91710
Oklahoma,Feb 19 2022,91124
Oklahoma,Feb 12 2022,90070
Oklahoma,Feb  5 2022,88291
Oklahoma,Jan 29 2022,85853
Oklahoma,Jan 22 2022,82762
Oklahoma,Jan 15 2022,79985
Oklahoma,Jan  8 2022,77701
Oklahoma,Jan  1 2022,76231
Oklahoma,Dec 25 2021,75051
Oklahoma,Dec 18 2021,74126
Oklahoma,Dec 11 2021,73178
Oklahoma,Dec  4 2021,72212
Oklahoma,Nov 27 2021,71484
Oklahoma,Nov 20 2021,70936
Oklahoma,Nov 13 2021,70386
Oklahoma,Nov  6 2021,69783
Oklahoma,Oct 30 2021,69256
Oklahoma,Oct 23 2021,68657
Oklahoma,Oct 16 2021,67916
Oklahoma,Oct  9 2021,66969
Oklahoma,Oct  2 2021,65750
Oklahoma,Sep 25 2021,64493
Oklahoma,Sep 18 2021,62933
Oklahoma,Sep 11 2021,61039
Oklahoma,Sep  4 2021,58982
Oklahoma,Aug 28 2021,56917
Oklahoma,Aug 21 2021,54851
Oklahoma,Aug 14 2021,52802
Oklahoma,Aug  7 2021,50878
Oklahoma,Jul 31 2021,49349
Oklahoma,Jul 24 2021,48242
Oklahoma,Jul 17 2021,47577
Oklahoma,Jul 10 2021,47054
Oklahoma,Jul  3 2021,46683
Oklahoma,Jun 26 2021,46419
Oklahoma,Jun 19 2021,46210
Oklahoma,Jun 12 2021,46061
Oklahoma,Jun  5 2021,45911
Oklahoma,May 29 2021,45746
Oklahoma,May 22 2021,45535
Oklahoma,May 15 2021,45328
Oklahoma,May  8 2021,45136
Oklahoma,May  1 2021,44945
Oklahoma,Apr 24 2021,44703
Oklahoma,Apr 17 2021,44443
Oklahoma,Apr 10 2021,44179
Oklahoma,Apr  3 2021,43896
Oklahoma,Mar 27 2021,43610
Oklahoma,Mar 20 2021,43326
Oklahoma,Mar 13 2021,42988
Oklahoma,Mar  6 2021,42576
Oklahoma,Feb 27 2021,42041
Oklahoma,Feb 20 2021,41194
Oklahoma,Feb 13 2021,40243
Oklahoma,Feb  6 2021,39063
Oklahoma,Jan 30 2021,37548
Oklahoma,Jan 23 2021,35848
Oklahoma,Jan 16 2021,33849
Oklahoma,Jan  9 2021,31504
Oklahoma,Jan  2 2021,28720
Oklahoma,Dec 26 2020,26091
Oklahoma,Dec 19 2020,23686
Oklahoma,Dec 12 2020,21385
Oklahoma,Dec  5 2020,19296
Oklahoma,Nov 28 2020,17091
Oklahoma,Nov 21 2020,14844
Oklahoma,Nov 14 2020,12731
Oklahoma,Nov  7 2020,11088
Oklahoma,Oct 31 2020,9729
Oklahoma,Oct 24 2020,8593
Oklahoma,Oct 17 2020,7389
Oklahoma,Oct 10 2020,6356
Oklahoma,Oct  3 2020,5419
Oklahoma,Sep 26 2020,4617
Oklahoma,Sep 19 2020,3839
Oklahoma,Sep 12 2020,3173
Oklahoma,Sep  5 2020,2625
Oklahoma,Aug 29 2020,2087
Oklahoma,Aug 22 2020,1471
Oklahoma,Aug 15 2020,896
Oklahoma,Aug  8 2020,410
Oklahoma,Aug  1 2020,N/A
Oklahoma,Jul 25 2020,N/A
Oklahoma,Jul 18 2020,N/A
Oklahoma,Jul 11 2020,N/A
Oklahoma,Jul  4 2020,N/A
Oklahoma,Jun 27 2020,N/A
Oklahoma,Jun 20 2020,N/A
Oklahoma,Jun 13 2020,N/A
Oklahoma,Jun  6 2020,N/A
Oklahoma,May 30 2020,N/A
Oklahoma,May 23 2020,N/A
Oklahoma,May 16 2020,N/A
Oklahoma,May  9 2020,N/A
Oklahoma,May  2 2020,N/A
Oklahoma,Apr 25 2020,N/A
Oklahoma,Apr 18 2020,N/A
Oklahoma,Apr 11 2020,N/A
Oklahoma,Apr  4 2020,N/A
Oklahoma,Mar 28 2020,N/A
Oklahoma,Mar 21 2020,N/A
Oklahoma,Mar 14 2020,N/A
Oklahoma,Mar  7 2020,N/A
Oklahoma,Feb 29 2020,N/A
Oklahoma,Feb 22 2020,N/A
Oklahoma,Feb 15 2020,N/A
Oklahoma,Feb  8 2020,N/A
Oklahoma,Feb  1 2020,N/A
Oklahoma,Jan 25 2020,N/A
Oklahoma,Jan 18 2020,N/A
Oklahoma,Jan 11 2020,N/A
