﻿Data Table for Cumulative COVID-19 Hospitalizations - Oregon
Date generated: Thu Mar 21 2024 17:51:57 GMT-0500 (Central Daylight Time)
Geography,Date,Cumulative COVID-19 Hospitalizations
Oregon,Mar  9 2024,51890
Oregon,Mar  2 2024,51763
Oregon,Feb 24 2024,51628
Oregon,Feb 17 2024,51445
Oregon,Feb 10 2024,51274
Oregon,Feb  3 2024,51112
Oregon,Jan 27 2024,50916
Oregon,Jan 20 2024,50703
Oregon,Jan 13 2024,50466
Oregon,Jan  6 2024,50208
Oregon,Dec 30 2023,49904
Oregon,Dec 23 2023,49623
Oregon,Dec 16 2023,49421
Oregon,Dec  9 2023,49223
Oregon,Dec  2 2023,49020
Oregon,Nov 25 2023,48795
Oregon,Nov 18 2023,48616
Oregon,Nov 11 2023,48441
Oregon,Nov  4 2023,48248
Oregon,Oct 28 2023,48050
Oregon,Oct 21 2023,47823
Oregon,Oct 14 2023,47597
Oregon,Oct  7 2023,47337
Oregon,Sep 30 2023,47042
Oregon,Sep 23 2023,46756
Oregon,Sep 16 2023,46498
Oregon,Sep  9 2023,46246
Oregon,Sep  2 2023,46002
Oregon,Aug 26 2023,45823
Oregon,Aug 19 2023,45654
Oregon,Aug 12 2023,45502
Oregon,Aug  5 2023,45373
Oregon,Jul 29 2023,45252
Oregon,Jul 22 2023,45167
Oregon,Jul 15 2023,45079
Oregon,Jul  8 2023,44971
Oregon,Jul  1 2023,44896
Oregon,Jun 24 2023,44828
Oregon,Jun 17 2023,44760
Oregon,Jun 10 2023,44697
Oregon,Jun  3 2023,44621
Oregon,May 27 2023,44549
Oregon,May 20 2023,44479
Oregon,May 13 2023,44374
Oregon,May  6 2023,44285
Oregon,Apr 29 2023,44171
Oregon,Apr 22 2023,44040
Oregon,Apr 15 2023,43913
Oregon,Apr  8 2023,43787
Oregon,Apr  1 2023,43639
Oregon,Mar 25 2023,43464
Oregon,Mar 18 2023,43261
Oregon,Mar 11 2023,43041
Oregon,Mar  4 2023,42816
Oregon,Feb 25 2023,42593
Oregon,Feb 18 2023,42370
Oregon,Feb 11 2023,42088
Oregon,Feb  4 2023,41860
Oregon,Jan 28 2023,41623
Oregon,Jan 21 2023,41394
Oregon,Jan 14 2023,41155
Oregon,Jan  7 2023,40878
Oregon,Dec 31 2022,40589
Oregon,Dec 24 2022,40255
Oregon,Dec 17 2022,39931
Oregon,Dec 10 2022,39552
Oregon,Dec  3 2022,39202
Oregon,Nov 26 2022,38799
Oregon,Nov 19 2022,38462
Oregon,Nov 12 2022,38215
Oregon,Nov  5 2022,37945
Oregon,Oct 29 2022,37767
Oregon,Oct 22 2022,37516
Oregon,Oct 15 2022,37308
Oregon,Oct  8 2022,37024
Oregon,Oct  1 2022,36788
Oregon,Sep 24 2022,36524
Oregon,Sep 17 2022,36253
Oregon,Sep 10 2022,36004
Oregon,Sep  3 2022,35702
Oregon,Aug 27 2022,35392
Oregon,Aug 20 2022,35059
Oregon,Aug 13 2022,34725
Oregon,Aug  6 2022,34355
Oregon,Jul 30 2022,33917
Oregon,Jul 23 2022,33428
Oregon,Jul 16 2022,32973
Oregon,Jul  9 2022,32461
Oregon,Jul  2 2022,31970
Oregon,Jun 25 2022,31472
Oregon,Jun 18 2022,31029
Oregon,Jun 11 2022,30660
Oregon,Jun  4 2022,30315
Oregon,May 28 2022,29961
Oregon,May 21 2022,29613
Oregon,May 14 2022,29305
Oregon,May  7 2022,29050
Oregon,Apr 30 2022,28835
Oregon,Apr 23 2022,28677
Oregon,Apr 16 2022,28532
Oregon,Apr  9 2022,28407
Oregon,Apr  2 2022,28303
Oregon,Mar 26 2022,28213
Oregon,Mar 19 2022,28086
Oregon,Mar 12 2022,27896
Oregon,Mar  5 2022,27660
Oregon,Feb 26 2022,27305
Oregon,Feb 19 2022,26827
Oregon,Feb 12 2022,26260
Oregon,Feb  5 2022,25556
Oregon,Jan 29 2022,24679
Oregon,Jan 22 2022,23749
Oregon,Jan 15 2022,22952
Oregon,Jan  8 2022,22254
Oregon,Jan  1 2022,21726
Oregon,Dec 25 2021,21369
Oregon,Dec 18 2021,21100
Oregon,Dec 11 2021,20857
Oregon,Dec  4 2021,20548
Oregon,Nov 27 2021,20266
Oregon,Nov 20 2021,19975
Oregon,Nov 13 2021,19688
Oregon,Nov  6 2021,19351
Oregon,Oct 30 2021,18985
Oregon,Oct 23 2021,18623
Oregon,Oct 16 2021,18274
Oregon,Oct  9 2021,17890
Oregon,Oct  2 2021,17434
Oregon,Sep 25 2021,16896
Oregon,Sep 18 2021,16299
Oregon,Sep 11 2021,15544
Oregon,Sep  4 2021,14690
Oregon,Aug 28 2021,13783
Oregon,Aug 21 2021,12870
Oregon,Aug 14 2021,12182
Oregon,Aug  7 2021,11608
Oregon,Jul 31 2021,11176
Oregon,Jul 24 2021,10891
Oregon,Jul 17 2021,10732
Oregon,Jul 10 2021,10610
Oregon,Jul  3 2021,10529
Oregon,Jun 26 2021,10421
Oregon,Jun 19 2021,10283
Oregon,Jun 12 2021,10086
Oregon,Jun  5 2021,9932
Oregon,May 29 2021,9751
Oregon,May 22 2021,9535
Oregon,May 15 2021,9286
Oregon,May  8 2021,9011
Oregon,May  1 2021,8725
Oregon,Apr 24 2021,8455
Oregon,Apr 17 2021,8176
Oregon,Apr 10 2021,7971
Oregon,Apr  3 2021,7798
Oregon,Mar 27 2021,7637
Oregon,Mar 20 2021,7493
Oregon,Mar 13 2021,7361
Oregon,Mar  6 2021,7233
Oregon,Feb 27 2021,7096
Oregon,Feb 20 2021,6937
Oregon,Feb 13 2021,6712
Oregon,Feb  6 2021,6486
Oregon,Jan 30 2021,6214
Oregon,Jan 23 2021,5908
Oregon,Jan 16 2021,5648
Oregon,Jan  9 2021,5278
Oregon,Jan  2 2021,4846
Oregon,Dec 26 2020,4392
Oregon,Dec 19 2020,3978
Oregon,Dec 12 2020,3532
Oregon,Dec  5 2020,3096
Oregon,Nov 28 2020,2598
Oregon,Nov 21 2020,2160
Oregon,Nov 14 2020,1814
Oregon,Nov  7 2020,1506
Oregon,Oct 31 2020,1307
Oregon,Oct 24 2020,1174
Oregon,Oct 17 2020,1002
Oregon,Oct 10 2020,877
Oregon,Oct  3 2020,749
Oregon,Sep 26 2020,658
Oregon,Sep 19 2020,554
Oregon,Sep 12 2020,474
Oregon,Sep  5 2020,420
Oregon,Aug 29 2020,365
Oregon,Aug 22 2020,305
Oregon,Aug 15 2020,196
Oregon,Aug  8 2020,109
Oregon,Aug  1 2020,N/A
Oregon,Jul 25 2020,N/A
Oregon,Jul 18 2020,N/A
Oregon,Jul 11 2020,N/A
Oregon,Jul  4 2020,N/A
Oregon,Jun 27 2020,N/A
Oregon,Jun 20 2020,N/A
Oregon,Jun 13 2020,N/A
Oregon,Jun  6 2020,N/A
Oregon,May 30 2020,N/A
Oregon,May 23 2020,N/A
Oregon,May 16 2020,N/A
Oregon,May  9 2020,N/A
Oregon,May  2 2020,N/A
Oregon,Apr 25 2020,N/A
Oregon,Apr 18 2020,N/A
Oregon,Apr 11 2020,N/A
Oregon,Apr  4 2020,N/A
Oregon,Mar 28 2020,N/A
Oregon,Mar 21 2020,N/A
Oregon,Mar 14 2020,N/A
Oregon,Mar  7 2020,N/A
Oregon,Feb 29 2020,N/A
Oregon,Feb 22 2020,N/A
Oregon,Feb 15 2020,N/A
Oregon,Feb  8 2020,N/A
Oregon,Feb  1 2020,N/A
Oregon,Jan 25 2020,N/A
Oregon,Jan 18 2020,N/A
Oregon,Jan 11 2020,N/A
