﻿Data Table for Cumulative COVID-19 Hospitalizations - Pennsylvania
Date generated: Thu Mar 21 2024 17:52:05 GMT-0500 (Central Daylight Time)
Geography,Date,Cumulative COVID-19 Hospitalizations
Pennsylvania,Mar  9 2024,268259
Pennsylvania,Mar  2 2024,267756
Pennsylvania,Feb 24 2024,267166
Pennsylvania,Feb 17 2024,266487
Pennsylvania,Feb 10 2024,265711
Pennsylvania,Feb  3 2024,264965
Pennsylvania,Jan 27 2024,264154
Pennsylvania,Jan 20 2024,263211
Pennsylvania,Jan 13 2024,262135
Pennsylvania,Jan  6 2024,260755
Pennsylvania,Dec 30 2023,259170
Pennsylvania,Dec 23 2023,257500
Pennsylvania,Dec 16 2023,256253
Pennsylvania,Dec  9 2023,255217
Pennsylvania,Dec  2 2023,254168
Pennsylvania,Nov 25 2023,253110
Pennsylvania,Nov 18 2023,252166
Pennsylvania,Nov 11 2023,251313
Pennsylvania,Nov  4 2023,250566
Pennsylvania,Oct 28 2023,249918
Pennsylvania,Oct 21 2023,249185
Pennsylvania,Oct 14 2023,248488
Pennsylvania,Oct  7 2023,247878
Pennsylvania,Sep 30 2023,247183
Pennsylvania,Sep 23 2023,246546
Pennsylvania,Sep 16 2023,245832
Pennsylvania,Sep  9 2023,245205
Pennsylvania,Sep  2 2023,244525
Pennsylvania,Aug 26 2023,244002
Pennsylvania,Aug 19 2023,243549
Pennsylvania,Aug 12 2023,243139
Pennsylvania,Aug  5 2023,242776
Pennsylvania,Jul 29 2023,242493
Pennsylvania,Jul 22 2023,242221
Pennsylvania,Jul 15 2023,242001
Pennsylvania,Jul  8 2023,241780
Pennsylvania,Jul  1 2023,241578
Pennsylvania,Jun 24 2023,241396
Pennsylvania,Jun 17 2023,241221
Pennsylvania,Jun 10 2023,240999
Pennsylvania,Jun  3 2023,240790
Pennsylvania,May 27 2023,240560
Pennsylvania,May 20 2023,240319
Pennsylvania,May 13 2023,240076
Pennsylvania,May  6 2023,239786
Pennsylvania,Apr 29 2023,239500
Pennsylvania,Apr 22 2023,239201
Pennsylvania,Apr 15 2023,238836
Pennsylvania,Apr  8 2023,238437
Pennsylvania,Apr  1 2023,237912
Pennsylvania,Mar 25 2023,237301
Pennsylvania,Mar 18 2023,236585
Pennsylvania,Mar 11 2023,235793
Pennsylvania,Mar  4 2023,234894
Pennsylvania,Feb 25 2023,233901
Pennsylvania,Feb 18 2023,232760
Pennsylvania,Feb 11 2023,231556
Pennsylvania,Feb  4 2023,230362
Pennsylvania,Jan 28 2023,229220
Pennsylvania,Jan 21 2023,227900
Pennsylvania,Jan 14 2023,226652
Pennsylvania,Jan  7 2023,225277
Pennsylvania,Dec 31 2022,223561
Pennsylvania,Dec 24 2022,221949
Pennsylvania,Dec 17 2022,220491
Pennsylvania,Dec 10 2022,219037
Pennsylvania,Dec  3 2022,217740
Pennsylvania,Nov 26 2022,216482
Pennsylvania,Nov 19 2022,215380
Pennsylvania,Nov 12 2022,214203
Pennsylvania,Nov  5 2022,212898
Pennsylvania,Oct 29 2022,211582
Pennsylvania,Oct 22 2022,210316
Pennsylvania,Oct 15 2022,209071
Pennsylvania,Oct  8 2022,207780
Pennsylvania,Oct  1 2022,206465
Pennsylvania,Sep 24 2022,205196
Pennsylvania,Sep 17 2022,203975
Pennsylvania,Sep 10 2022,202721
Pennsylvania,Sep  3 2022,201466
Pennsylvania,Aug 27 2022,200121
Pennsylvania,Aug 20 2022,198732
Pennsylvania,Aug 13 2022,197279
Pennsylvania,Aug  6 2022,195832
Pennsylvania,Jul 30 2022,194463
Pennsylvania,Jul 23 2022,193040
Pennsylvania,Jul 16 2022,191675
Pennsylvania,Jul  9 2022,190430
Pennsylvania,Jul  2 2022,189295
Pennsylvania,Jun 25 2022,188198
Pennsylvania,Jun 18 2022,187184
Pennsylvania,Jun 11 2022,186114
Pennsylvania,Jun  4 2022,184906
Pennsylvania,May 28 2022,183622
Pennsylvania,May 21 2022,182257
Pennsylvania,May 14 2022,181003
Pennsylvania,May  7 2022,179965
Pennsylvania,Apr 30 2022,179187
Pennsylvania,Apr 23 2022,178568
Pennsylvania,Apr 16 2022,178085
Pennsylvania,Apr  9 2022,177695
Pennsylvania,Apr  2 2022,177376
Pennsylvania,Mar 26 2022,177023
Pennsylvania,Mar 19 2022,176649
Pennsylvania,Mar 12 2022,176148
Pennsylvania,Mar  5 2022,175486
Pennsylvania,Feb 26 2022,174525
Pennsylvania,Feb 19 2022,173304
Pennsylvania,Feb 12 2022,171719
Pennsylvania,Feb  5 2022,169470
Pennsylvania,Jan 29 2022,166465
Pennsylvania,Jan 22 2022,162325
Pennsylvania,Jan 15 2022,157118
Pennsylvania,Jan  8 2022,150590
Pennsylvania,Jan  1 2022,144390
Pennsylvania,Dec 25 2021,139592
Pennsylvania,Dec 18 2021,136218
Pennsylvania,Dec 11 2021,132559
Pennsylvania,Dec  4 2021,128818
Pennsylvania,Nov 27 2021,125347
Pennsylvania,Nov 20 2021,122350
Pennsylvania,Nov 13 2021,119785
Pennsylvania,Nov  6 2021,117803
Pennsylvania,Oct 30 2021,115804
Pennsylvania,Oct 23 2021,113737
Pennsylvania,Oct 16 2021,111392
Pennsylvania,Oct  9 2021,108919
Pennsylvania,Oct  2 2021,106544
Pennsylvania,Sep 25 2021,104314
Pennsylvania,Sep 18 2021,102127
Pennsylvania,Sep 11 2021,100112
Pennsylvania,Sep  4 2021,98306
Pennsylvania,Aug 28 2021,96695
Pennsylvania,Aug 21 2021,95205
Pennsylvania,Aug 14 2021,93991
Pennsylvania,Aug  7 2021,92994
Pennsylvania,Jul 31 2021,92299
Pennsylvania,Jul 24 2021,91794
Pennsylvania,Jul 17 2021,91455
Pennsylvania,Jul 10 2021,91212
Pennsylvania,Jul  3 2021,90960
Pennsylvania,Jun 26 2021,90686
Pennsylvania,Jun 19 2021,90381
Pennsylvania,Jun 12 2021,90017
Pennsylvania,Jun  5 2021,89492
Pennsylvania,May 29 2021,88826
Pennsylvania,May 22 2021,87841
Pennsylvania,May 15 2021,86738
Pennsylvania,May  8 2021,85398
Pennsylvania,May  1 2021,83664
Pennsylvania,Apr 24 2021,81759
Pennsylvania,Apr 17 2021,79244
Pennsylvania,Apr 10 2021,76704
Pennsylvania,Apr  3 2021,74263
Pennsylvania,Mar 27 2021,72109
Pennsylvania,Mar 20 2021,70269
Pennsylvania,Mar 13 2021,68629
Pennsylvania,Mar  6 2021,67147
Pennsylvania,Feb 27 2021,65698
Pennsylvania,Feb 20 2021,63980
Pennsylvania,Feb 13 2021,62200
Pennsylvania,Feb  6 2021,60004
Pennsylvania,Jan 30 2021,57523
Pennsylvania,Jan 23 2021,54529
Pennsylvania,Jan 16 2021,51195
Pennsylvania,Jan  9 2021,47296
Pennsylvania,Jan  2 2021,43051
Pennsylvania,Dec 26 2020,38674
Pennsylvania,Dec 19 2020,34061
Pennsylvania,Dec 12 2020,28950
Pennsylvania,Dec  5 2020,23709
Pennsylvania,Nov 28 2020,18778
Pennsylvania,Nov 21 2020,14791
Pennsylvania,Nov 14 2020,11510
Pennsylvania,Nov  7 2020,9164
Pennsylvania,Oct 31 2020,7480
Pennsylvania,Oct 24 2020,6318
Pennsylvania,Oct 17 2020,5288
Pennsylvania,Oct 10 2020,4624
Pennsylvania,Oct  3 2020,4006
Pennsylvania,Sep 26 2020,3530
Pennsylvania,Sep 19 2020,3152
Pennsylvania,Sep 12 2020,2834
Pennsylvania,Sep  5 2020,2472
Pennsylvania,Aug 29 2020,2085
Pennsylvania,Aug 22 2020,1612
Pennsylvania,Aug 15 2020,1199
Pennsylvania,Aug  8 2020,734
Pennsylvania,Aug  1 2020,N/A
Pennsylvania,Jul 25 2020,N/A
Pennsylvania,Jul 18 2020,N/A
Pennsylvania,Jul 11 2020,N/A
Pennsylvania,Jul  4 2020,N/A
Pennsylvania,Jun 27 2020,N/A
Pennsylvania,Jun 20 2020,N/A
Pennsylvania,Jun 13 2020,N/A
Pennsylvania,Jun  6 2020,N/A
Pennsylvania,May 30 2020,N/A
Pennsylvania,May 23 2020,N/A
Pennsylvania,May 16 2020,N/A
Pennsylvania,May  9 2020,N/A
Pennsylvania,May  2 2020,N/A
Pennsylvania,Apr 25 2020,N/A
Pennsylvania,Apr 18 2020,N/A
Pennsylvania,Apr 11 2020,N/A
Pennsylvania,Apr  4 2020,N/A
Pennsylvania,Mar 28 2020,N/A
Pennsylvania,Mar 21 2020,N/A
Pennsylvania,Mar 14 2020,N/A
Pennsylvania,Mar  7 2020,N/A
Pennsylvania,Feb 29 2020,N/A
Pennsylvania,Feb 22 2020,N/A
Pennsylvania,Feb 15 2020,N/A
Pennsylvania,Feb  8 2020,N/A
Pennsylvania,Feb  1 2020,N/A
Pennsylvania,Jan 25 2020,N/A
Pennsylvania,Jan 18 2020,N/A
Pennsylvania,Jan 11 2020,N/A
