﻿Data Table for Cumulative COVID-19 Hospitalizations - Puerto Rico
Date generated: Thu Mar 21 2024 17:52:10 GMT-0500 (Central Daylight Time)
Geography,Date,Cumulative COVID-19 Hospitalizations
Puerto Rico,Mar  9 2024,31693
Puerto Rico,Mar  2 2024,31639
Puerto Rico,Feb 24 2024,31546
Puerto Rico,Feb 17 2024,31441
Puerto Rico,Feb 10 2024,31289
Puerto Rico,Feb  3 2024,31135
Puerto Rico,Jan 27 2024,30990
Puerto Rico,Jan 20 2024,30787
Puerto Rico,Jan 13 2024,30564
Puerto Rico,Jan  6 2024,30382
Puerto Rico,Dec 30 2023,30229
Puerto Rico,Dec 23 2023,30133
Puerto Rico,Dec 16 2023,30020
Puerto Rico,Dec  9 2023,29960
Puerto Rico,Dec  2 2023,29892
Puerto Rico,Nov 25 2023,29803
Puerto Rico,Nov 18 2023,29710
Puerto Rico,Nov 11 2023,29639
Puerto Rico,Nov  4 2023,29554
Puerto Rico,Oct 28 2023,29477
Puerto Rico,Oct 21 2023,29405
Puerto Rico,Oct 14 2023,29343
Puerto Rico,Oct  7 2023,29261
Puerto Rico,Sep 30 2023,29189
Puerto Rico,Sep 23 2023,29113
Puerto Rico,Sep 16 2023,29027
Puerto Rico,Sep  9 2023,28925
Puerto Rico,Sep  2 2023,28812
Puerto Rico,Aug 26 2023,28662
Puerto Rico,Aug 19 2023,28540
Puerto Rico,Aug 12 2023,28409
Puerto Rico,Aug  5 2023,28270
Puerto Rico,Jul 29 2023,28121
Puerto Rico,Jul 22 2023,27981
Puerto Rico,Jul 15 2023,27792
Puerto Rico,Jul  8 2023,27633
Puerto Rico,Jul  1 2023,27456
Puerto Rico,Jun 24 2023,27291
Puerto Rico,Jun 17 2023,27136
Puerto Rico,Jun 10 2023,26974
Puerto Rico,Jun  3 2023,26826
Puerto Rico,May 27 2023,26707
Puerto Rico,May 20 2023,26589
Puerto Rico,May 13 2023,26474
Puerto Rico,May  6 2023,26392
Puerto Rico,Apr 29 2023,26309
Puerto Rico,Apr 22 2023,26228
Puerto Rico,Apr 15 2023,26169
Puerto Rico,Apr  8 2023,26116
Puerto Rico,Apr  1 2023,26083
Puerto Rico,Mar 25 2023,26037
Puerto Rico,Mar 18 2023,25970
Puerto Rico,Mar 11 2023,25910
Puerto Rico,Mar  4 2023,25842
Puerto Rico,Feb 25 2023,25759
Puerto Rico,Feb 18 2023,25686
Puerto Rico,Feb 11 2023,25603
Puerto Rico,Feb  4 2023,25487
Puerto Rico,Jan 28 2023,25377
Puerto Rico,Jan 21 2023,25224
Puerto Rico,Jan 14 2023,25078
Puerto Rico,Jan  7 2023,24838
Puerto Rico,Dec 31 2022,24670
Puerto Rico,Dec 24 2022,24507
Puerto Rico,Dec 17 2022,24342
Puerto Rico,Dec 10 2022,24165
Puerto Rico,Dec  3 2022,23983
Puerto Rico,Nov 26 2022,23801
Puerto Rico,Nov 19 2022,23681
Puerto Rico,Nov 12 2022,23544
Puerto Rico,Nov  5 2022,23449
Puerto Rico,Oct 29 2022,23332
Puerto Rico,Oct 22 2022,23220
Puerto Rico,Oct 15 2022,23123
Puerto Rico,Oct  8 2022,23036
Puerto Rico,Oct  1 2022,22918
Puerto Rico,Sep 24 2022,22794
Puerto Rico,Sep 17 2022,22652
Puerto Rico,Sep 10 2022,22499
Puerto Rico,Sep  3 2022,22310
Puerto Rico,Aug 27 2022,22114
Puerto Rico,Aug 20 2022,21908
Puerto Rico,Aug 13 2022,21695
Puerto Rico,Aug  6 2022,21435
Puerto Rico,Jul 30 2022,21163
Puerto Rico,Jul 23 2022,20884
Puerto Rico,Jul 16 2022,20672
Puerto Rico,Jul  9 2022,20464
Puerto Rico,Jul  2 2022,20229
Puerto Rico,Jun 25 2022,19991
Puerto Rico,Jun 18 2022,19750
Puerto Rico,Jun 11 2022,19474
Puerto Rico,Jun  4 2022,19196
Puerto Rico,May 28 2022,18908
Puerto Rico,May 21 2022,18643
Puerto Rico,May 14 2022,18357
Puerto Rico,May  7 2022,18038
Puerto Rico,Apr 30 2022,17803
Puerto Rico,Apr 23 2022,17545
Puerto Rico,Apr 16 2022,17316
Puerto Rico,Apr  9 2022,17197
Puerto Rico,Apr  2 2022,17135
Puerto Rico,Mar 26 2022,17100
Puerto Rico,Mar 19 2022,17049
Puerto Rico,Mar 12 2022,17001
Puerto Rico,Mar  5 2022,16963
Puerto Rico,Feb 26 2022,16925
Puerto Rico,Feb 19 2022,16872
Puerto Rico,Feb 12 2022,16797
Puerto Rico,Feb  5 2022,16675
Puerto Rico,Jan 29 2022,16473
Puerto Rico,Jan 22 2022,16134
Puerto Rico,Jan 15 2022,15447
Puerto Rico,Jan  8 2022,14640
Puerto Rico,Jan  1 2022,14125
Puerto Rico,Dec 25 2021,13752
Puerto Rico,Dec 18 2021,13628
Puerto Rico,Dec 11 2021,13581
Puerto Rico,Dec  4 2021,13560
Puerto Rico,Nov 27 2021,13539
Puerto Rico,Nov 20 2021,13518
Puerto Rico,Nov 13 2021,13495
Puerto Rico,Nov  6 2021,13441
Puerto Rico,Oct 30 2021,13408
Puerto Rico,Oct 23 2021,13395
Puerto Rico,Oct 16 2021,13361
Puerto Rico,Oct  9 2021,13320
Puerto Rico,Oct  2 2021,13280
Puerto Rico,Sep 25 2021,13251
Puerto Rico,Sep 18 2021,13191
Puerto Rico,Sep 11 2021,13082
Puerto Rico,Sep  4 2021,12949
Puerto Rico,Aug 28 2021,12785
Puerto Rico,Aug 21 2021,12593
Puerto Rico,Aug 14 2021,12360
Puerto Rico,Aug  7 2021,12183
Puerto Rico,Jul 31 2021,11998
Puerto Rico,Jul 24 2021,11905
Puerto Rico,Jul 17 2021,11853
Puerto Rico,Jul 10 2021,11826
Puerto Rico,Jul  3 2021,11810
Puerto Rico,Jun 26 2021,11793
Puerto Rico,Jun 19 2021,11778
Puerto Rico,Jun 12 2021,11761
Puerto Rico,Jun  5 2021,11746
Puerto Rico,May 29 2021,11716
Puerto Rico,May 22 2021,11668
Puerto Rico,May 15 2021,11595
Puerto Rico,May  8 2021,11479
Puerto Rico,May  1 2021,11328
Puerto Rico,Apr 24 2021,11037
Puerto Rico,Apr 17 2021,10735
Puerto Rico,Apr 10 2021,10443
Puerto Rico,Apr  3 2021,10241
Puerto Rico,Mar 27 2021,10094
Puerto Rico,Mar 20 2021,9961
Puerto Rico,Mar 13 2021,9896
Puerto Rico,Mar  6 2021,9821
Puerto Rico,Feb 27 2021,9742
Puerto Rico,Feb 20 2021,9686
Puerto Rico,Feb 13 2021,9577
Puerto Rico,Feb  6 2021,9435
Puerto Rico,Jan 30 2021,9293
Puerto Rico,Jan 23 2021,9176
Puerto Rico,Jan 16 2021,9021
Puerto Rico,Jan  9 2021,8863
Puerto Rico,Jan  2 2021,8686
Puerto Rico,Dec 26 2020,8489
Puerto Rico,Dec 19 2020,8282
Puerto Rico,Dec 12 2020,8063
Puerto Rico,Dec  5 2020,7819
Puerto Rico,Nov 28 2020,7173
Puerto Rico,Nov 21 2020,6416
Puerto Rico,Nov 14 2020,5470
Puerto Rico,Nov  7 2020,4384
Puerto Rico,Oct 31 2020,3307
Puerto Rico,Oct 24 2020,2364
Puerto Rico,Oct 17 2020,1760
Puerto Rico,Oct 10 2020,1630
Puerto Rico,Oct  3 2020,1429
Puerto Rico,Sep 26 2020,1267
Puerto Rico,Sep 19 2020,1085
Puerto Rico,Sep 12 2020,907
Puerto Rico,Sep  5 2020,764
Puerto Rico,Aug 29 2020,605
Puerto Rico,Aug 22 2020,447
Puerto Rico,Aug 15 2020,282
Puerto Rico,Aug  8 2020,100
Puerto Rico,Aug  1 2020,N/A
Puerto Rico,Jul 25 2020,N/A
Puerto Rico,Jul 18 2020,N/A
Puerto Rico,Jul 11 2020,N/A
Puerto Rico,Jul  4 2020,N/A
Puerto Rico,Jun 27 2020,N/A
Puerto Rico,Jun 20 2020,N/A
Puerto Rico,Jun 13 2020,N/A
Puerto Rico,Jun  6 2020,N/A
Puerto Rico,May 30 2020,N/A
Puerto Rico,May 23 2020,N/A
Puerto Rico,May 16 2020,N/A
Puerto Rico,May  9 2020,N/A
Puerto Rico,May  2 2020,N/A
Puerto Rico,Apr 25 2020,N/A
Puerto Rico,Apr 18 2020,N/A
Puerto Rico,Apr 11 2020,N/A
Puerto Rico,Apr  4 2020,N/A
Puerto Rico,Mar 28 2020,N/A
Puerto Rico,Mar 21 2020,N/A
Puerto Rico,Mar 14 2020,N/A
Puerto Rico,Mar  7 2020,N/A
Puerto Rico,Feb 29 2020,N/A
Puerto Rico,Feb 22 2020,N/A
Puerto Rico,Feb 15 2020,N/A
Puerto Rico,Feb  8 2020,N/A
Puerto Rico,Feb  1 2020,N/A
Puerto Rico,Jan 25 2020,N/A
Puerto Rico,Jan 18 2020,N/A
Puerto Rico,Jan 11 2020,N/A
