﻿Data Table for Cumulative COVID-19 Hospitalizations - Rhode Island
Date generated: Thu Mar 21 2024 17:52:14 GMT-0500 (Central Daylight Time)
Geography,Date,Cumulative COVID-19 Hospitalizations
Rhode Island,Mar  9 2024,14809
Rhode Island,Mar  2 2024,14778
Rhode Island,Feb 24 2024,14759
Rhode Island,Feb 17 2024,14717
Rhode Island,Feb 10 2024,14671
Rhode Island,Feb  3 2024,14607
Rhode Island,Jan 27 2024,14545
Rhode Island,Jan 20 2024,14461
Rhode Island,Jan 13 2024,14375
Rhode Island,Jan  6 2024,14253
Rhode Island,Dec 30 2023,14113
Rhode Island,Dec 23 2023,14002
Rhode Island,Dec 16 2023,13904
Rhode Island,Dec  9 2023,13827
Rhode Island,Dec  2 2023,13776
Rhode Island,Nov 25 2023,13723
Rhode Island,Nov 18 2023,13679
Rhode Island,Nov 11 2023,13636
Rhode Island,Nov  4 2023,13602
Rhode Island,Oct 28 2023,13551
Rhode Island,Oct 21 2023,13506
Rhode Island,Oct 14 2023,13452
Rhode Island,Oct  7 2023,13396
Rhode Island,Sep 30 2023,13306
Rhode Island,Sep 23 2023,13235
Rhode Island,Sep 16 2023,13182
Rhode Island,Sep  9 2023,13134
Rhode Island,Sep  2 2023,13084
Rhode Island,Aug 26 2023,13042
Rhode Island,Aug 19 2023,13008
Rhode Island,Aug 12 2023,12975
Rhode Island,Aug  5 2023,12959
Rhode Island,Jul 29 2023,12938
Rhode Island,Jul 22 2023,12927
Rhode Island,Jul 15 2023,12915
Rhode Island,Jul  8 2023,12902
Rhode Island,Jul  1 2023,12886
Rhode Island,Jun 24 2023,12872
Rhode Island,Jun 17 2023,12849
Rhode Island,Jun 10 2023,12826
Rhode Island,Jun  3 2023,12811
Rhode Island,May 27 2023,12789
Rhode Island,May 20 2023,12765
Rhode Island,May 13 2023,12749
Rhode Island,May  6 2023,12738
Rhode Island,Apr 29 2023,12723
Rhode Island,Apr 22 2023,12706
Rhode Island,Apr 15 2023,12680
Rhode Island,Apr  8 2023,12640
Rhode Island,Apr  1 2023,12609
Rhode Island,Mar 25 2023,12585
Rhode Island,Mar 18 2023,12545
Rhode Island,Mar 11 2023,12499
Rhode Island,Mar  4 2023,12445
Rhode Island,Feb 25 2023,12392
Rhode Island,Feb 18 2023,12331
Rhode Island,Feb 11 2023,12262
Rhode Island,Feb  4 2023,12155
Rhode Island,Jan 28 2023,12051
Rhode Island,Jan 21 2023,11954
Rhode Island,Jan 14 2023,11850
Rhode Island,Jan  7 2023,11713
Rhode Island,Dec 31 2022,11572
Rhode Island,Dec 24 2022,11463
Rhode Island,Dec 17 2022,11354
Rhode Island,Dec 10 2022,11243
Rhode Island,Dec  3 2022,11164
Rhode Island,Nov 26 2022,11075
Rhode Island,Nov 19 2022,11008
Rhode Island,Nov 12 2022,10930
Rhode Island,Nov  5 2022,10874
Rhode Island,Oct 29 2022,10806
Rhode Island,Oct 22 2022,10711
Rhode Island,Oct 15 2022,10633
Rhode Island,Oct  8 2022,10539
Rhode Island,Oct  1 2022,10439
Rhode Island,Sep 24 2022,10352
Rhode Island,Sep 17 2022,10280
Rhode Island,Sep 10 2022,10190
Rhode Island,Sep  3 2022,10117
Rhode Island,Aug 27 2022,10044
Rhode Island,Aug 20 2022,9956
Rhode Island,Aug 13 2022,9870
Rhode Island,Aug  6 2022,9773
Rhode Island,Jul 30 2022,9694
Rhode Island,Jul 23 2022,9644
Rhode Island,Jul 16 2022,9595
Rhode Island,Jul  9 2022,9546
Rhode Island,Jul  2 2022,9500
Rhode Island,Jun 25 2022,9465
Rhode Island,Jun 18 2022,9425
Rhode Island,Jun 11 2022,9379
Rhode Island,Jun  4 2022,9320
Rhode Island,May 28 2022,9262
Rhode Island,May 21 2022,9184
Rhode Island,May 14 2022,9098
Rhode Island,May  7 2022,9002
Rhode Island,Apr 30 2022,8938
Rhode Island,Apr 23 2022,8881
Rhode Island,Apr 16 2022,8843
Rhode Island,Apr  9 2022,8808
Rhode Island,Apr  2 2022,8774
Rhode Island,Mar 26 2022,8747
Rhode Island,Mar 19 2022,8721
Rhode Island,Mar 12 2022,8687
Rhode Island,Mar  5 2022,8660
Rhode Island,Feb 26 2022,8624
Rhode Island,Feb 19 2022,8569
Rhode Island,Feb 12 2022,8502
Rhode Island,Feb  5 2022,8408
Rhode Island,Jan 29 2022,8243
Rhode Island,Jan 22 2022,7979
Rhode Island,Jan 15 2022,7645
Rhode Island,Jan  8 2022,7211
Rhode Island,Jan  1 2022,6837
Rhode Island,Dec 25 2021,6560
Rhode Island,Dec 18 2021,6379
Rhode Island,Dec 11 2021,6161
Rhode Island,Dec  4 2021,5987
Rhode Island,Nov 27 2021,5864
Rhode Island,Nov 20 2021,5772
Rhode Island,Nov 13 2021,5692
Rhode Island,Nov  6 2021,5629
Rhode Island,Oct 30 2021,5563
Rhode Island,Oct 23 2021,5521
Rhode Island,Oct 16 2021,5460
Rhode Island,Oct  9 2021,5409
Rhode Island,Oct  2 2021,5351
Rhode Island,Sep 25 2021,5280
Rhode Island,Sep 18 2021,5192
Rhode Island,Sep 11 2021,5114
Rhode Island,Sep  4 2021,5051
Rhode Island,Aug 28 2021,4951
Rhode Island,Aug 21 2021,4872
Rhode Island,Aug 14 2021,4775
Rhode Island,Aug  7 2021,4699
Rhode Island,Jul 31 2021,4661
Rhode Island,Jul 24 2021,4642
Rhode Island,Jul 17 2021,4628
Rhode Island,Jul 10 2021,4620
Rhode Island,Jul  3 2021,4608
Rhode Island,Jun 26 2021,4598
Rhode Island,Jun 19 2021,4594
Rhode Island,Jun 12 2021,4580
Rhode Island,Jun  5 2021,4565
Rhode Island,May 29 2021,4549
Rhode Island,May 22 2021,4521
Rhode Island,May 15 2021,4489
Rhode Island,May  8 2021,4447
Rhode Island,May  1 2021,4399
Rhode Island,Apr 24 2021,4322
Rhode Island,Apr 17 2021,4240
Rhode Island,Apr 10 2021,4161
Rhode Island,Apr  3 2021,4082
Rhode Island,Mar 27 2021,3998
Rhode Island,Mar 20 2021,3931
Rhode Island,Mar 13 2021,3869
Rhode Island,Mar  6 2021,3773
Rhode Island,Feb 27 2021,3693
Rhode Island,Feb 20 2021,3598
Rhode Island,Feb 13 2021,3501
Rhode Island,Feb  6 2021,3389
Rhode Island,Jan 30 2021,3231
Rhode Island,Jan 23 2021,3033
Rhode Island,Jan 16 2021,2826
Rhode Island,Jan  9 2021,2579
Rhode Island,Jan  2 2021,2357
Rhode Island,Dec 26 2020,2145
Rhode Island,Dec 19 2020,1920
Rhode Island,Dec 12 2020,1676
Rhode Island,Dec  5 2020,1400
Rhode Island,Nov 28 2020,1148
Rhode Island,Nov 21 2020,955
Rhode Island,Nov 14 2020,779
Rhode Island,Nov  7 2020,662
Rhode Island,Oct 31 2020,561
Rhode Island,Oct 24 2020,491
Rhode Island,Oct 17 2020,412
Rhode Island,Oct 10 2020,365
Rhode Island,Oct  3 2020,316
Rhode Island,Sep 26 2020,281
Rhode Island,Sep 19 2020,241
Rhode Island,Sep 12 2020,220
Rhode Island,Sep  5 2020,194
Rhode Island,Aug 29 2020,170
Rhode Island,Aug 22 2020,144
Rhode Island,Aug 15 2020,104
Rhode Island,Aug  8 2020,48
Rhode Island,Aug  1 2020,N/A
Rhode Island,Jul 25 2020,N/A
Rhode Island,Jul 18 2020,N/A
Rhode Island,Jul 11 2020,N/A
Rhode Island,Jul  4 2020,N/A
Rhode Island,Jun 27 2020,N/A
Rhode Island,Jun 20 2020,N/A
Rhode Island,Jun 13 2020,N/A
Rhode Island,Jun  6 2020,N/A
Rhode Island,May 30 2020,N/A
Rhode Island,May 23 2020,N/A
Rhode Island,May 16 2020,N/A
Rhode Island,May  9 2020,N/A
Rhode Island,May  2 2020,N/A
Rhode Island,Apr 25 2020,N/A
Rhode Island,Apr 18 2020,N/A
Rhode Island,Apr 11 2020,N/A
Rhode Island,Apr  4 2020,N/A
Rhode Island,Mar 28 2020,N/A
Rhode Island,Mar 21 2020,N/A
Rhode Island,Mar 14 2020,N/A
Rhode Island,Mar  7 2020,N/A
Rhode Island,Feb 29 2020,N/A
Rhode Island,Feb 22 2020,N/A
Rhode Island,Feb 15 2020,N/A
Rhode Island,Feb  8 2020,N/A
Rhode Island,Feb  1 2020,N/A
Rhode Island,Jan 25 2020,N/A
Rhode Island,Jan 18 2020,N/A
Rhode Island,Jan 11 2020,N/A
