﻿Data Table for Cumulative COVID-19 Hospitalizations - South Carolina
Date generated: Thu Mar 21 2024 17:52:19 GMT-0500 (Central Daylight Time)
Geography,Date,Cumulative COVID-19 Hospitalizations
South Carolina,Mar  9 2024,103544
South Carolina,Mar  2 2024,103216
South Carolina,Feb 24 2024,102855
South Carolina,Feb 17 2024,102488
South Carolina,Feb 10 2024,102079
South Carolina,Feb  3 2024,101657
South Carolina,Jan 27 2024,101259
South Carolina,Jan 20 2024,100835
South Carolina,Jan 13 2024,100425
South Carolina,Jan  6 2024,99955
South Carolina,Dec 30 2023,99405
South Carolina,Dec 23 2023,98905
South Carolina,Dec 16 2023,98509
South Carolina,Dec  9 2023,98244
South Carolina,Dec  2 2023,97996
South Carolina,Nov 25 2023,97743
South Carolina,Nov 18 2023,97496
South Carolina,Nov 11 2023,97265
South Carolina,Nov  4 2023,97047
South Carolina,Oct 28 2023,96844
South Carolina,Oct 21 2023,96630
South Carolina,Oct 14 2023,96424
South Carolina,Oct  7 2023,96181
South Carolina,Sep 30 2023,95921
South Carolina,Sep 23 2023,95651
South Carolina,Sep 16 2023,95340
South Carolina,Sep  9 2023,94980
South Carolina,Sep  2 2023,94593
South Carolina,Aug 26 2023,94220
South Carolina,Aug 19 2023,93896
South Carolina,Aug 12 2023,93648
South Carolina,Aug  5 2023,93399
South Carolina,Jul 29 2023,93235
South Carolina,Jul 22 2023,93126
South Carolina,Jul 15 2023,93024
South Carolina,Jul  8 2023,92937
South Carolina,Jul  1 2023,92863
South Carolina,Jun 24 2023,92781
South Carolina,Jun 17 2023,92725
South Carolina,Jun 10 2023,92648
South Carolina,Jun  3 2023,92555
South Carolina,May 27 2023,92471
South Carolina,May 20 2023,92388
South Carolina,May 13 2023,92299
South Carolina,May  6 2023,92204
South Carolina,Apr 29 2023,92116
South Carolina,Apr 22 2023,92005
South Carolina,Apr 15 2023,91903
South Carolina,Apr  8 2023,91779
South Carolina,Apr  1 2023,91627
South Carolina,Mar 25 2023,91492
South Carolina,Mar 18 2023,91305
South Carolina,Mar 11 2023,91143
South Carolina,Mar  4 2023,90965
South Carolina,Feb 25 2023,90744
South Carolina,Feb 18 2023,90469
South Carolina,Feb 11 2023,90176
South Carolina,Feb  4 2023,89841
South Carolina,Jan 28 2023,89446
South Carolina,Jan 21 2023,89019
South Carolina,Jan 14 2023,88492
South Carolina,Jan  7 2023,87865
South Carolina,Dec 31 2022,86998
South Carolina,Dec 24 2022,86205
South Carolina,Dec 17 2022,85626
South Carolina,Dec 10 2022,85195
South Carolina,Dec  3 2022,84827
South Carolina,Nov 26 2022,84508
South Carolina,Nov 19 2022,84292
South Carolina,Nov 12 2022,84087
South Carolina,Nov  5 2022,83823
South Carolina,Oct 29 2022,83579
South Carolina,Oct 22 2022,83326
South Carolina,Oct 15 2022,83109
South Carolina,Oct  8 2022,82881
South Carolina,Oct  1 2022,82604
South Carolina,Sep 24 2022,82324
South Carolina,Sep 17 2022,82005
South Carolina,Sep 10 2022,81611
South Carolina,Sep  3 2022,81115
South Carolina,Aug 27 2022,80524
South Carolina,Aug 20 2022,79852
South Carolina,Aug 13 2022,79198
South Carolina,Aug  6 2022,78479
South Carolina,Jul 30 2022,77746
South Carolina,Jul 23 2022,77010
South Carolina,Jul 16 2022,76290
South Carolina,Jul  9 2022,75720
South Carolina,Jul  2 2022,75206
South Carolina,Jun 25 2022,74755
South Carolina,Jun 18 2022,74290
South Carolina,Jun 11 2022,73898
South Carolina,Jun  4 2022,73521
South Carolina,May 28 2022,73202
South Carolina,May 21 2022,72923
South Carolina,May 14 2022,72628
South Carolina,May  7 2022,72478
South Carolina,Apr 30 2022,72316
South Carolina,Apr 23 2022,72208
South Carolina,Apr 16 2022,72117
South Carolina,Apr  9 2022,72044
South Carolina,Apr  2 2022,71971
South Carolina,Mar 26 2022,71880
South Carolina,Mar 19 2022,71753
South Carolina,Mar 12 2022,71590
South Carolina,Mar  5 2022,71328
South Carolina,Feb 26 2022,70941
South Carolina,Feb 19 2022,70389
South Carolina,Feb 12 2022,69524
South Carolina,Feb  5 2022,68157
South Carolina,Jan 29 2022,66246
South Carolina,Jan 22 2022,63490
South Carolina,Jan 15 2022,60725
South Carolina,Jan  8 2022,58247
South Carolina,Jan  1 2022,56332
South Carolina,Dec 25 2021,55178
South Carolina,Dec 18 2021,54599
South Carolina,Dec 11 2021,54109
South Carolina,Dec  4 2021,53683
South Carolina,Nov 27 2021,53293
South Carolina,Nov 20 2021,52968
South Carolina,Nov 13 2021,52610
South Carolina,Nov  6 2021,52277
South Carolina,Oct 30 2021,51908
South Carolina,Oct 23 2021,51492
South Carolina,Oct 16 2021,50971
South Carolina,Oct  9 2021,50289
South Carolina,Oct  2 2021,49359
South Carolina,Sep 25 2021,48193
South Carolina,Sep 18 2021,46658
South Carolina,Sep 11 2021,44608
South Carolina,Sep  4 2021,42276
South Carolina,Aug 28 2021,40074
South Carolina,Aug 21 2021,37943
South Carolina,Aug 14 2021,36080
South Carolina,Aug  7 2021,34688
South Carolina,Jul 31 2021,33611
South Carolina,Jul 24 2021,32886
South Carolina,Jul 17 2021,32532
South Carolina,Jul 10 2021,32285
South Carolina,Jul  3 2021,32135
South Carolina,Jun 26 2021,32045
South Carolina,Jun 19 2021,31959
South Carolina,Jun 12 2021,31855
South Carolina,Jun  5 2021,31751
South Carolina,May 29 2021,31605
South Carolina,May 22 2021,31418
South Carolina,May 15 2021,31210
South Carolina,May  8 2021,30946
South Carolina,May  1 2021,30651
South Carolina,Apr 24 2021,30281
South Carolina,Apr 17 2021,29856
South Carolina,Apr 10 2021,29385
South Carolina,Apr  3 2021,28905
South Carolina,Mar 27 2021,28413
South Carolina,Mar 20 2021,27988
South Carolina,Mar 13 2021,27540
South Carolina,Mar  6 2021,27063
South Carolina,Feb 27 2021,26531
South Carolina,Feb 20 2021,25843
South Carolina,Feb 13 2021,25020
South Carolina,Feb  6 2021,23999
South Carolina,Jan 30 2021,22724
South Carolina,Jan 23 2021,21191
South Carolina,Jan 16 2021,19472
South Carolina,Jan  9 2021,17548
South Carolina,Jan  2 2021,15591
South Carolina,Dec 26 2020,13941
South Carolina,Dec 19 2020,12606
South Carolina,Dec 12 2020,11405
South Carolina,Dec  5 2020,10370
South Carolina,Nov 28 2020,9524
South Carolina,Nov 21 2020,8869
South Carolina,Nov 14 2020,8292
South Carolina,Nov  7 2020,7775
South Carolina,Oct 31 2020,7305
South Carolina,Oct 24 2020,6797
South Carolina,Oct 17 2020,6331
South Carolina,Oct 10 2020,5788
South Carolina,Oct  3 2020,5285
South Carolina,Sep 26 2020,4907
South Carolina,Sep 19 2020,4437
South Carolina,Sep 12 2020,3992
South Carolina,Sep  5 2020,3497
South Carolina,Aug 29 2020,3007
South Carolina,Aug 22 2020,2389
South Carolina,Aug 15 2020,1753
South Carolina,Aug  8 2020,1099
South Carolina,Aug  1 2020,N/A
South Carolina,Jul 25 2020,N/A
South Carolina,Jul 18 2020,N/A
South Carolina,Jul 11 2020,N/A
South Carolina,Jul  4 2020,N/A
South Carolina,Jun 27 2020,N/A
South Carolina,Jun 20 2020,N/A
South Carolina,Jun 13 2020,N/A
South Carolina,Jun  6 2020,N/A
South Carolina,May 30 2020,N/A
South Carolina,May 23 2020,N/A
South Carolina,May 16 2020,N/A
South Carolina,May  9 2020,N/A
South Carolina,May  2 2020,N/A
South Carolina,Apr 25 2020,N/A
South Carolina,Apr 18 2020,N/A
South Carolina,Apr 11 2020,N/A
South Carolina,Apr  4 2020,N/A
South Carolina,Mar 28 2020,N/A
South Carolina,Mar 21 2020,N/A
South Carolina,Mar 14 2020,N/A
South Carolina,Mar  7 2020,N/A
South Carolina,Feb 29 2020,N/A
South Carolina,Feb 22 2020,N/A
South Carolina,Feb 15 2020,N/A
South Carolina,Feb  8 2020,N/A
South Carolina,Feb  1 2020,N/A
South Carolina,Jan 25 2020,N/A
South Carolina,Jan 18 2020,N/A
South Carolina,Jan 11 2020,N/A
