﻿Data Table for Cumulative COVID-19 Hospitalizations - South Dakota
Date generated: Thu Mar 21 2024 17:52:24 GMT-0500 (Central Daylight Time)
Geography,Date,Cumulative COVID-19 Hospitalizations
South Dakota,Mar  9 2024,21254
South Dakota,Mar  2 2024,21219
South Dakota,Feb 24 2024,21186
South Dakota,Feb 17 2024,21138
South Dakota,Feb 10 2024,21080
South Dakota,Feb  3 2024,21017
South Dakota,Jan 27 2024,20945
South Dakota,Jan 20 2024,20880
South Dakota,Jan 13 2024,20798
South Dakota,Jan  6 2024,20699
South Dakota,Dec 30 2023,20580
South Dakota,Dec 23 2023,20448
South Dakota,Dec 16 2023,20322
South Dakota,Dec  9 2023,20201
South Dakota,Dec  2 2023,20098
South Dakota,Nov 25 2023,19983
South Dakota,Nov 18 2023,19878
South Dakota,Nov 11 2023,19795
South Dakota,Nov  4 2023,19720
South Dakota,Oct 28 2023,19643
South Dakota,Oct 21 2023,19579
South Dakota,Oct 14 2023,19522
South Dakota,Oct  7 2023,19469
South Dakota,Sep 30 2023,19410
South Dakota,Sep 23 2023,19341
South Dakota,Sep 16 2023,19286
South Dakota,Sep  9 2023,19240
South Dakota,Sep  2 2023,19183
South Dakota,Aug 26 2023,19139
South Dakota,Aug 19 2023,19107
South Dakota,Aug 12 2023,19082
South Dakota,Aug  5 2023,19071
South Dakota,Jul 29 2023,19059
South Dakota,Jul 22 2023,19045
South Dakota,Jul 15 2023,19035
South Dakota,Jul  8 2023,19028
South Dakota,Jul  1 2023,19011
South Dakota,Jun 24 2023,19001
South Dakota,Jun 17 2023,18994
South Dakota,Jun 10 2023,18977
South Dakota,Jun  3 2023,18960
South Dakota,May 27 2023,18945
South Dakota,May 20 2023,18931
South Dakota,May 13 2023,18905
South Dakota,May  6 2023,18866
South Dakota,Apr 29 2023,18826
South Dakota,Apr 22 2023,18789
South Dakota,Apr 15 2023,18755
South Dakota,Apr  8 2023,18715
South Dakota,Apr  1 2023,18677
South Dakota,Mar 25 2023,18609
South Dakota,Mar 18 2023,18540
South Dakota,Mar 11 2023,18494
South Dakota,Mar  4 2023,18417
South Dakota,Feb 25 2023,18312
South Dakota,Feb 18 2023,18225
South Dakota,Feb 11 2023,18133
South Dakota,Feb  4 2023,18035
South Dakota,Jan 28 2023,17954
South Dakota,Jan 21 2023,17883
South Dakota,Jan 14 2023,17830
South Dakota,Jan  7 2023,17779
South Dakota,Dec 31 2022,17723
South Dakota,Dec 24 2022,17661
South Dakota,Dec 17 2022,17562
South Dakota,Dec 10 2022,17478
South Dakota,Dec  3 2022,17404
South Dakota,Nov 26 2022,17316
South Dakota,Nov 19 2022,17239
South Dakota,Nov 12 2022,17136
South Dakota,Nov  5 2022,17042
South Dakota,Oct 29 2022,16956
South Dakota,Oct 22 2022,16894
South Dakota,Oct 15 2022,16828
South Dakota,Oct  8 2022,16761
South Dakota,Oct  1 2022,16681
South Dakota,Sep 24 2022,16604
South Dakota,Sep 17 2022,16507
South Dakota,Sep 10 2022,16416
South Dakota,Sep  3 2022,16319
South Dakota,Aug 27 2022,16190
South Dakota,Aug 20 2022,16054
South Dakota,Aug 13 2022,15939
South Dakota,Aug  6 2022,15777
South Dakota,Jul 30 2022,15645
South Dakota,Jul 23 2022,15518
South Dakota,Jul 16 2022,15428
South Dakota,Jul  9 2022,15330
South Dakota,Jul  2 2022,15248
South Dakota,Jun 25 2022,15158
South Dakota,Jun 18 2022,15074
South Dakota,Jun 11 2022,15012
South Dakota,Jun  4 2022,14943
South Dakota,May 28 2022,14894
South Dakota,May 21 2022,14844
South Dakota,May 14 2022,14815
South Dakota,May  7 2022,14791
South Dakota,Apr 30 2022,14769
South Dakota,Apr 23 2022,14744
South Dakota,Apr 16 2022,14708
South Dakota,Apr  9 2022,14686
South Dakota,Apr  2 2022,14661
South Dakota,Mar 26 2022,14639
South Dakota,Mar 19 2022,14610
South Dakota,Mar 12 2022,14570
South Dakota,Mar  5 2022,14509
South Dakota,Feb 26 2022,14425
South Dakota,Feb 19 2022,14299
South Dakota,Feb 12 2022,14153
South Dakota,Feb  5 2022,13918
South Dakota,Jan 29 2022,13606
South Dakota,Jan 22 2022,13186
South Dakota,Jan 15 2022,12715
South Dakota,Jan  8 2022,12315
South Dakota,Jan  1 2022,12041
South Dakota,Dec 25 2021,11834
South Dakota,Dec 18 2021,11625
South Dakota,Dec 11 2021,11385
South Dakota,Dec  4 2021,11098
South Dakota,Nov 27 2021,10853
South Dakota,Nov 20 2021,10616
South Dakota,Nov 13 2021,10372
South Dakota,Nov  6 2021,10112
South Dakota,Oct 30 2021,9920
South Dakota,Oct 23 2021,9712
South Dakota,Oct 16 2021,9520
South Dakota,Oct  9 2021,9360
South Dakota,Oct  2 2021,9168
South Dakota,Sep 25 2021,8966
South Dakota,Sep 18 2021,8789
South Dakota,Sep 11 2021,8586
South Dakota,Sep  4 2021,8424
South Dakota,Aug 28 2021,8182
South Dakota,Aug 21 2021,7960
South Dakota,Aug 14 2021,7848
South Dakota,Aug  7 2021,7750
South Dakota,Jul 31 2021,7698
South Dakota,Jul 24 2021,7657
South Dakota,Jul 17 2021,7628
South Dakota,Jul 10 2021,7587
South Dakota,Jul  3 2021,7559
South Dakota,Jun 26 2021,7528
South Dakota,Jun 19 2021,7507
South Dakota,Jun 12 2021,7492
South Dakota,Jun  5 2021,7464
South Dakota,May 29 2021,7440
South Dakota,May 22 2021,7415
South Dakota,May 15 2021,7388
South Dakota,May  8 2021,7350
South Dakota,May  1 2021,7290
South Dakota,Apr 24 2021,7226
South Dakota,Apr 17 2021,7145
South Dakota,Apr 10 2021,7079
South Dakota,Apr  3 2021,7008
South Dakota,Mar 27 2021,6958
South Dakota,Mar 20 2021,6889
South Dakota,Mar 13 2021,6843
South Dakota,Mar  6 2021,6798
South Dakota,Feb 27 2021,6735
South Dakota,Feb 20 2021,6655
South Dakota,Feb 13 2021,6578
South Dakota,Feb  6 2021,6523
South Dakota,Jan 30 2021,6446
South Dakota,Jan 23 2021,6364
South Dakota,Jan 16 2021,6271
South Dakota,Jan  9 2021,6116
South Dakota,Jan  2 2021,5956
South Dakota,Dec 26 2020,5781
South Dakota,Dec 19 2020,5627
South Dakota,Dec 12 2020,5402
South Dakota,Dec  5 2020,5098
South Dakota,Nov 28 2020,4752
South Dakota,Nov 21 2020,4352
South Dakota,Nov 14 2020,3852
South Dakota,Nov  7 2020,3356
South Dakota,Oct 31 2020,2843
South Dakota,Oct 24 2020,2375
South Dakota,Oct 17 2020,2005
South Dakota,Oct 10 2020,1691
South Dakota,Oct  3 2020,1351
South Dakota,Sep 26 2020,1065
South Dakota,Sep 19 2020,814
South Dakota,Sep 12 2020,603
South Dakota,Sep  5 2020,470
South Dakota,Aug 29 2020,355
South Dakota,Aug 22 2020,238
South Dakota,Aug 15 2020,143
South Dakota,Aug  8 2020,50
South Dakota,Aug  1 2020,N/A
South Dakota,Jul 25 2020,N/A
South Dakota,Jul 18 2020,N/A
South Dakota,Jul 11 2020,N/A
South Dakota,Jul  4 2020,N/A
South Dakota,Jun 27 2020,N/A
South Dakota,Jun 20 2020,N/A
South Dakota,Jun 13 2020,N/A
South Dakota,Jun  6 2020,N/A
South Dakota,May 30 2020,N/A
South Dakota,May 23 2020,N/A
South Dakota,May 16 2020,N/A
South Dakota,May  9 2020,N/A
South Dakota,May  2 2020,N/A
South Dakota,Apr 25 2020,N/A
South Dakota,Apr 18 2020,N/A
South Dakota,Apr 11 2020,N/A
South Dakota,Apr  4 2020,N/A
South Dakota,Mar 28 2020,N/A
South Dakota,Mar 21 2020,N/A
South Dakota,Mar 14 2020,N/A
South Dakota,Mar  7 2020,N/A
South Dakota,Feb 29 2020,N/A
South Dakota,Feb 22 2020,N/A
South Dakota,Feb 15 2020,N/A
South Dakota,Feb  8 2020,N/A
South Dakota,Feb  1 2020,N/A
South Dakota,Jan 25 2020,N/A
South Dakota,Jan 18 2020,N/A
South Dakota,Jan 11 2020,N/A
