﻿Data Table for Cumulative COVID-19 Hospitalizations - Tennessee
Date generated: Thu Mar 21 2024 17:52:29 GMT-0500 (Central Daylight Time)
Geography,Date,Cumulative COVID-19 Hospitalizations
Tennessee,Mar  9 2024,140804
Tennessee,Mar  2 2024,140437
Tennessee,Feb 24 2024,139981
Tennessee,Feb 17 2024,139590
Tennessee,Feb 10 2024,139175
Tennessee,Feb  3 2024,138858
Tennessee,Jan 27 2024,138495
Tennessee,Jan 20 2024,138099
Tennessee,Jan 13 2024,137701
Tennessee,Jan  6 2024,137158
Tennessee,Dec 30 2023,136461
Tennessee,Dec 23 2023,135751
Tennessee,Dec 16 2023,135238
Tennessee,Dec  9 2023,134758
Tennessee,Dec  2 2023,134348
Tennessee,Nov 25 2023,133948
Tennessee,Nov 18 2023,133622
Tennessee,Nov 11 2023,133285
Tennessee,Nov  4 2023,132939
Tennessee,Oct 28 2023,132681
Tennessee,Oct 21 2023,132422
Tennessee,Oct 14 2023,132173
Tennessee,Oct  7 2023,131928
Tennessee,Sep 30 2023,131684
Tennessee,Sep 23 2023,131384
Tennessee,Sep 16 2023,131064
Tennessee,Sep  9 2023,130675
Tennessee,Sep  2 2023,130212
Tennessee,Aug 26 2023,129800
Tennessee,Aug 19 2023,129411
Tennessee,Aug 12 2023,129114
Tennessee,Aug  5 2023,128882
Tennessee,Jul 29 2023,128701
Tennessee,Jul 22 2023,128557
Tennessee,Jul 15 2023,128432
Tennessee,Jul  8 2023,128338
Tennessee,Jul  1 2023,128253
Tennessee,Jun 24 2023,128178
Tennessee,Jun 17 2023,128103
Tennessee,Jun 10 2023,128043
Tennessee,Jun  3 2023,127950
Tennessee,May 27 2023,127857
Tennessee,May 20 2023,127734
Tennessee,May 13 2023,127596
Tennessee,May  6 2023,127440
Tennessee,Apr 29 2023,127285
Tennessee,Apr 22 2023,127123
Tennessee,Apr 15 2023,126934
Tennessee,Apr  8 2023,126714
Tennessee,Apr  1 2023,126495
Tennessee,Mar 25 2023,126258
Tennessee,Mar 18 2023,125967
Tennessee,Mar 11 2023,125714
Tennessee,Mar  4 2023,125401
Tennessee,Feb 25 2023,124998
Tennessee,Feb 18 2023,124562
Tennessee,Feb 11 2023,124066
Tennessee,Feb  4 2023,123498
Tennessee,Jan 28 2023,123004
Tennessee,Jan 21 2023,122523
Tennessee,Jan 14 2023,121967
Tennessee,Jan  7 2023,121258
Tennessee,Dec 31 2022,120479
Tennessee,Dec 24 2022,119682
Tennessee,Dec 17 2022,119004
Tennessee,Dec 10 2022,118384
Tennessee,Dec  3 2022,117803
Tennessee,Nov 26 2022,117289
Tennessee,Nov 19 2022,116917
Tennessee,Nov 12 2022,116570
Tennessee,Nov  5 2022,116219
Tennessee,Oct 29 2022,115870
Tennessee,Oct 22 2022,115539
Tennessee,Oct 15 2022,115205
Tennessee,Oct  8 2022,114902
Tennessee,Oct  1 2022,114577
Tennessee,Sep 24 2022,114191
Tennessee,Sep 17 2022,113744
Tennessee,Sep 10 2022,113201
Tennessee,Sep  3 2022,112496
Tennessee,Aug 27 2022,111720
Tennessee,Aug 20 2022,110935
Tennessee,Aug 13 2022,110182
Tennessee,Aug  6 2022,109392
Tennessee,Jul 30 2022,108585
Tennessee,Jul 23 2022,107745
Tennessee,Jul 16 2022,106949
Tennessee,Jul  9 2022,106194
Tennessee,Jul  2 2022,105518
Tennessee,Jun 25 2022,104906
Tennessee,Jun 18 2022,104333
Tennessee,Jun 11 2022,103877
Tennessee,Jun  4 2022,103441
Tennessee,May 28 2022,103072
Tennessee,May 21 2022,102780
Tennessee,May 14 2022,102494
Tennessee,May  7 2022,102292
Tennessee,Apr 30 2022,102149
Tennessee,Apr 23 2022,102006
Tennessee,Apr 16 2022,101904
Tennessee,Apr  9 2022,101790
Tennessee,Apr  2 2022,101693
Tennessee,Mar 26 2022,101567
Tennessee,Mar 19 2022,101403
Tennessee,Mar 12 2022,101161
Tennessee,Mar  5 2022,100828
Tennessee,Feb 26 2022,100281
Tennessee,Feb 19 2022,99395
Tennessee,Feb 12 2022,98030
Tennessee,Feb  5 2022,96146
Tennessee,Jan 29 2022,93682
Tennessee,Jan 22 2022,90781
Tennessee,Jan 15 2022,88055
Tennessee,Jan  8 2022,85409
Tennessee,Jan  1 2022,83090
Tennessee,Dec 25 2021,81418
Tennessee,Dec 18 2021,80491
Tennessee,Dec 11 2021,79674
Tennessee,Dec  4 2021,78859
Tennessee,Nov 27 2021,78118
Tennessee,Nov 20 2021,77522
Tennessee,Nov 13 2021,77005
Tennessee,Nov  6 2021,76525
Tennessee,Oct 30 2021,76038
Tennessee,Oct 23 2021,75480
Tennessee,Oct 16 2021,74745
Tennessee,Oct  9 2021,73755
Tennessee,Oct  2 2021,72565
Tennessee,Sep 25 2021,71067
Tennessee,Sep 18 2021,69218
Tennessee,Sep 11 2021,66942
Tennessee,Sep  4 2021,64154
Tennessee,Aug 28 2021,61310
Tennessee,Aug 21 2021,58776
Tennessee,Aug 14 2021,56629
Tennessee,Aug  7 2021,54649
Tennessee,Jul 31 2021,53180
Tennessee,Jul 24 2021,52200
Tennessee,Jul 17 2021,51607
Tennessee,Jul 10 2021,51254
Tennessee,Jul  3 2021,51049
Tennessee,Jun 26 2021,50895
Tennessee,Jun 19 2021,50734
Tennessee,Jun 12 2021,50574
Tennessee,Jun  5 2021,50351
Tennessee,May 29 2021,50087
Tennessee,May 22 2021,49710
Tennessee,May 15 2021,49318
Tennessee,May  8 2021,48802
Tennessee,May  1 2021,48237
Tennessee,Apr 24 2021,47595
Tennessee,Apr 17 2021,46869
Tennessee,Apr 10 2021,46150
Tennessee,Apr  3 2021,45434
Tennessee,Mar 27 2021,44744
Tennessee,Mar 20 2021,44021
Tennessee,Mar 13 2021,43427
Tennessee,Mar  6 2021,42897
Tennessee,Feb 27 2021,42330
Tennessee,Feb 20 2021,41472
Tennessee,Feb 13 2021,40726
Tennessee,Feb  6 2021,39808
Tennessee,Jan 30 2021,38706
Tennessee,Jan 23 2021,37421
Tennessee,Jan 16 2021,35774
Tennessee,Jan  9 2021,33653
Tennessee,Jan  2 2021,31035
Tennessee,Dec 26 2020,28279
Tennessee,Dec 19 2020,25831
Tennessee,Dec 12 2020,23134
Tennessee,Dec  5 2020,20627
Tennessee,Nov 28 2020,18407
Tennessee,Nov 21 2020,16512
Tennessee,Nov 14 2020,14664
Tennessee,Nov  7 2020,13020
Tennessee,Oct 31 2020,11733
Tennessee,Oct 24 2020,10439
Tennessee,Oct 17 2020,9251
Tennessee,Oct 10 2020,8161
Tennessee,Oct  3 2020,7271
Tennessee,Sep 26 2020,6497
Tennessee,Sep 19 2020,5771
Tennessee,Sep 12 2020,5075
Tennessee,Sep  5 2020,4386
Tennessee,Aug 29 2020,3601
Tennessee,Aug 22 2020,2850
Tennessee,Aug 15 2020,2062
Tennessee,Aug  8 2020,1148
Tennessee,Aug  1 2020,N/A
Tennessee,Jul 25 2020,N/A
Tennessee,Jul 18 2020,N/A
Tennessee,Jul 11 2020,N/A
Tennessee,Jul  4 2020,N/A
Tennessee,Jun 27 2020,N/A
Tennessee,Jun 20 2020,N/A
Tennessee,Jun 13 2020,N/A
Tennessee,Jun  6 2020,N/A
Tennessee,May 30 2020,N/A
Tennessee,May 23 2020,N/A
Tennessee,May 16 2020,N/A
Tennessee,May  9 2020,N/A
Tennessee,May  2 2020,N/A
Tennessee,Apr 25 2020,N/A
Tennessee,Apr 18 2020,N/A
Tennessee,Apr 11 2020,N/A
Tennessee,Apr  4 2020,N/A
Tennessee,Mar 28 2020,N/A
Tennessee,Mar 21 2020,N/A
Tennessee,Mar 14 2020,N/A
Tennessee,Mar  7 2020,N/A
Tennessee,Feb 29 2020,N/A
Tennessee,Feb 22 2020,N/A
Tennessee,Feb 15 2020,N/A
Tennessee,Feb  8 2020,N/A
Tennessee,Feb  1 2020,N/A
Tennessee,Jan 25 2020,N/A
Tennessee,Jan 18 2020,N/A
Tennessee,Jan 11 2020,N/A
