﻿Data Table for Cumulative COVID-19 Hospitalizations - Texas
Date generated: Tue Mar 19 2024 18:03:32 GMT-0500 (Central Daylight Time)
Geography,Date,Cumulative COVID-19 Hospitalizations
Texas,Mar  9 2024,647583
Texas,Mar  2 2024,646475
Texas,Feb 24 2024,645235
Texas,Feb 17 2024,643705
Texas,Feb 10 2024,641949
Texas,Feb  3 2024,640047
Texas,Jan 27 2024,638085
Texas,Jan 20 2024,636202
Texas,Jan 13 2024,634379
Texas,Jan  6 2024,632366
Texas,Dec 30 2023,630116
Texas,Dec 23 2023,628226
Texas,Dec 16 2023,626452
Texas,Dec  9 2023,625000
Texas,Dec  2 2023,623718
Texas,Nov 25 2023,622510
Texas,Nov 18 2023,621459
Texas,Nov 11 2023,620437
Texas,Nov  4 2023,619189
Texas,Oct 28 2023,618116
Texas,Oct 21 2023,616903
Texas,Oct 14 2023,615945
Texas,Oct  7 2023,614832
Texas,Sep 30 2023,613609
Texas,Sep 23 2023,612207
Texas,Sep 16 2023,610554
Texas,Sep  9 2023,608710
Texas,Sep  2 2023,606757
Texas,Aug 26 2023,604901
Texas,Aug 19 2023,603334
Texas,Aug 12 2023,602034
Texas,Aug  5 2023,600976
Texas,Jul 29 2023,599999
Texas,Jul 22 2023,599145
Texas,Jul 15 2023,598373
Texas,Jul  8 2023,597732
Texas,Jul  1 2023,597268
Texas,Jun 24 2023,596771
Texas,Jun 17 2023,596361
Texas,Jun 10 2023,595890
Texas,Jun  3 2023,595345
Texas,May 27 2023,594750
Texas,May 20 2023,594117
Texas,May 13 2023,593385
Texas,May  6 2023,592589
Texas,Apr 29 2023,591688
Texas,Apr 22 2023,590758
Texas,Apr 15 2023,589638
Texas,Apr  8 2023,588365
Texas,Apr  1 2023,587103
Texas,Mar 25 2023,585866
Texas,Mar 18 2023,584520
Texas,Mar 11 2023,583115
Texas,Mar  4 2023,581492
Texas,Feb 25 2023,579753
Texas,Feb 18 2023,577813
Texas,Feb 11 2023,575820
Texas,Feb  4 2023,573691
Texas,Jan 28 2023,571503
Texas,Jan 21 2023,568935
Texas,Jan 14 2023,566143
Texas,Jan  7 2023,562794
Texas,Dec 31 2022,558957
Texas,Dec 24 2022,555261
Texas,Dec 17 2022,552548
Texas,Dec 10 2022,550046
Texas,Dec  3 2022,547722
Texas,Nov 26 2022,545597
Texas,Nov 19 2022,544086
Texas,Nov 12 2022,542911
Texas,Nov  5 2022,541839
Texas,Oct 29 2022,540848
Texas,Oct 22 2022,539763
Texas,Oct 15 2022,538663
Texas,Oct  8 2022,537453
Texas,Oct  1 2022,536055
Texas,Sep 24 2022,534455
Texas,Sep 17 2022,532361
Texas,Sep 10 2022,529892
Texas,Sep  3 2022,527206
Texas,Aug 27 2022,524272
Texas,Aug 20 2022,521277
Texas,Aug 13 2022,518101
Texas,Aug  6 2022,514451
Texas,Jul 30 2022,510460
Texas,Jul 23 2022,506214
Texas,Jul 16 2022,501840
Texas,Jul  9 2022,497632
Texas,Jul  2 2022,493790
Texas,Jun 25 2022,490535
Texas,Jun 18 2022,487778
Texas,Jun 11 2022,485489
Texas,Jun  4 2022,483549
Texas,May 28 2022,481970
Texas,May 21 2022,480717
Texas,May 14 2022,479705
Texas,May  7 2022,478853
Texas,Apr 30 2022,478057
Texas,Apr 23 2022,477342
Texas,Apr 16 2022,476551
Texas,Apr  9 2022,475773
Texas,Apr  2 2022,474897
Texas,Mar 26 2022,473920
Texas,Mar 19 2022,472767
Texas,Mar 12 2022,471367
Texas,Mar  5 2022,469518
Texas,Feb 26 2022,467025
Texas,Feb 19 2022,463651
Texas,Feb 12 2022,458581
Texas,Feb  5 2022,452142
Texas,Jan 29 2022,441866
Texas,Jan 22 2022,428862
Texas,Jan 15 2022,414555
Texas,Jan  8 2022,400642
Texas,Jan  1 2022,389106
Texas,Dec 25 2021,381008
Texas,Dec 18 2021,377187
Texas,Dec 11 2021,374306
Texas,Dec  4 2021,371345
Texas,Nov 27 2021,368567
Texas,Nov 20 2021,366490
Texas,Nov 13 2021,364176
Texas,Nov  6 2021,361902
Texas,Oct 30 2021,359719
Texas,Oct 23 2021,357042
Texas,Oct 16 2021,353771
Texas,Oct  9 2021,349821
Texas,Oct  2 2021,345031
Texas,Sep 25 2021,338926
Texas,Sep 18 2021,331305
Texas,Sep 11 2021,322002
Texas,Sep  4 2021,311452
Texas,Aug 28 2021,299995
Texas,Aug 21 2021,288227
Texas,Aug 14 2021,276347
Texas,Aug  7 2021,264925
Texas,Jul 31 2021,255708
Texas,Jul 24 2021,249076
Texas,Jul 17 2021,244660
Texas,Jul 10 2021,241708
Texas,Jul  3 2021,239702
Texas,Jun 26 2021,238130
Texas,Jun 19 2021,236778
Texas,Jun 12 2021,235386
Texas,Jun  5 2021,233849
Texas,May 29 2021,232314
Texas,May 22 2021,230638
Texas,May 15 2021,228807
Texas,May  8 2021,226693
Texas,May  1 2021,224421
Texas,Apr 24 2021,221944
Texas,Apr 17 2021,219329
Texas,Apr 10 2021,216456
Texas,Apr  3 2021,213843
Texas,Mar 27 2021,211260
Texas,Mar 20 2021,208442
Texas,Mar 13 2021,205394
Texas,Mar  6 2021,201801
Texas,Feb 27 2021,197836
Texas,Feb 20 2021,193004
Texas,Feb 13 2021,188248
Texas,Feb  6 2021,181543
Texas,Jan 30 2021,173123
Texas,Jan 23 2021,163285
Texas,Jan 16 2021,152097
Texas,Jan  9 2021,139492
Texas,Jan  2 2021,126492
Texas,Dec 26 2020,114622
Texas,Dec 19 2020,104641
Texas,Dec 12 2020,95868
Texas,Dec  5 2020,87569
Texas,Nov 28 2020,79822
Texas,Nov 21 2020,72260
Texas,Nov 14 2020,64131
Texas,Nov  7 2020,57344
Texas,Oct 31 2020,51472
Texas,Oct 24 2020,46138
Texas,Oct 17 2020,40965
Texas,Oct 10 2020,36278
Texas,Oct  3 2020,32658
Texas,Sep 26 2020,29534
Texas,Sep 19 2020,26629
Texas,Sep 12 2020,23730
Texas,Sep  5 2020,20898
Texas,Aug 29 2020,17676
Texas,Aug 22 2020,14249
Texas,Aug 15 2020,10432
Texas,Aug  8 2020,6036
Texas,Aug  1 2020,N/A
Texas,Jul 25 2020,N/A
Texas,Jul 18 2020,N/A
Texas,Jul 11 2020,N/A
Texas,Jul  4 2020,N/A
Texas,Jun 27 2020,N/A
Texas,Jun 20 2020,N/A
Texas,Jun 13 2020,N/A
Texas,Jun  6 2020,N/A
Texas,May 30 2020,N/A
Texas,May 23 2020,N/A
Texas,May 16 2020,N/A
Texas,May  9 2020,N/A
Texas,May  2 2020,N/A
Texas,Apr 25 2020,N/A
Texas,Apr 18 2020,N/A
Texas,Apr 11 2020,N/A
Texas,Apr  4 2020,N/A
Texas,Mar 28 2020,N/A
Texas,Mar 21 2020,N/A
Texas,Mar 14 2020,N/A
Texas,Mar  7 2020,N/A
Texas,Feb 29 2020,N/A
Texas,Feb 22 2020,N/A
Texas,Feb 15 2020,N/A
Texas,Feb  8 2020,N/A
Texas,Feb  1 2020,N/A
Texas,Jan 25 2020,N/A
Texas,Jan 18 2020,N/A
Texas,Jan 11 2020,N/A
