﻿Data Table for Cumulative COVID-19 Hospitalizations - Utah
Date generated: Thu Mar 21 2024 17:52:35 GMT-0500 (Central Daylight Time)
Geography,Date,Cumulative COVID-19 Hospitalizations
Utah,Mar  9 2024,51057
Utah,Mar  2 2024,50946
Utah,Feb 24 2024,50861
Utah,Feb 17 2024,50774
Utah,Feb 10 2024,50674
Utah,Feb  3 2024,50558
Utah,Jan 27 2024,50432
Utah,Jan 20 2024,50288
Utah,Jan 13 2024,50132
Utah,Jan  6 2024,49934
Utah,Dec 30 2023,49680
Utah,Dec 23 2023,49443
Utah,Dec 16 2023,49246
Utah,Dec  9 2023,49004
Utah,Dec  2 2023,48795
Utah,Nov 25 2023,48574
Utah,Nov 18 2023,48372
Utah,Nov 11 2023,48204
Utah,Nov  4 2023,48052
Utah,Oct 28 2023,47917
Utah,Oct 21 2023,47794
Utah,Oct 14 2023,47664
Utah,Oct  7 2023,47507
Utah,Sep 30 2023,47363
Utah,Sep 23 2023,47208
Utah,Sep 16 2023,47071
Utah,Sep  9 2023,46937
Utah,Sep  2 2023,46810
Utah,Aug 26 2023,46708
Utah,Aug 19 2023,46609
Utah,Aug 12 2023,46537
Utah,Aug  5 2023,46480
Utah,Jul 29 2023,46429
Utah,Jul 22 2023,46377
Utah,Jul 15 2023,46329
Utah,Jul  8 2023,46276
Utah,Jul  1 2023,46234
Utah,Jun 24 2023,46191
Utah,Jun 17 2023,46142
Utah,Jun 10 2023,46082
Utah,Jun  3 2023,46014
Utah,May 27 2023,45944
Utah,May 20 2023,45882
Utah,May 13 2023,45797
Utah,May  6 2023,45711
Utah,Apr 29 2023,45639
Utah,Apr 22 2023,45544
Utah,Apr 15 2023,45433
Utah,Apr  8 2023,45318
Utah,Apr  1 2023,45204
Utah,Mar 25 2023,45048
Utah,Mar 18 2023,44910
Utah,Mar 11 2023,44757
Utah,Mar  4 2023,44586
Utah,Feb 25 2023,44389
Utah,Feb 18 2023,44232
Utah,Feb 11 2023,44054
Utah,Feb  4 2023,43916
Utah,Jan 28 2023,43806
Utah,Jan 21 2023,43667
Utah,Jan 14 2023,43541
Utah,Jan  7 2023,43350
Utah,Dec 31 2022,43078
Utah,Dec 24 2022,42790
Utah,Dec 17 2022,42517
Utah,Dec 10 2022,42259
Utah,Dec  3 2022,41979
Utah,Nov 26 2022,41641
Utah,Nov 19 2022,41387
Utah,Nov 12 2022,41145
Utah,Nov  5 2022,40938
Utah,Oct 29 2022,40768
Utah,Oct 22 2022,40592
Utah,Oct 15 2022,40461
Utah,Oct  8 2022,40305
Utah,Oct  1 2022,40176
Utah,Sep 24 2022,40027
Utah,Sep 17 2022,39862
Utah,Sep 10 2022,39699
Utah,Sep  3 2022,39521
Utah,Aug 27 2022,39315
Utah,Aug 20 2022,39105
Utah,Aug 13 2022,38853
Utah,Aug  6 2022,38549
Utah,Jul 30 2022,38223
Utah,Jul 23 2022,37867
Utah,Jul 16 2022,37512
Utah,Jul  9 2022,37147
Utah,Jul  2 2022,36774
Utah,Jun 25 2022,36406
Utah,Jun 18 2022,36122
Utah,Jun 11 2022,35827
Utah,Jun  4 2022,35572
Utah,May 28 2022,35360
Utah,May 21 2022,35178
Utah,May 14 2022,35013
Utah,May  7 2022,34895
Utah,Apr 30 2022,34801
Utah,Apr 23 2022,34722
Utah,Apr 16 2022,34655
Utah,Apr  9 2022,34585
Utah,Apr  2 2022,34506
Utah,Mar 26 2022,34431
Utah,Mar 19 2022,34319
Utah,Mar 12 2022,34186
Utah,Mar  5 2022,33942
Utah,Feb 26 2022,33644
Utah,Feb 19 2022,33291
Utah,Feb 12 2022,32782
Utah,Feb  5 2022,32018
Utah,Jan 29 2022,31015
Utah,Jan 22 2022,29899
Utah,Jan 15 2022,28728
Utah,Jan  8 2022,27810
Utah,Jan  1 2022,27162
Utah,Dec 25 2021,26683
Utah,Dec 18 2021,26262
Utah,Dec 11 2021,25815
Utah,Dec  4 2021,25330
Utah,Nov 27 2021,24815
Utah,Nov 20 2021,24331
Utah,Nov 13 2021,23818
Utah,Nov  6 2021,23281
Utah,Oct 30 2021,22692
Utah,Oct 23 2021,22148
Utah,Oct 16 2021,21618
Utah,Oct  9 2021,21115
Utah,Oct  2 2021,20540
Utah,Sep 25 2021,20002
Utah,Sep 18 2021,19442
Utah,Sep 11 2021,18892
Utah,Sep  4 2021,18307
Utah,Aug 28 2021,17807
Utah,Aug 21 2021,17302
Utah,Aug 14 2021,16863
Utah,Aug  7 2021,16447
Utah,Jul 31 2021,16015
Utah,Jul 24 2021,15639
Utah,Jul 17 2021,15331
Utah,Jul 10 2021,15023
Utah,Jul  3 2021,14773
Utah,Jun 26 2021,14506
Utah,Jun 19 2021,14297
Utah,Jun 12 2021,14083
Utah,Jun  5 2021,13899
Utah,May 29 2021,13736
Utah,May 22 2021,13549
Utah,May 15 2021,13373
Utah,May  8 2021,13196
Utah,May  1 2021,13025
Utah,Apr 24 2021,12871
Utah,Apr 17 2021,12700
Utah,Apr 10 2021,12552
Utah,Apr  3 2021,12384
Utah,Mar 27 2021,12224
Utah,Mar 20 2021,12043
Utah,Mar 13 2021,11818
Utah,Mar  6 2021,11611
Utah,Feb 27 2021,11391
Utah,Feb 20 2021,11139
Utah,Feb 13 2021,10885
Utah,Feb  6 2021,10558
Utah,Jan 30 2021,10125
Utah,Jan 23 2021,9645
Utah,Jan 16 2021,9130
Utah,Jan  9 2021,8525
Utah,Jan  2 2021,7861
Utah,Dec 26 2020,7297
Utah,Dec 19 2020,6749
Utah,Dec 12 2020,6114
Utah,Dec  5 2020,5444
Utah,Nov 28 2020,4766
Utah,Nov 21 2020,4135
Utah,Nov 14 2020,3489
Utah,Nov  7 2020,2941
Utah,Oct 31 2020,2489
Utah,Oct 24 2020,2116
Utah,Oct 17 2020,1801
Utah,Oct 10 2020,1519
Utah,Oct  3 2020,1270
Utah,Sep 26 2020,1077
Utah,Sep 19 2020,902
Utah,Sep 12 2020,746
Utah,Sep  5 2020,630
Utah,Aug 29 2020,491
Utah,Aug 22 2020,365
Utah,Aug 15 2020,276
Utah,Aug  8 2020,150
Utah,Aug  1 2020,N/A
Utah,Jul 25 2020,N/A
Utah,Jul 18 2020,N/A
Utah,Jul 11 2020,N/A
Utah,Jul  4 2020,N/A
Utah,Jun 27 2020,N/A
Utah,Jun 20 2020,N/A
Utah,Jun 13 2020,N/A
Utah,Jun  6 2020,N/A
Utah,May 30 2020,N/A
Utah,May 23 2020,N/A
Utah,May 16 2020,N/A
Utah,May  9 2020,N/A
Utah,May  2 2020,N/A
Utah,Apr 25 2020,N/A
Utah,Apr 18 2020,N/A
Utah,Apr 11 2020,N/A
Utah,Apr  4 2020,N/A
Utah,Mar 28 2020,N/A
Utah,Mar 21 2020,N/A
Utah,Mar 14 2020,N/A
Utah,Mar  7 2020,N/A
Utah,Feb 29 2020,N/A
Utah,Feb 22 2020,N/A
Utah,Feb 15 2020,N/A
Utah,Feb  8 2020,N/A
Utah,Feb  1 2020,N/A
Utah,Jan 25 2020,N/A
Utah,Jan 18 2020,N/A
Utah,Jan 11 2020,N/A
