﻿Data Table for Cumulative COVID-19 Hospitalizations - Vermont
Date generated: Thu Mar 21 2024 17:52:39 GMT-0500 (Central Daylight Time)
Geography,Date,Cumulative COVID-19 Hospitalizations
Vermont,Mar  9 2024,7295
Vermont,Mar  2 2024,7277
Vermont,Feb 24 2024,7258
Vermont,Feb 17 2024,7232
Vermont,Feb 10 2024,7205
Vermont,Feb  3 2024,7176
Vermont,Jan 27 2024,7134
Vermont,Jan 20 2024,7088
Vermont,Jan 13 2024,7049
Vermont,Jan  6 2024,7001
Vermont,Dec 30 2023,6937
Vermont,Dec 23 2023,6881
Vermont,Dec 16 2023,6827
Vermont,Dec  9 2023,6786
Vermont,Dec  2 2023,6739
Vermont,Nov 25 2023,6696
Vermont,Nov 18 2023,6647
Vermont,Nov 11 2023,6609
Vermont,Nov  4 2023,6566
Vermont,Oct 28 2023,6541
Vermont,Oct 21 2023,6508
Vermont,Oct 14 2023,6468
Vermont,Oct  7 2023,6437
Vermont,Sep 30 2023,6405
Vermont,Sep 23 2023,6360
Vermont,Sep 16 2023,6326
Vermont,Sep  9 2023,6300
Vermont,Sep  2 2023,6266
Vermont,Aug 26 2023,6246
Vermont,Aug 19 2023,6223
Vermont,Aug 12 2023,6192
Vermont,Aug  5 2023,6167
Vermont,Jul 29 2023,6155
Vermont,Jul 22 2023,6143
Vermont,Jul 15 2023,6136
Vermont,Jul  8 2023,6127
Vermont,Jul  1 2023,6120
Vermont,Jun 24 2023,6111
Vermont,Jun 17 2023,6092
Vermont,Jun 10 2023,6080
Vermont,Jun  3 2023,6069
Vermont,May 27 2023,6058
Vermont,May 20 2023,6044
Vermont,May 13 2023,6037
Vermont,May  6 2023,6025
Vermont,Apr 29 2023,6015
Vermont,Apr 22 2023,6005
Vermont,Apr 15 2023,5988
Vermont,Apr  8 2023,5965
Vermont,Apr  1 2023,5948
Vermont,Mar 25 2023,5926
Vermont,Mar 18 2023,5903
Vermont,Mar 11 2023,5873
Vermont,Mar  4 2023,5837
Vermont,Feb 25 2023,5794
Vermont,Feb 18 2023,5757
Vermont,Feb 11 2023,5714
Vermont,Feb  4 2023,5672
Vermont,Jan 28 2023,5624
Vermont,Jan 21 2023,5576
Vermont,Jan 14 2023,5530
Vermont,Jan  7 2023,5497
Vermont,Dec 31 2022,5455
Vermont,Dec 24 2022,5397
Vermont,Dec 17 2022,5359
Vermont,Dec 10 2022,5307
Vermont,Dec  3 2022,5254
Vermont,Nov 26 2022,5223
Vermont,Nov 19 2022,5189
Vermont,Nov 12 2022,5153
Vermont,Nov  5 2022,5103
Vermont,Oct 29 2022,5065
Vermont,Oct 22 2022,5021
Vermont,Oct 15 2022,4942
Vermont,Oct  8 2022,4883
Vermont,Oct  1 2022,4834
Vermont,Sep 24 2022,4789
Vermont,Sep 17 2022,4734
Vermont,Sep 10 2022,4691
Vermont,Sep  3 2022,4647
Vermont,Aug 27 2022,4610
Vermont,Aug 20 2022,4555
Vermont,Aug 13 2022,4523
Vermont,Aug  6 2022,4476
Vermont,Jul 30 2022,4441
Vermont,Jul 23 2022,4394
Vermont,Jul 16 2022,4357
Vermont,Jul  9 2022,4333
Vermont,Jul  2 2022,4301
Vermont,Jun 25 2022,4252
Vermont,Jun 18 2022,4222
Vermont,Jun 11 2022,4176
Vermont,Jun  4 2022,4141
Vermont,May 28 2022,4088
Vermont,May 21 2022,4023
Vermont,May 14 2022,3957
Vermont,May  7 2022,3884
Vermont,Apr 30 2022,3780
Vermont,Apr 23 2022,3658
Vermont,Apr 16 2022,3583
Vermont,Apr  9 2022,3539
Vermont,Apr  2 2022,3492
Vermont,Mar 26 2022,3461
Vermont,Mar 19 2022,3424
Vermont,Mar 12 2022,3384
Vermont,Mar  5 2022,3355
Vermont,Feb 26 2022,3312
Vermont,Feb 19 2022,3258
Vermont,Feb 12 2022,3186
Vermont,Feb  5 2022,3101
Vermont,Jan 29 2022,3001
Vermont,Jan 22 2022,2867
Vermont,Jan 15 2022,2722
Vermont,Jan  8 2022,2572
Vermont,Jan  1 2022,2457
Vermont,Dec 25 2021,2370
Vermont,Dec 18 2021,2296
Vermont,Dec 11 2021,2230
Vermont,Dec  4 2021,2123
Vermont,Nov 27 2021,2015
Vermont,Nov 20 2021,1938
Vermont,Nov 13 2021,1868
Vermont,Nov  6 2021,1800
Vermont,Oct 30 2021,1742
Vermont,Oct 23 2021,1681
Vermont,Oct 16 2021,1628
Vermont,Oct  9 2021,1565
Vermont,Oct  2 2021,1523
Vermont,Sep 25 2021,1455
Vermont,Sep 18 2021,1387
Vermont,Sep 11 2021,1317
Vermont,Sep  4 2021,1277
Vermont,Aug 28 2021,1239
Vermont,Aug 21 2021,1193
Vermont,Aug 14 2021,1171
Vermont,Aug  7 2021,1143
Vermont,Jul 31 2021,1133
Vermont,Jul 24 2021,1127
Vermont,Jul 17 2021,1122
Vermont,Jul 10 2021,1120
Vermont,Jul  3 2021,1115
Vermont,Jun 26 2021,1107
Vermont,Jun 19 2021,1100
Vermont,Jun 12 2021,1096
Vermont,Jun  5 2021,1092
Vermont,May 29 2021,1086
Vermont,May 22 2021,1070
Vermont,May 15 2021,1057
Vermont,May  8 2021,1034
Vermont,May  1 2021,1014
Vermont,Apr 24 2021,982
Vermont,Apr 17 2021,941
Vermont,Apr 10 2021,911
Vermont,Apr  3 2021,865
Vermont,Mar 27 2021,831
Vermont,Mar 20 2021,802
Vermont,Mar 13 2021,771
Vermont,Mar  6 2021,736
Vermont,Feb 27 2021,705
Vermont,Feb 20 2021,668
Vermont,Feb 13 2021,640
Vermont,Feb  6 2021,599
Vermont,Jan 30 2021,548
Vermont,Jan 23 2021,477
Vermont,Jan 16 2021,419
Vermont,Jan  9 2021,353
Vermont,Jan  2 2021,290
Vermont,Dec 26 2020,257
Vermont,Dec 19 2020,226
Vermont,Dec 12 2020,185
Vermont,Dec  5 2020,159
Vermont,Nov 28 2020,125
Vermont,Nov 21 2020,98
Vermont,Nov 14 2020,78
Vermont,Nov  7 2020,54
Vermont,Oct 31 2020,50
Vermont,Oct 24 2020,41
Vermont,Oct 17 2020,39
Vermont,Oct 10 2020,39
Vermont,Oct  3 2020,36
Vermont,Sep 26 2020,35
Vermont,Sep 19 2020,34
Vermont,Sep 12 2020,28
Vermont,Sep  5 2020,26
Vermont,Aug 29 2020,21
Vermont,Aug 22 2020,15
Vermont,Aug 15 2020,9
Vermont,Aug  8 2020,4
Vermont,Aug  1 2020,N/A
Vermont,Jul 25 2020,N/A
Vermont,Jul 18 2020,N/A
Vermont,Jul 11 2020,N/A
Vermont,Jul  4 2020,N/A
Vermont,Jun 27 2020,N/A
Vermont,Jun 20 2020,N/A
Vermont,Jun 13 2020,N/A
Vermont,Jun  6 2020,N/A
Vermont,May 30 2020,N/A
Vermont,May 23 2020,N/A
Vermont,May 16 2020,N/A
Vermont,May  9 2020,N/A
Vermont,May  2 2020,N/A
Vermont,Apr 25 2020,N/A
Vermont,Apr 18 2020,N/A
Vermont,Apr 11 2020,N/A
Vermont,Apr  4 2020,N/A
Vermont,Mar 28 2020,N/A
Vermont,Mar 21 2020,N/A
Vermont,Mar 14 2020,N/A
Vermont,Mar  7 2020,N/A
Vermont,Feb 29 2020,N/A
Vermont,Feb 22 2020,N/A
Vermont,Feb 15 2020,N/A
Vermont,Feb  8 2020,N/A
Vermont,Feb  1 2020,N/A
Vermont,Jan 25 2020,N/A
Vermont,Jan 18 2020,N/A
Vermont,Jan 11 2020,N/A
