﻿Data Table for Cumulative COVID-19 Hospitalizations - Virgin Islands
Date generated: Thu Mar 21 2024 17:52:44 GMT-0500 (Central Daylight Time)
Geography,Date,Cumulative COVID-19 Hospitalizations
Virgin Islands,Mar  9 2024,628
Virgin Islands,Mar  2 2024,628
Virgin Islands,Feb 24 2024,628
Virgin Islands,Feb 17 2024,628
Virgin Islands,Feb 10 2024,628
Virgin Islands,Feb  3 2024,627
Virgin Islands,Jan 27 2024,627
Virgin Islands,Jan 20 2024,627
Virgin Islands,Jan 13 2024,627
Virgin Islands,Jan  6 2024,626
Virgin Islands,Dec 30 2023,625
Virgin Islands,Dec 23 2023,623
Virgin Islands,Dec 16 2023,621
Virgin Islands,Dec  9 2023,621
Virgin Islands,Dec  2 2023,621
Virgin Islands,Nov 25 2023,621
Virgin Islands,Nov 18 2023,621
Virgin Islands,Nov 11 2023,621
Virgin Islands,Nov  4 2023,620
Virgin Islands,Oct 28 2023,620
Virgin Islands,Oct 21 2023,619
Virgin Islands,Oct 14 2023,619
Virgin Islands,Oct  7 2023,619
Virgin Islands,Sep 30 2023,619
Virgin Islands,Sep 23 2023,618
Virgin Islands,Sep 16 2023,618
Virgin Islands,Sep  9 2023,618
Virgin Islands,Sep  2 2023,618
Virgin Islands,Aug 26 2023,617
Virgin Islands,Aug 19 2023,616
Virgin Islands,Aug 12 2023,611
Virgin Islands,Aug  5 2023,609
Virgin Islands,Jul 29 2023,607
Virgin Islands,Jul 22 2023,606
Virgin Islands,Jul 15 2023,604
Virgin Islands,Jul  8 2023,602
Virgin Islands,Jul  1 2023,602
Virgin Islands,Jun 24 2023,601
Virgin Islands,Jun 17 2023,601
Virgin Islands,Jun 10 2023,599
Virgin Islands,Jun  3 2023,593
Virgin Islands,May 27 2023,591
Virgin Islands,May 20 2023,588
Virgin Islands,May 13 2023,587
Virgin Islands,May  6 2023,583
Virgin Islands,Apr 29 2023,576
Virgin Islands,Apr 22 2023,576
Virgin Islands,Apr 15 2023,576
Virgin Islands,Apr  8 2023,575
Virgin Islands,Apr  1 2023,572
Virgin Islands,Mar 25 2023,571
Virgin Islands,Mar 18 2023,569
Virgin Islands,Mar 11 2023,568
Virgin Islands,Mar  4 2023,564
Virgin Islands,Feb 25 2023,562
Virgin Islands,Feb 18 2023,561
Virgin Islands,Feb 11 2023,560
Virgin Islands,Feb  4 2023,555
Virgin Islands,Jan 28 2023,545
Virgin Islands,Jan 21 2023,538
Virgin Islands,Jan 14 2023,534
Virgin Islands,Jan  7 2023,528
Virgin Islands,Dec 31 2022,522
Virgin Islands,Dec 24 2022,518
Virgin Islands,Dec 17 2022,516
Virgin Islands,Dec 10 2022,513
Virgin Islands,Dec  3 2022,512
Virgin Islands,Nov 26 2022,512
Virgin Islands,Nov 19 2022,511
Virgin Islands,Nov 12 2022,511
Virgin Islands,Nov  5 2022,509
Virgin Islands,Oct 29 2022,509
Virgin Islands,Oct 22 2022,508
Virgin Islands,Oct 15 2022,503
Virgin Islands,Oct  8 2022,502
Virgin Islands,Oct  1 2022,500
Virgin Islands,Sep 24 2022,498
Virgin Islands,Sep 17 2022,488
Virgin Islands,Sep 10 2022,481
Virgin Islands,Sep  3 2022,472
Virgin Islands,Aug 27 2022,465
Virgin Islands,Aug 20 2022,457
Virgin Islands,Aug 13 2022,446
Virgin Islands,Aug  6 2022,441
Virgin Islands,Jul 30 2022,440
Virgin Islands,Jul 23 2022,430
Virgin Islands,Jul 16 2022,424
Virgin Islands,Jul  9 2022,416
Virgin Islands,Jul  2 2022,404
Virgin Islands,Jun 25 2022,401
Virgin Islands,Jun 18 2022,397
Virgin Islands,Jun 11 2022,393
Virgin Islands,Jun  4 2022,383
Virgin Islands,May 28 2022,378
Virgin Islands,May 21 2022,362
Virgin Islands,May 14 2022,342
Virgin Islands,May  7 2022,333
Virgin Islands,Apr 30 2022,328
Virgin Islands,Apr 23 2022,324
Virgin Islands,Apr 16 2022,321
Virgin Islands,Apr  9 2022,319
Virgin Islands,Apr  2 2022,317
Virgin Islands,Mar 26 2022,317
Virgin Islands,Mar 19 2022,315
Virgin Islands,Mar 12 2022,314
Virgin Islands,Mar  5 2022,312
Virgin Islands,Feb 26 2022,311
Virgin Islands,Feb 19 2022,310
Virgin Islands,Feb 12 2022,309
Virgin Islands,Feb  5 2022,304
Virgin Islands,Jan 29 2022,300
Virgin Islands,Jan 22 2022,279
Virgin Islands,Jan 15 2022,247
Virgin Islands,Jan  8 2022,231
Virgin Islands,Jan  1 2022,216
Virgin Islands,Dec 25 2021,206
Virgin Islands,Dec 18 2021,202
Virgin Islands,Dec 11 2021,199
Virgin Islands,Dec  4 2021,197
Virgin Islands,Nov 27 2021,196
Virgin Islands,Nov 20 2021,194
Virgin Islands,Nov 13 2021,189
Virgin Islands,Nov  6 2021,188
Virgin Islands,Oct 30 2021,186
Virgin Islands,Oct 23 2021,182
Virgin Islands,Oct 16 2021,178
Virgin Islands,Oct  9 2021,176
Virgin Islands,Oct  2 2021,173
Virgin Islands,Sep 25 2021,166
Virgin Islands,Sep 18 2021,163
Virgin Islands,Sep 11 2021,157
Virgin Islands,Sep  4 2021,152
Virgin Islands,Aug 28 2021,151
Virgin Islands,Aug 21 2021,148
Virgin Islands,Aug 14 2021,144
Virgin Islands,Aug  7 2021,130
Virgin Islands,Jul 31 2021,123
Virgin Islands,Jul 24 2021,118
Virgin Islands,Jul 17 2021,111
Virgin Islands,Jul 10 2021,100
Virgin Islands,Jul  3 2021,96
Virgin Islands,Jun 26 2021,95
Virgin Islands,Jun 19 2021,88
Virgin Islands,Jun 12 2021,87
Virgin Islands,Jun  5 2021,77
Virgin Islands,May 29 2021,76
Virgin Islands,May 22 2021,76
Virgin Islands,May 15 2021,75
Virgin Islands,May  8 2021,75
Virgin Islands,May  1 2021,74
Virgin Islands,Apr 24 2021,70
Virgin Islands,Apr 17 2021,66
Virgin Islands,Apr 10 2021,65
Virgin Islands,Apr  3 2021,60
Virgin Islands,Mar 27 2021,57
Virgin Islands,Mar 20 2021,57
Virgin Islands,Mar 13 2021,57
Virgin Islands,Mar  6 2021,54
Virgin Islands,Feb 27 2021,54
Virgin Islands,Feb 20 2021,52
Virgin Islands,Feb 13 2021,52
Virgin Islands,Feb  6 2021,52
Virgin Islands,Jan 30 2021,52
Virgin Islands,Jan 23 2021,48
Virgin Islands,Jan 16 2021,46
Virgin Islands,Jan  9 2021,45
Virgin Islands,Jan  2 2021,45
Virgin Islands,Dec 26 2020,41
Virgin Islands,Dec 19 2020,40
Virgin Islands,Dec 12 2020,38
Virgin Islands,Dec  5 2020,36
Virgin Islands,Nov 28 2020,35
Virgin Islands,Nov 21 2020,34
Virgin Islands,Nov 14 2020,33
Virgin Islands,Nov  7 2020,33
Virgin Islands,Oct 31 2020,32
Virgin Islands,Oct 24 2020,32
Virgin Islands,Oct 17 2020,32
Virgin Islands,Oct 10 2020,32
Virgin Islands,Oct  3 2020,32
Virgin Islands,Sep 26 2020,32
Virgin Islands,Sep 19 2020,32
Virgin Islands,Sep 12 2020,32
Virgin Islands,Sep  5 2020,31
Virgin Islands,Aug 29 2020,27
Virgin Islands,Aug 22 2020,19
Virgin Islands,Aug 15 2020,2
