﻿Data Table for Cumulative COVID-19 Hospitalizations - Virginia
Date generated: Thu Mar 21 2024 17:52:48 GMT-0500 (Central Daylight Time)
Geography,Date,Cumulative COVID-19 Hospitalizations
Virginia,Mar  9 2024,136468
Virginia,Mar  2 2024,136010
Virginia,Feb 24 2024,135524
Virginia,Feb 17 2024,134938
Virginia,Feb 10 2024,134340
Virginia,Feb  3 2024,133770
Virginia,Jan 27 2024,133174
Virginia,Jan 20 2024,132552
Virginia,Jan 13 2024,131866
Virginia,Jan  6 2024,130977
Virginia,Dec 30 2023,129979
Virginia,Dec 23 2023,128965
Virginia,Dec 16 2023,128175
Virginia,Dec  9 2023,127522
Virginia,Dec  2 2023,126923
Virginia,Nov 25 2023,126314
Virginia,Nov 18 2023,125827
Virginia,Nov 11 2023,125378
Virginia,Nov  4 2023,124913
Virginia,Oct 28 2023,124532
Virginia,Oct 21 2023,124079
Virginia,Oct 14 2023,123624
Virginia,Oct  7 2023,123213
Virginia,Sep 30 2023,122789
Virginia,Sep 23 2023,122346
Virginia,Sep 16 2023,121883
Virginia,Sep  9 2023,121439
Virginia,Sep  2 2023,120961
Virginia,Aug 26 2023,120584
Virginia,Aug 19 2023,120224
Virginia,Aug 12 2023,119923
Virginia,Aug  5 2023,119687
Virginia,Jul 29 2023,119521
Virginia,Jul 22 2023,119375
Virginia,Jul 15 2023,119252
Virginia,Jul  8 2023,119130
Virginia,Jul  1 2023,119005
Virginia,Jun 24 2023,118883
Virginia,Jun 17 2023,118762
Virginia,Jun 10 2023,118641
Virginia,Jun  3 2023,118558
Virginia,May 27 2023,118441
Virginia,May 20 2023,118354
Virginia,May 13 2023,118242
Virginia,May  6 2023,118112
Virginia,Apr 29 2023,117987
Virginia,Apr 22 2023,117873
Virginia,Apr 15 2023,117695
Virginia,Apr  8 2023,117513
Virginia,Apr  1 2023,117298
Virginia,Mar 25 2023,117060
Virginia,Mar 18 2023,116815
Virginia,Mar 11 2023,116514
Virginia,Mar  4 2023,116140
Virginia,Feb 25 2023,115729
Virginia,Feb 18 2023,115256
Virginia,Feb 11 2023,114697
Virginia,Feb  4 2023,114015
Virginia,Jan 28 2023,113310
Virginia,Jan 21 2023,112552
Virginia,Jan 14 2023,111661
Virginia,Jan  7 2023,110657
Virginia,Dec 31 2022,109413
Virginia,Dec 24 2022,108175
Virginia,Dec 17 2022,107308
Virginia,Dec 10 2022,106441
Virginia,Dec  3 2022,105760
Virginia,Nov 26 2022,105155
Virginia,Nov 19 2022,104720
Virginia,Nov 12 2022,104238
Virginia,Nov  5 2022,103699
Virginia,Oct 29 2022,103137
Virginia,Oct 22 2022,102653
Virginia,Oct 15 2022,102191
Virginia,Oct  8 2022,101674
Virginia,Oct  1 2022,101084
Virginia,Sep 24 2022,100563
Virginia,Sep 17 2022,99946
Virginia,Sep 10 2022,99242
Virginia,Sep  3 2022,98456
Virginia,Aug 27 2022,97636
Virginia,Aug 20 2022,96774
Virginia,Aug 13 2022,95862
Virginia,Aug  6 2022,94915
Virginia,Jul 30 2022,93989
Virginia,Jul 23 2022,93072
Virginia,Jul 16 2022,92238
Virginia,Jul  9 2022,91405
Virginia,Jul  2 2022,90664
Virginia,Jun 25 2022,89962
Virginia,Jun 18 2022,89298
Virginia,Jun 11 2022,88598
Virginia,Jun  4 2022,87886
Virginia,May 28 2022,87242
Virginia,May 21 2022,86635
Virginia,May 14 2022,86064
Virginia,May  7 2022,85625
Virginia,Apr 30 2022,85268
Virginia,Apr 23 2022,85035
Virginia,Apr 16 2022,84779
Virginia,Apr  9 2022,84606
Virginia,Apr  2 2022,84430
Virginia,Mar 26 2022,84199
Virginia,Mar 19 2022,83967
Virginia,Mar 12 2022,83638
Virginia,Mar  5 2022,83272
Virginia,Feb 26 2022,82758
Virginia,Feb 19 2022,81947
Virginia,Feb 12 2022,80803
Virginia,Feb  5 2022,79272
Virginia,Jan 29 2022,77235
Virginia,Jan 22 2022,74599
Virginia,Jan 15 2022,71522
Virginia,Jan  8 2022,68185
Virginia,Jan  1 2022,64939
Virginia,Dec 25 2021,62671
Virginia,Dec 18 2021,61430
Virginia,Dec 11 2021,60323
Virginia,Dec  4 2021,59240
Virginia,Nov 27 2021,58404
Virginia,Nov 20 2021,57704
Virginia,Nov 13 2021,57125
Virginia,Nov  6 2021,56498
Virginia,Oct 30 2021,55891
Virginia,Oct 23 2021,55175
Virginia,Oct 16 2021,54329
Virginia,Oct  9 2021,53303
Virginia,Oct  2 2021,52183
Virginia,Sep 25 2021,50890
Virginia,Sep 18 2021,49421
Virginia,Sep 11 2021,47874
Virginia,Sep  4 2021,46357
Virginia,Aug 28 2021,44970
Virginia,Aug 21 2021,43700
Virginia,Aug 14 2021,42675
Virginia,Aug  7 2021,41775
Virginia,Jul 31 2021,41188
Virginia,Jul 24 2021,40782
Virginia,Jul 17 2021,40469
Virginia,Jul 10 2021,40242
Virginia,Jul  3 2021,40063
Virginia,Jun 26 2021,39894
Virginia,Jun 19 2021,39713
Virginia,Jun 12 2021,39532
Virginia,Jun  5 2021,39335
Virginia,May 29 2021,39075
Virginia,May 22 2021,38731
Virginia,May 15 2021,38361
Virginia,May  8 2021,37917
Virginia,May  1 2021,37338
Virginia,Apr 24 2021,36758
Virginia,Apr 17 2021,35988
Virginia,Apr 10 2021,35188
Virginia,Apr  3 2021,34363
Virginia,Mar 27 2021,33567
Virginia,Mar 20 2021,32764
Virginia,Mar 13 2021,31982
Virginia,Mar  6 2021,31163
Virginia,Feb 27 2021,30252
Virginia,Feb 20 2021,29221
Virginia,Feb 13 2021,28081
Virginia,Feb  6 2021,26764
Virginia,Jan 30 2021,25151
Virginia,Jan 23 2021,23342
Virginia,Jan 16 2021,21350
Virginia,Jan  9 2021,19177
Virginia,Jan  2 2021,17072
Virginia,Dec 26 2020,15217
Virginia,Dec 19 2020,13528
Virginia,Dec 12 2020,11903
Virginia,Dec  5 2020,10443
Virginia,Nov 28 2020,9134
Virginia,Nov 21 2020,8025
Virginia,Nov 14 2020,7112
Virginia,Nov  7 2020,6335
Virginia,Oct 31 2020,5699
Virginia,Oct 24 2020,5152
Virginia,Oct 17 2020,4660
Virginia,Oct 10 2020,4176
Virginia,Oct  3 2020,3696
Virginia,Sep 26 2020,3289
Virginia,Sep 19 2020,2935
Virginia,Sep 12 2020,2506
Virginia,Sep  5 2020,2078
Virginia,Aug 29 2020,1613
Virginia,Aug 22 2020,1217
Virginia,Aug 15 2020,802
Virginia,Aug  8 2020,380
Virginia,Aug  1 2020,N/A
Virginia,Jul 25 2020,N/A
Virginia,Jul 18 2020,N/A
Virginia,Jul 11 2020,N/A
Virginia,Jul  4 2020,N/A
Virginia,Jun 27 2020,N/A
Virginia,Jun 20 2020,N/A
Virginia,Jun 13 2020,N/A
Virginia,Jun  6 2020,N/A
Virginia,May 30 2020,N/A
Virginia,May 23 2020,N/A
Virginia,May 16 2020,N/A
Virginia,May  9 2020,N/A
Virginia,May  2 2020,N/A
Virginia,Apr 25 2020,N/A
Virginia,Apr 18 2020,N/A
Virginia,Apr 11 2020,N/A
Virginia,Apr  4 2020,N/A
Virginia,Mar 28 2020,N/A
Virginia,Mar 21 2020,N/A
Virginia,Mar 14 2020,N/A
Virginia,Mar  7 2020,N/A
Virginia,Feb 29 2020,N/A
Virginia,Feb 22 2020,N/A
Virginia,Feb 15 2020,N/A
Virginia,Feb  8 2020,N/A
Virginia,Feb  1 2020,N/A
Virginia,Jan 25 2020,N/A
Virginia,Jan 18 2020,N/A
Virginia,Jan 11 2020,N/A
