﻿Data Table for Cumulative COVID-19 Hospitalizations - Washington
Date generated: Thu Mar 21 2024 17:52:53 GMT-0500 (Central Daylight Time)
Geography,Date,Cumulative COVID-19 Hospitalizations
Washington,Mar  9 2024,84883
Washington,Mar  2 2024,84656
Washington,Feb 24 2024,84388
Washington,Feb 17 2024,84134
Washington,Feb 10 2024,83851
Washington,Feb  3 2024,83518
Washington,Jan 27 2024,83162
Washington,Jan 20 2024,82790
Washington,Jan 13 2024,82410
Washington,Jan  6 2024,82048
Washington,Dec 30 2023,81615
Washington,Dec 23 2023,81252
Washington,Dec 16 2023,80946
Washington,Dec  9 2023,80667
Washington,Dec  2 2023,80370
Washington,Nov 25 2023,80116
Washington,Nov 18 2023,79894
Washington,Nov 11 2023,79637
Washington,Nov  4 2023,79387
Washington,Oct 28 2023,79141
Washington,Oct 21 2023,78903
Washington,Oct 14 2023,78602
Washington,Oct  7 2023,78222
Washington,Sep 30 2023,77860
Washington,Sep 23 2023,77515
Washington,Sep 16 2023,77146
Washington,Sep  9 2023,76791
Washington,Sep  2 2023,76473
Washington,Aug 26 2023,76185
Washington,Aug 19 2023,75902
Washington,Aug 12 2023,75670
Washington,Aug  5 2023,75473
Washington,Jul 29 2023,75299
Washington,Jul 22 2023,75146
Washington,Jul 15 2023,75006
Washington,Jul  8 2023,74880
Washington,Jul  1 2023,74748
Washington,Jun 24 2023,74608
Washington,Jun 17 2023,74477
Washington,Jun 10 2023,74353
Washington,Jun  3 2023,74209
Washington,May 27 2023,74067
Washington,May 20 2023,73894
Washington,May 13 2023,73729
Washington,May  6 2023,73559
Washington,Apr 29 2023,73361
Washington,Apr 22 2023,73136
Washington,Apr 15 2023,72925
Washington,Apr  8 2023,72715
Washington,Apr  1 2023,72472
Washington,Mar 25 2023,72164
Washington,Mar 18 2023,71822
Washington,Mar 11 2023,71507
Washington,Mar  4 2023,71142
Washington,Feb 25 2023,70752
Washington,Feb 18 2023,70387
Washington,Feb 11 2023,69977
Washington,Feb  4 2023,69561
Washington,Jan 28 2023,69182
Washington,Jan 21 2023,68798
Washington,Jan 14 2023,68387
Washington,Jan  7 2023,67964
Washington,Dec 31 2022,67490
Washington,Dec 24 2022,67023
Washington,Dec 17 2022,66555
Washington,Dec 10 2022,66137
Washington,Dec  3 2022,65707
Washington,Nov 26 2022,65219
Washington,Nov 19 2022,64841
Washington,Nov 12 2022,64500
Washington,Nov  5 2022,64224
Washington,Oct 29 2022,63918
Washington,Oct 22 2022,63595
Washington,Oct 15 2022,63325
Washington,Oct  8 2022,63001
Washington,Oct  1 2022,62606
Washington,Sep 24 2022,62179
Washington,Sep 17 2022,61729
Washington,Sep 10 2022,61308
Washington,Sep  3 2022,60875
Washington,Aug 27 2022,60378
Washington,Aug 20 2022,59888
Washington,Aug 13 2022,59348
Washington,Aug  6 2022,58751
Washington,Jul 30 2022,58121
Washington,Jul 23 2022,57436
Washington,Jul 16 2022,56632
Washington,Jul  9 2022,55836
Washington,Jul  2 2022,55047
Washington,Jun 25 2022,54324
Washington,Jun 18 2022,53656
Washington,Jun 11 2022,53079
Washington,Jun  4 2022,52541
Washington,May 28 2022,51998
Washington,May 21 2022,51476
Washington,May 14 2022,50890
Washington,May  7 2022,50393
Washington,Apr 30 2022,49960
Washington,Apr 23 2022,49653
Washington,Apr 16 2022,49394
Washington,Apr  9 2022,49182
Washington,Apr  2 2022,48996
Washington,Mar 26 2022,48806
Washington,Mar 19 2022,48608
Washington,Mar 12 2022,48363
Washington,Mar  5 2022,47998
Washington,Feb 26 2022,47499
Washington,Feb 19 2022,46859
Washington,Feb 12 2022,46019
Washington,Feb  5 2022,44957
Washington,Jan 29 2022,43541
Washington,Jan 22 2022,41872
Washington,Jan 15 2022,39915
Washington,Jan  8 2022,38192
Washington,Jan  1 2022,36768
Washington,Dec 25 2021,35862
Washington,Dec 18 2021,35301
Washington,Dec 11 2021,34836
Washington,Dec  4 2021,34337
Washington,Nov 27 2021,33830
Washington,Nov 20 2021,33368
Washington,Nov 13 2021,32851
Washington,Nov  6 2021,32247
Washington,Oct 30 2021,31569
Washington,Oct 23 2021,30880
Washington,Oct 16 2021,30211
Washington,Oct  9 2021,29471
Washington,Oct  2 2021,28693
Washington,Sep 25 2021,27827
Washington,Sep 18 2021,26957
Washington,Sep 11 2021,25913
Washington,Sep  4 2021,24797
Washington,Aug 28 2021,23605
Washington,Aug 21 2021,22495
Washington,Aug 14 2021,21493
Washington,Aug  7 2021,20712
Washington,Jul 31 2021,20086
Washington,Jul 24 2021,19562
Washington,Jul 17 2021,19204
Washington,Jul 10 2021,18917
Washington,Jul  3 2021,18656
Washington,Jun 26 2021,18419
Washington,Jun 19 2021,18126
Washington,Jun 12 2021,17866
Washington,Jun  5 2021,17544
Washington,May 29 2021,17157
Washington,May 22 2021,16722
Washington,May 15 2021,16249
Washington,May  8 2021,15783
Washington,May  1 2021,15305
Washington,Apr 24 2021,14764
Washington,Apr 17 2021,14273
Washington,Apr 10 2021,13839
Washington,Apr  3 2021,13489
Washington,Mar 27 2021,13144
Washington,Mar 20 2021,12893
Washington,Mar 13 2021,12603
Washington,Mar  6 2021,12329
Washington,Feb 27 2021,12058
Washington,Feb 20 2021,11746
Washington,Feb 13 2021,11369
Washington,Feb  6 2021,10988
Washington,Jan 30 2021,10488
Washington,Jan 23 2021,9917
Washington,Jan 16 2021,9284
Washington,Jan  9 2021,8626
Washington,Jan  2 2021,7916
Washington,Dec 26 2020,7209
Washington,Dec 19 2020,6457
Washington,Dec 12 2020,5746
Washington,Dec  5 2020,5044
Washington,Nov 28 2020,4350
Washington,Nov 21 2020,3663
Washington,Nov 14 2020,3070
Washington,Nov  7 2020,2650
Washington,Oct 31 2020,2378
Washington,Oct 24 2020,2127
Washington,Oct 17 2020,1940
Washington,Oct 10 2020,1736
Washington,Oct  3 2020,1564
Washington,Sep 26 2020,1423
Washington,Sep 19 2020,1255
Washington,Sep 12 2020,1053
Washington,Sep  5 2020,901
Washington,Aug 29 2020,708
Washington,Aug 22 2020,564
Washington,Aug 15 2020,402
Washington,Aug  8 2020,215
Washington,Aug  1 2020,N/A
Washington,Jul 25 2020,N/A
Washington,Jul 18 2020,N/A
Washington,Jul 11 2020,N/A
Washington,Jul  4 2020,N/A
Washington,Jun 27 2020,N/A
Washington,Jun 20 2020,N/A
Washington,Jun 13 2020,N/A
Washington,Jun  6 2020,N/A
Washington,May 30 2020,N/A
Washington,May 23 2020,N/A
Washington,May 16 2020,N/A
Washington,May  9 2020,N/A
Washington,May  2 2020,N/A
Washington,Apr 25 2020,N/A
Washington,Apr 18 2020,N/A
Washington,Apr 11 2020,N/A
Washington,Apr  4 2020,N/A
Washington,Mar 28 2020,N/A
Washington,Mar 21 2020,N/A
Washington,Mar 14 2020,N/A
Washington,Mar  7 2020,N/A
Washington,Feb 29 2020,N/A
Washington,Feb 22 2020,N/A
Washington,Feb 15 2020,N/A
Washington,Feb  8 2020,N/A
Washington,Feb  1 2020,N/A
Washington,Jan 25 2020,N/A
Washington,Jan 18 2020,N/A
Washington,Jan 11 2020,N/A
