﻿Data Table for Cumulative COVID-19 Hospitalizations - West Virginia
Date generated: Thu Mar 21 2024 17:52:58 GMT-0500 (Central Daylight Time)
Geography,Date,Cumulative COVID-19 Hospitalizations
West Virginia,Mar  9 2024,47346
West Virginia,Mar  2 2024,47247
West Virginia,Feb 24 2024,47138
West Virginia,Feb 17 2024,47030
West Virginia,Feb 10 2024,46930
West Virginia,Feb  3 2024,46829
West Virginia,Jan 27 2024,46710
West Virginia,Jan 20 2024,46558
West Virginia,Jan 13 2024,46368
West Virginia,Jan  6 2024,46103
West Virginia,Dec 30 2023,45757
West Virginia,Dec 23 2023,45416
West Virginia,Dec 16 2023,45124
West Virginia,Dec  9 2023,44870
West Virginia,Dec  2 2023,44593
West Virginia,Nov 25 2023,44283
West Virginia,Nov 18 2023,44010
West Virginia,Nov 11 2023,43808
West Virginia,Nov  4 2023,43621
West Virginia,Oct 28 2023,43477
West Virginia,Oct 21 2023,43313
West Virginia,Oct 14 2023,43171
West Virginia,Oct  7 2023,43043
West Virginia,Sep 30 2023,42875
West Virginia,Sep 23 2023,42703
West Virginia,Sep 16 2023,42531
West Virginia,Sep  9 2023,42387
West Virginia,Sep  2 2023,42241
West Virginia,Aug 26 2023,42117
West Virginia,Aug 19 2023,42030
West Virginia,Aug 12 2023,41946
West Virginia,Aug  5 2023,41892
West Virginia,Jul 29 2023,41840
West Virginia,Jul 22 2023,41809
West Virginia,Jul 15 2023,41778
West Virginia,Jul  8 2023,41759
West Virginia,Jul  1 2023,41737
West Virginia,Jun 24 2023,41712
West Virginia,Jun 17 2023,41684
West Virginia,Jun 10 2023,41656
West Virginia,Jun  3 2023,41636
West Virginia,May 27 2023,41603
West Virginia,May 20 2023,41568
West Virginia,May 13 2023,41536
West Virginia,May  6 2023,41501
West Virginia,Apr 29 2023,41446
West Virginia,Apr 22 2023,41402
West Virginia,Apr 15 2023,41343
West Virginia,Apr  8 2023,41257
West Virginia,Apr  1 2023,41157
West Virginia,Mar 25 2023,41044
West Virginia,Mar 18 2023,40919
West Virginia,Mar 11 2023,40783
West Virginia,Mar  4 2023,40635
West Virginia,Feb 25 2023,40440
West Virginia,Feb 18 2023,40246
West Virginia,Feb 11 2023,40062
West Virginia,Feb  4 2023,39865
West Virginia,Jan 28 2023,39642
West Virginia,Jan 21 2023,39442
West Virginia,Jan 14 2023,39207
West Virginia,Jan  7 2023,38935
West Virginia,Dec 31 2022,38623
West Virginia,Dec 24 2022,38275
West Virginia,Dec 17 2022,38014
West Virginia,Dec 10 2022,37823
West Virginia,Dec  3 2022,37657
West Virginia,Nov 26 2022,37494
West Virginia,Nov 19 2022,37369
West Virginia,Nov 12 2022,37254
West Virginia,Nov  5 2022,37118
West Virginia,Oct 29 2022,36954
West Virginia,Oct 22 2022,36806
West Virginia,Oct 15 2022,36642
West Virginia,Oct  8 2022,36485
West Virginia,Oct  1 2022,36289
West Virginia,Sep 24 2022,36093
West Virginia,Sep 17 2022,35844
West Virginia,Sep 10 2022,35527
West Virginia,Sep  3 2022,35210
West Virginia,Aug 27 2022,34901
West Virginia,Aug 20 2022,34559
West Virginia,Aug 13 2022,34193
West Virginia,Aug  6 2022,33817
West Virginia,Jul 30 2022,33431
West Virginia,Jul 23 2022,33051
West Virginia,Jul 16 2022,32683
West Virginia,Jul  9 2022,32359
West Virginia,Jul  2 2022,32072
West Virginia,Jun 25 2022,31824
West Virginia,Jun 18 2022,31609
West Virginia,Jun 11 2022,31420
West Virginia,Jun  4 2022,31180
West Virginia,May 28 2022,30966
West Virginia,May 21 2022,30785
West Virginia,May 14 2022,30619
West Virginia,May  7 2022,30478
West Virginia,Apr 30 2022,30363
West Virginia,Apr 23 2022,30262
West Virginia,Apr 16 2022,30190
West Virginia,Apr  9 2022,30113
West Virginia,Apr  2 2022,30043
West Virginia,Mar 26 2022,29938
West Virginia,Mar 19 2022,29808
West Virginia,Mar 12 2022,29667
West Virginia,Mar  5 2022,29453
West Virginia,Feb 26 2022,29124
West Virginia,Feb 19 2022,28675
West Virginia,Feb 12 2022,28139
West Virginia,Feb  5 2022,27438
West Virginia,Jan 29 2022,26597
West Virginia,Jan 22 2022,25632
West Virginia,Jan 15 2022,24779
West Virginia,Jan  8 2022,24004
West Virginia,Jan  1 2022,23347
West Virginia,Dec 25 2021,22759
West Virginia,Dec 18 2021,22327
West Virginia,Dec 11 2021,21880
West Virginia,Dec  4 2021,21356
West Virginia,Nov 27 2021,20928
West Virginia,Nov 20 2021,20546
West Virginia,Nov 13 2021,20162
West Virginia,Nov  6 2021,19792
West Virginia,Oct 30 2021,19424
West Virginia,Oct 23 2021,18996
West Virginia,Oct 16 2021,18547
West Virginia,Oct  9 2021,18010
West Virginia,Oct  2 2021,17396
West Virginia,Sep 25 2021,16714
West Virginia,Sep 18 2021,15965
West Virginia,Sep 11 2021,15213
West Virginia,Sep  4 2021,14564
West Virginia,Aug 28 2021,13904
West Virginia,Aug 21 2021,13348
West Virginia,Aug 14 2021,12914
West Virginia,Aug  7 2021,12614
West Virginia,Jul 31 2021,12380
West Virginia,Jul 24 2021,12235
West Virginia,Jul 17 2021,12154
West Virginia,Jul 10 2021,12095
West Virginia,Jul  3 2021,12033
West Virginia,Jun 26 2021,11983
West Virginia,Jun 19 2021,11916
West Virginia,Jun 12 2021,11826
West Virginia,Jun  5 2021,11713
West Virginia,May 29 2021,11579
West Virginia,May 22 2021,11407
West Virginia,May 15 2021,11200
West Virginia,May  8 2021,10988
West Virginia,May  1 2021,10747
West Virginia,Apr 24 2021,10526
West Virginia,Apr 17 2021,10291
West Virginia,Apr 10 2021,10083
West Virginia,Apr  3 2021,9830
West Virginia,Mar 27 2021,9612
West Virginia,Mar 20 2021,9448
West Virginia,Mar 13 2021,9301
West Virginia,Mar  6 2021,9164
West Virginia,Feb 27 2021,9037
West Virginia,Feb 20 2021,8849
West Virginia,Feb 13 2021,8611
West Virginia,Feb  6 2021,8355
West Virginia,Jan 30 2021,7992
West Virginia,Jan 23 2021,7601
West Virginia,Jan 16 2021,7105
West Virginia,Jan  9 2021,6555
West Virginia,Jan  2 2021,5925
West Virginia,Dec 26 2020,5248
West Virginia,Dec 19 2020,4646
West Virginia,Dec 12 2020,4080
West Virginia,Dec  5 2020,3513
West Virginia,Nov 28 2020,3009
West Virginia,Nov 21 2020,2529
West Virginia,Nov 14 2020,2156
West Virginia,Nov  7 2020,1848
West Virginia,Oct 31 2020,1596
West Virginia,Oct 24 2020,1394
West Virginia,Oct 17 2020,1196
West Virginia,Oct 10 2020,1036
West Virginia,Oct  3 2020,927
West Virginia,Sep 26 2020,809
West Virginia,Sep 19 2020,693
West Virginia,Sep 12 2020,572
West Virginia,Sep  5 2020,482
West Virginia,Aug 29 2020,386
West Virginia,Aug 22 2020,272
West Virginia,Aug 15 2020,179
West Virginia,Aug  8 2020,105
West Virginia,Aug  1 2020,N/A
West Virginia,Jul 25 2020,N/A
West Virginia,Jul 18 2020,N/A
West Virginia,Jul 11 2020,N/A
West Virginia,Jul  4 2020,N/A
West Virginia,Jun 27 2020,N/A
West Virginia,Jun 20 2020,N/A
West Virginia,Jun 13 2020,N/A
West Virginia,Jun  6 2020,N/A
West Virginia,May 30 2020,N/A
West Virginia,May 23 2020,N/A
West Virginia,May 16 2020,N/A
West Virginia,May  9 2020,N/A
West Virginia,May  2 2020,N/A
West Virginia,Apr 25 2020,N/A
West Virginia,Apr 18 2020,N/A
West Virginia,Apr 11 2020,N/A
West Virginia,Apr  4 2020,N/A
West Virginia,Mar 28 2020,N/A
West Virginia,Mar 21 2020,N/A
West Virginia,Mar 14 2020,N/A
West Virginia,Mar  7 2020,N/A
West Virginia,Feb 29 2020,N/A
West Virginia,Feb 22 2020,N/A
West Virginia,Feb 15 2020,N/A
West Virginia,Feb  8 2020,N/A
West Virginia,Feb  1 2020,N/A
West Virginia,Jan 25 2020,N/A
West Virginia,Jan 18 2020,N/A
West Virginia,Jan 11 2020,N/A
