﻿Data Table for Cumulative COVID-19 Hospitalizations - Wisconsin
Date generated: Thu Mar 21 2024 17:53:03 GMT-0500 (Central Daylight Time)
Geography,Date,Cumulative COVID-19 Hospitalizations
Wisconsin,Mar  9 2024,137104
Wisconsin,Mar  2 2024,136898
Wisconsin,Feb 24 2024,136672
Wisconsin,Feb 17 2024,136373
Wisconsin,Feb 10 2024,136053
Wisconsin,Feb  3 2024,135710
Wisconsin,Jan 27 2024,135387
Wisconsin,Jan 20 2024,135072
Wisconsin,Jan 13 2024,134672
Wisconsin,Jan  6 2024,134141
Wisconsin,Dec 30 2023,133422
Wisconsin,Dec 23 2023,132680
Wisconsin,Dec 16 2023,132058
Wisconsin,Dec  9 2023,131499
Wisconsin,Dec  2 2023,130946
Wisconsin,Nov 25 2023,130364
Wisconsin,Nov 18 2023,129888
Wisconsin,Nov 11 2023,129413
Wisconsin,Nov  4 2023,129007
Wisconsin,Oct 28 2023,128677
Wisconsin,Oct 21 2023,128287
Wisconsin,Oct 14 2023,127947
Wisconsin,Oct  7 2023,127663
Wisconsin,Sep 30 2023,127317
Wisconsin,Sep 23 2023,126988
Wisconsin,Sep 16 2023,126662
Wisconsin,Sep  9 2023,126412
Wisconsin,Sep  2 2023,126219
Wisconsin,Aug 26 2023,126016
Wisconsin,Aug 19 2023,125820
Wisconsin,Aug 12 2023,125664
Wisconsin,Aug  5 2023,125522
Wisconsin,Jul 29 2023,125415
Wisconsin,Jul 22 2023,125339
Wisconsin,Jul 15 2023,125262
Wisconsin,Jul  8 2023,125196
Wisconsin,Jul  1 2023,125133
Wisconsin,Jun 24 2023,125081
Wisconsin,Jun 17 2023,124995
Wisconsin,Jun 10 2023,124915
Wisconsin,Jun  3 2023,124796
Wisconsin,May 27 2023,124672
Wisconsin,May 20 2023,124543
Wisconsin,May 13 2023,124378
Wisconsin,May  6 2023,124192
Wisconsin,Apr 29 2023,123998
Wisconsin,Apr 22 2023,123759
Wisconsin,Apr 15 2023,123466
Wisconsin,Apr  8 2023,123105
Wisconsin,Apr  1 2023,122732
Wisconsin,Mar 25 2023,122346
Wisconsin,Mar 18 2023,121970
Wisconsin,Mar 11 2023,121565
Wisconsin,Mar  4 2023,121188
Wisconsin,Feb 25 2023,120771
Wisconsin,Feb 18 2023,120294
Wisconsin,Feb 11 2023,119798
Wisconsin,Feb  4 2023,119320
Wisconsin,Jan 28 2023,118841
Wisconsin,Jan 21 2023,118353
Wisconsin,Jan 14 2023,117828
Wisconsin,Jan  7 2023,117327
Wisconsin,Dec 31 2022,116743
Wisconsin,Dec 24 2022,116097
Wisconsin,Dec 17 2022,115473
Wisconsin,Dec 10 2022,114839
Wisconsin,Dec  3 2022,114255
Wisconsin,Nov 26 2022,113673
Wisconsin,Nov 19 2022,113229
Wisconsin,Nov 12 2022,112784
Wisconsin,Nov  5 2022,112282
Wisconsin,Oct 29 2022,111694
Wisconsin,Oct 22 2022,111116
Wisconsin,Oct 15 2022,110604
Wisconsin,Oct  8 2022,110071
Wisconsin,Oct  1 2022,109555
Wisconsin,Sep 24 2022,109098
Wisconsin,Sep 17 2022,108600
Wisconsin,Sep 10 2022,108093
Wisconsin,Sep  3 2022,107572
Wisconsin,Aug 27 2022,107002
Wisconsin,Aug 20 2022,106415
Wisconsin,Aug 13 2022,105850
Wisconsin,Aug  6 2022,105176
Wisconsin,Jul 30 2022,104519
Wisconsin,Jul 23 2022,103909
Wisconsin,Jul 16 2022,103300
Wisconsin,Jul  9 2022,102748
Wisconsin,Jul  2 2022,102246
Wisconsin,Jun 25 2022,101814
Wisconsin,Jun 18 2022,101335
Wisconsin,Jun 11 2022,100874
Wisconsin,Jun  4 2022,100390
Wisconsin,May 28 2022,99928
Wisconsin,May 21 2022,99462
Wisconsin,May 14 2022,98994
Wisconsin,May  7 2022,98513
Wisconsin,Apr 30 2022,98155
Wisconsin,Apr 23 2022,97828
Wisconsin,Apr 16 2022,97607
Wisconsin,Apr  9 2022,97429
Wisconsin,Apr  2 2022,97275
Wisconsin,Mar 26 2022,97116
Wisconsin,Mar 19 2022,96897
Wisconsin,Mar 12 2022,96640
Wisconsin,Mar  5 2022,96381
Wisconsin,Feb 26 2022,95947
Wisconsin,Feb 19 2022,95348
Wisconsin,Feb 12 2022,94569
Wisconsin,Feb  5 2022,93450
Wisconsin,Jan 29 2022,91950
Wisconsin,Jan 22 2022,90037
Wisconsin,Jan 15 2022,87723
Wisconsin,Jan  8 2022,85063
Wisconsin,Jan  1 2022,82625
Wisconsin,Dec 25 2021,80726
Wisconsin,Dec 18 2021,78910
Wisconsin,Dec 11 2021,76909
Wisconsin,Dec  4 2021,74813
Wisconsin,Nov 27 2021,73008
Wisconsin,Nov 20 2021,71357
Wisconsin,Nov 13 2021,69866
Wisconsin,Nov  6 2021,68557
Wisconsin,Oct 30 2021,67449
Wisconsin,Oct 23 2021,66476
Wisconsin,Oct 16 2021,65308
Wisconsin,Oct  9 2021,63993
Wisconsin,Oct  2 2021,62584
Wisconsin,Sep 25 2021,61188
Wisconsin,Sep 18 2021,59661
Wisconsin,Sep 11 2021,58166
Wisconsin,Sep  4 2021,56711
Wisconsin,Aug 28 2021,55350
Wisconsin,Aug 21 2021,54250
Wisconsin,Aug 14 2021,53095
Wisconsin,Aug  7 2021,52191
Wisconsin,Jul 31 2021,51593
Wisconsin,Jul 24 2021,51248
Wisconsin,Jul 17 2021,50991
Wisconsin,Jul 10 2021,50834
Wisconsin,Jul  3 2021,50726
Wisconsin,Jun 26 2021,50618
Wisconsin,Jun 19 2021,50498
Wisconsin,Jun 12 2021,50353
Wisconsin,Jun  5 2021,50140
Wisconsin,May 29 2021,49873
Wisconsin,May 22 2021,49497
Wisconsin,May 15 2021,48986
Wisconsin,May  8 2021,48411
Wisconsin,May  1 2021,47833
Wisconsin,Apr 24 2021,47269
Wisconsin,Apr 17 2021,46687
Wisconsin,Apr 10 2021,46100
Wisconsin,Apr  3 2021,45581
Wisconsin,Mar 27 2021,45209
Wisconsin,Mar 20 2021,44866
Wisconsin,Mar 13 2021,44495
Wisconsin,Mar  6 2021,44085
Wisconsin,Feb 27 2021,43660
Wisconsin,Feb 20 2021,43198
Wisconsin,Feb 13 2021,42601
Wisconsin,Feb  6 2021,41935
Wisconsin,Jan 30 2021,41025
Wisconsin,Jan 23 2021,39924
Wisconsin,Jan 16 2021,38658
Wisconsin,Jan  9 2021,37096
Wisconsin,Jan  2 2021,35405
Wisconsin,Dec 26 2020,33857
Wisconsin,Dec 19 2020,32182
Wisconsin,Dec 12 2020,29939
Wisconsin,Dec  5 2020,27572
Wisconsin,Nov 28 2020,24924
Wisconsin,Nov 21 2020,22047
Wisconsin,Nov 14 2020,18745
Wisconsin,Nov  7 2020,15413
Wisconsin,Oct 31 2020,12619
Wisconsin,Oct 24 2020,10223
Wisconsin,Oct 17 2020,8100
Wisconsin,Oct 10 2020,6332
Wisconsin,Oct  3 2020,5099
Wisconsin,Sep 26 2020,4072
Wisconsin,Sep 19 2020,3395
Wisconsin,Sep 12 2020,2810
Wisconsin,Sep  5 2020,2314
Wisconsin,Aug 29 2020,1919
Wisconsin,Aug 22 2020,1492
Wisconsin,Aug 15 2020,1049
Wisconsin,Aug  8 2020,566
Wisconsin,Aug  1 2020,N/A
Wisconsin,Jul 25 2020,N/A
Wisconsin,Jul 18 2020,N/A
Wisconsin,Jul 11 2020,N/A
Wisconsin,Jul  4 2020,N/A
Wisconsin,Jun 27 2020,N/A
Wisconsin,Jun 20 2020,N/A
Wisconsin,Jun 13 2020,N/A
Wisconsin,Jun  6 2020,N/A
Wisconsin,May 30 2020,N/A
Wisconsin,May 23 2020,N/A
Wisconsin,May 16 2020,N/A
Wisconsin,May  9 2020,N/A
Wisconsin,May  2 2020,N/A
Wisconsin,Apr 25 2020,N/A
Wisconsin,Apr 18 2020,N/A
Wisconsin,Apr 11 2020,N/A
Wisconsin,Apr  4 2020,N/A
Wisconsin,Mar 28 2020,N/A
Wisconsin,Mar 21 2020,N/A
Wisconsin,Mar 14 2020,N/A
Wisconsin,Mar  7 2020,N/A
Wisconsin,Feb 29 2020,N/A
Wisconsin,Feb 22 2020,N/A
Wisconsin,Feb 15 2020,N/A
Wisconsin,Feb  8 2020,N/A
Wisconsin,Feb  1 2020,N/A
Wisconsin,Jan 25 2020,N/A
Wisconsin,Jan 18 2020,N/A
Wisconsin,Jan 11 2020,N/A
