﻿Data Table for Cumulative COVID-19 Hospitalizations - Wyoming
Date generated: Thu Mar 21 2024 17:53:09 GMT-0500 (Central Daylight Time)
Geography,Date,Cumulative COVID-19 Hospitalizations
Wyoming,Mar  9 2024,12155
Wyoming,Mar  2 2024,12148
Wyoming,Feb 24 2024,12144
Wyoming,Feb 17 2024,12130
Wyoming,Feb 10 2024,12111
Wyoming,Feb  3 2024,12090
Wyoming,Jan 27 2024,12072
Wyoming,Jan 20 2024,12058
Wyoming,Jan 13 2024,12032
Wyoming,Jan  6 2024,11997
Wyoming,Dec 30 2023,11958
Wyoming,Dec 23 2023,11911
Wyoming,Dec 16 2023,11873
Wyoming,Dec  9 2023,11840
Wyoming,Dec  2 2023,11793
Wyoming,Nov 25 2023,11746
Wyoming,Nov 18 2023,11704
Wyoming,Nov 11 2023,11667
Wyoming,Nov  4 2023,11636
Wyoming,Oct 28 2023,11605
Wyoming,Oct 21 2023,11572
Wyoming,Oct 14 2023,11544
Wyoming,Oct  7 2023,11519
Wyoming,Sep 30 2023,11480
Wyoming,Sep 23 2023,11449
Wyoming,Sep 16 2023,11426
Wyoming,Sep  9 2023,11401
Wyoming,Sep  2 2023,11368
Wyoming,Aug 26 2023,11357
Wyoming,Aug 19 2023,11332
Wyoming,Aug 12 2023,11310
Wyoming,Aug  5 2023,11298
Wyoming,Jul 29 2023,11289
Wyoming,Jul 22 2023,11279
Wyoming,Jul 15 2023,11271
Wyoming,Jul  8 2023,11261
Wyoming,Jul  1 2023,11248
Wyoming,Jun 24 2023,11240
Wyoming,Jun 17 2023,11229
Wyoming,Jun 10 2023,11219
Wyoming,Jun  3 2023,11203
Wyoming,May 27 2023,11185
Wyoming,May 20 2023,11174
Wyoming,May 13 2023,11155
Wyoming,May  6 2023,11144
Wyoming,Apr 29 2023,11131
Wyoming,Apr 22 2023,11119
Wyoming,Apr 15 2023,11103
Wyoming,Apr  8 2023,11095
Wyoming,Apr  1 2023,11082
Wyoming,Mar 25 2023,11067
Wyoming,Mar 18 2023,11039
Wyoming,Mar 11 2023,11023
Wyoming,Mar  4 2023,11002
Wyoming,Feb 25 2023,10984
Wyoming,Feb 18 2023,10951
Wyoming,Feb 11 2023,10925
Wyoming,Feb  4 2023,10902
Wyoming,Jan 28 2023,10885
Wyoming,Jan 21 2023,10870
Wyoming,Jan 14 2023,10846
Wyoming,Jan  7 2023,10818
Wyoming,Dec 31 2022,10795
Wyoming,Dec 24 2022,10769
Wyoming,Dec 17 2022,10735
Wyoming,Dec 10 2022,10706
Wyoming,Dec  3 2022,10663
Wyoming,Nov 26 2022,10598
Wyoming,Nov 19 2022,10553
Wyoming,Nov 12 2022,10506
Wyoming,Nov  5 2022,10476
Wyoming,Oct 29 2022,10425
Wyoming,Oct 22 2022,10398
Wyoming,Oct 15 2022,10358
Wyoming,Oct  8 2022,10326
Wyoming,Oct  1 2022,10293
Wyoming,Sep 24 2022,10246
Wyoming,Sep 17 2022,10209
Wyoming,Sep 10 2022,10173
Wyoming,Sep  3 2022,10153
Wyoming,Aug 27 2022,10120
Wyoming,Aug 20 2022,10089
Wyoming,Aug 13 2022,10033
Wyoming,Aug  6 2022,9969
Wyoming,Jul 30 2022,9902
Wyoming,Jul 23 2022,9832
Wyoming,Jul 16 2022,9763
Wyoming,Jul  9 2022,9698
Wyoming,Jul  2 2022,9634
Wyoming,Jun 25 2022,9574
Wyoming,Jun 18 2022,9516
Wyoming,Jun 11 2022,9468
Wyoming,Jun  4 2022,9435
Wyoming,May 28 2022,9398
Wyoming,May 21 2022,9373
Wyoming,May 14 2022,9354
Wyoming,May  7 2022,9333
Wyoming,Apr 30 2022,9313
Wyoming,Apr 23 2022,9308
Wyoming,Apr 16 2022,9300
Wyoming,Apr  9 2022,9290
Wyoming,Apr  2 2022,9271
Wyoming,Mar 26 2022,9263
Wyoming,Mar 19 2022,9246
Wyoming,Mar 12 2022,9220
Wyoming,Mar  5 2022,9186
Wyoming,Feb 26 2022,9138
Wyoming,Feb 19 2022,9077
Wyoming,Feb 12 2022,8973
Wyoming,Feb  5 2022,8822
Wyoming,Jan 29 2022,8647
Wyoming,Jan 22 2022,8457
Wyoming,Jan 15 2022,8304
Wyoming,Jan  8 2022,8182
Wyoming,Jan  1 2022,8098
Wyoming,Dec 25 2021,8034
Wyoming,Dec 18 2021,7957
Wyoming,Dec 11 2021,7868
Wyoming,Dec  4 2021,7758
Wyoming,Nov 27 2021,7653
Wyoming,Nov 20 2021,7532
Wyoming,Nov 13 2021,7374
Wyoming,Nov  6 2021,7215
Wyoming,Oct 30 2021,7020
Wyoming,Oct 23 2021,6798
Wyoming,Oct 16 2021,6555
Wyoming,Oct  9 2021,6276
Wyoming,Oct  2 2021,6042
Wyoming,Sep 25 2021,5855
Wyoming,Sep 18 2021,5664
Wyoming,Sep 11 2021,5458
Wyoming,Sep  4 2021,5227
Wyoming,Aug 28 2021,5001
Wyoming,Aug 21 2021,4724
Wyoming,Aug 14 2021,4528
Wyoming,Aug  7 2021,4388
Wyoming,Jul 31 2021,4271
Wyoming,Jul 24 2021,4184
Wyoming,Jul 17 2021,4075
Wyoming,Jul 10 2021,3997
Wyoming,Jul  3 2021,3945
Wyoming,Jun 26 2021,3885
Wyoming,Jun 19 2021,3848
Wyoming,Jun 12 2021,3796
Wyoming,Jun  5 2021,3737
Wyoming,May 29 2021,3659
Wyoming,May 22 2021,3596
Wyoming,May 15 2021,3545
Wyoming,May  8 2021,3503
Wyoming,May  1 2021,3461
Wyoming,Apr 24 2021,3423
Wyoming,Apr 17 2021,3384
Wyoming,Apr 10 2021,3340
Wyoming,Apr  3 2021,3304
Wyoming,Mar 27 2021,3272
Wyoming,Mar 20 2021,3244
Wyoming,Mar 13 2021,3225
Wyoming,Mar  6 2021,3207
Wyoming,Feb 27 2021,3186
Wyoming,Feb 20 2021,3153
Wyoming,Feb 13 2021,3121
Wyoming,Feb  6 2021,3049
Wyoming,Jan 30 2021,2987
Wyoming,Jan 23 2021,2914
Wyoming,Jan 16 2021,2831
Wyoming,Jan  9 2021,2715
Wyoming,Jan  2 2021,2600
Wyoming,Dec 26 2020,2466
Wyoming,Dec 19 2020,2312
Wyoming,Dec 12 2020,2129
Wyoming,Dec  5 2020,1942
Wyoming,Nov 28 2020,1729
Wyoming,Nov 21 2020,1515
Wyoming,Nov 14 2020,1285
Wyoming,Nov  7 2020,1088
Wyoming,Oct 31 2020,918
Wyoming,Oct 24 2020,795
Wyoming,Oct 17 2020,651
Wyoming,Oct 10 2020,539
Wyoming,Oct  3 2020,463
Wyoming,Sep 26 2020,384
Wyoming,Sep 19 2020,326
Wyoming,Sep 12 2020,288
Wyoming,Sep  5 2020,240
Wyoming,Aug 29 2020,198
Wyoming,Aug 22 2020,161
Wyoming,Aug 15 2020,124
Wyoming,Aug  8 2020,84
Wyoming,Aug  1 2020,N/A
Wyoming,Jul 25 2020,N/A
Wyoming,Jul 18 2020,N/A
Wyoming,Jul 11 2020,N/A
Wyoming,Jul  4 2020,N/A
Wyoming,Jun 27 2020,N/A
Wyoming,Jun 20 2020,N/A
Wyoming,Jun 13 2020,N/A
Wyoming,Jun  6 2020,N/A
Wyoming,May 30 2020,N/A
Wyoming,May 23 2020,N/A
Wyoming,May 16 2020,N/A
Wyoming,May  9 2020,N/A
Wyoming,May  2 2020,N/A
Wyoming,Apr 25 2020,N/A
Wyoming,Apr 18 2020,N/A
Wyoming,Apr 11 2020,N/A
Wyoming,Apr  4 2020,N/A
Wyoming,Mar 28 2020,N/A
Wyoming,Mar 21 2020,N/A
Wyoming,Mar 14 2020,N/A
Wyoming,Mar  7 2020,N/A
Wyoming,Feb 29 2020,N/A
Wyoming,Feb 22 2020,N/A
Wyoming,Feb 15 2020,N/A
Wyoming,Feb  8 2020,N/A
Wyoming,Feb  1 2020,N/A
Wyoming,Jan 25 2020,N/A
Wyoming,Jan 18 2020,N/A
Wyoming,Jan 11 2020,N/A
